scenario,phi,num_obs,beta_run
Nc=Np,0.0,0,0.750452255508642
Nc=Np,0.0,0,0.7976534165826877
Nc=Np,0.0,0,0.7409986637078798
Nc=Np,0.0,0,0.8035064884724724
Nc=Np,0.0,0,0.8069654775113441
Nc=Np,0.0,0,0.7797210556210984
Nc=Np,0.0,0,0.7582325184120866
Nc=Np,0.0,0,0.78840518998085
Nc=Np,0.0,0,0.7517179560987368
Nc=Np,0.0,0,0.7841938216349083
Nc=Np,0.0,0,0.778628177818125
Nc=Np,0.0,0,0.7860549747664838
Nc=Np,0.0,0,0.7566217934584573
Nc=Np,0.0,0,0.7507764157549814
Nc=Np,0.0,0,0.7821700484195161
Nc=Np,0.0,0,0.7702849201137894
Nc=Np,0.0,0,0.8001339371979685
Nc=Np,0.0,0,0.7541759451999409
Nc=Np,0.0,0,0.7770992345207818
Nc=Np,0.0,0,0.7491325271800914
Nc=Np,0.0,0,0.7733003890611523
Nc=Np,0.0,0,0.7765264698619335
Nc=Np,0.0,0,0.7892993075728172
Nc=Np,0.0,0,0.7574769619277503
Nc=Np,0.0,0,0.7570060125528039
Nc=Np,0.0,0,0.7779402865143418
Nc=Np,0.0,0,0.8001014305280717
Nc=Np,0.0,0,0.7596827251115003
Nc=Np,0.0,0,0.7576510846548741
Nc=Np,0.0,0,0.763489586162333
Nc=Np,0.0,0,0.7635772082832392
Nc=Np,0.0,0,0.7760719717450213
Nc=Np,0.0,0,0.7796208691615287
Nc=Np,0.0,0,0.8108368037669109
Nc=Np,0.0,0,0.7609953620203416
Nc=Np,0.0,0,0.7766736654917021
Nc=Np,0.0,0,0.7739269721791745
Nc=Np,0.0,0,0.8143565262288609
Nc=Np,0.0,0,0.7800585529879647
Nc=Np,0.0,0,0.7946482634807265
Nc=Np,0.0,0,0.8174718829814804
Nc=Np,0.0,0,0.7693060624059692
Nc=Np,0.0,0,0.7372626569719936
Nc=Np,0.0,0,0.7866911617113828
Nc=Np,0.0,0,0.7937752346753131
Nc=Np,0.0,0,0.7463159960684883
Nc=Np,0.0,0,0.7746098564973718
Nc=Np,0.0,0,0.7580997722801827
Nc=Np,0.0,0,0.7757306332661871
Nc=Np,0.0,0,0.813936088651572
Nc=Np,0.0,0,0.7921353764402445
Nc=Np,0.0,0,0.7500439408124865
Nc=Np,0.0,0,0.8268905764865488
Nc=Np,0.0,0,0.779065048018419
Nc=Np,0.0,0,0.7543427271061429
Nc=Np,0.0,0,0.7674046254700351
Nc=Np,0.0,0,0.7960670106345645
Nc=Np,0.0,0,0.7513614207794485
Nc=Np,0.0,0,0.7765856317351302
Nc=Np,0.0,0,0.7414717705893302
Nc=Np,0.0,0,0.7662598782714677
Nc=Np,0.0,0,0.7718015614165246
Nc=Np,0.0,0,0.7754006831659949
Nc=Np,0.0,0,0.7733537768927423
Nc=Np,0.0,0,0.7471978532806411
Nc=Np,0.0,0,0.7715651754384342
Nc=Np,0.0,0,0.8014544577355155
Nc=Np,0.0,0,0.7747458158025897
Nc=Np,0.0,0,0.8093379816155173
Nc=Np,0.0,0,0.7841989836402681
Nc=Np,0.0,0,0.8008369708106832
Nc=Np,0.0,0,0.7811328289921124
Nc=Np,0.0,0,0.7925033440250152
Nc=Np,0.0,0,0.7485025047597296
Nc=Np,0.0,0,0.7735815996853938
Nc=Np,0.0,0,0.7738941370607482
Nc=Np,0.0,0,0.7465367158414067
Nc=Np,0.0,0,0.753236397960497
Nc=Np,0.0,0,0.7842108447687115
Nc=Np,0.0,0,0.7389458162538233
Nc=Np,0.0,0,0.7560246788833432
Nc=Np,0.0,0,0.7627541091963733
Nc=Np,0.0,0,0.7494674454644881
Nc=Np,0.0,0,0.7961282469626295
Nc=Np,0.0,0,0.7671051409696341
Nc=Np,0.0,0,0.7888484716838835
Nc=Np,0.0,0,0.7717242150391127
Nc=Np,0.0,0,0.757901238933369
Nc=Np,0.0,0,0.7640454882881865
Nc=Np,0.0,0,0.7884306067895969
Nc=Np,0.0,0,0.7855827779898655
Nc=Np,0.0,0,0.784850820464078
Nc=Np,0.0,0,0.7972126728484744
Nc=Np,0.0,0,0.7714339168858154
Nc=Np,0.0,0,0.738172258708795
Nc=Np,0.0,0,0.7689201808183327
Nc=Np,0.0,0,0.7414864891534886
Nc=Np,0.0,0,0.7537960415344785
Nc=Np,0.0,0,0.7667565822830954
Nc=Np,0.0,0,0.7858691662870624
Nc=Np,0.0999755859375,1638,0.7333770937291866
Nc=Np,0.0999755859375,1638,0.7220029539788444
Nc=Np,0.0999755859375,1638,0.733875958613686
Nc=Np,0.0999755859375,1638,0.7473519707587439
Nc=Np,0.0999755859375,1638,0.7815767671392716
Nc=Np,0.0999755859375,1638,0.7648550257463282
Nc=Np,0.0999755859375,1638,0.7872806334807448
Nc=Np,0.0999755859375,1638,0.7279199810354932
Nc=Np,0.0999755859375,1638,0.7462381383038965
Nc=Np,0.0999755859375,1638,0.722789178517025
Nc=Np,0.0999755859375,1638,0.7385981115407404
Nc=Np,0.0999755859375,1638,0.7667142013014284
Nc=Np,0.0999755859375,1638,0.7182453936549792
Nc=Np,0.0999755859375,1638,0.7416120060917218
Nc=Np,0.0999755859375,1638,0.742862979011112
Nc=Np,0.0999755859375,1638,0.7264243235287644
Nc=Np,0.0999755859375,1638,0.7483421877023109
Nc=Np,0.0999755859375,1638,0.7427361136767741
Nc=Np,0.0999755859375,1638,0.7799759260040118
Nc=Np,0.0999755859375,1638,0.7431551196679428
Nc=Np,0.0999755859375,1638,0.7596526293176744
Nc=Np,0.0999755859375,1638,0.7466747194481996
Nc=Np,0.0999755859375,1638,0.7471187430773637
Nc=Np,0.0999755859375,1638,0.7279562032606149
Nc=Np,0.0999755859375,1638,0.7733481475629782
Nc=Np,0.0999755859375,1638,0.7687518905426387
Nc=Np,0.0999755859375,1638,0.742952470674674
Nc=Np,0.0999755859375,1638,0.7548930302933411
Nc=Np,0.0999755859375,1638,0.7750800279556082
Nc=Np,0.0999755859375,1638,0.7499047635802054
Nc=Np,0.0999755859375,1638,0.7214757088701158
Nc=Np,0.0999755859375,1638,0.7315833564416275
Nc=Np,0.0999755859375,1638,0.7486944150894244
Nc=Np,0.0999755859375,1638,0.7548701136970998
Nc=Np,0.0999755859375,1638,0.7744622827922699
Nc=Np,0.0999755859375,1638,0.7556886279155549
Nc=Np,0.0999755859375,1638,0.7199773541943214
Nc=Np,0.0999755859375,1638,0.7535274492370101
Nc=Np,0.0999755859375,1638,0.7781449794305976
Nc=Np,0.0999755859375,1638,0.711604499888751
Nc=Np,0.0999755859375,1638,0.757389676309898
Nc=Np,0.0999755859375,1638,0.7524187024388599
Nc=Np,0.0999755859375,1638,0.7511725961435091
Nc=Np,0.0999755859375,1638,0.7683018315181898
Nc=Np,0.0999755859375,1638,0.7241481339302765
Nc=Np,0.0999755859375,1638,0.7348143950964605
Nc=Np,0.0999755859375,1638,0.7349309185186845
Nc=Np,0.0999755859375,1638,0.7730697357664887
Nc=Np,0.0999755859375,1638,0.7543910847726305
Nc=Np,0.0999755859375,1638,0.76076581914013
Nc=Np,0.0999755859375,1638,0.7603978469081205
Nc=Np,0.0999755859375,1638,0.7557269715795805
Nc=Np,0.0999755859375,1638,0.7200000853385095
Nc=Np,0.0999755859375,1638,0.7457083649471354
Nc=Np,0.0999755859375,1638,0.7231381222400746
Nc=Np,0.0999755859375,1638,0.7859311668143769
Nc=Np,0.0999755859375,1638,0.7624043642372373
Nc=Np,0.0999755859375,1638,0.7513136151792675
Nc=Np,0.0999755859375,1638,0.7642439021532864
Nc=Np,0.0999755859375,1638,0.7483850945713101
Nc=Np,0.0999755859375,1638,0.758114329216461
Nc=Np,0.0999755859375,1638,0.7470837646463097
Nc=Np,0.0999755859375,1638,0.7521918326603741
Nc=Np,0.0999755859375,1638,0.7731820119667508
Nc=Np,0.0999755859375,1638,0.7296127620723732
Nc=Np,0.0999755859375,1638,0.7741904430945402
Nc=Np,0.0999755859375,1638,0.7475570514870966
Nc=Np,0.0999755859375,1638,0.7430052754975086
Nc=Np,0.0999755859375,1638,0.7364243180427995
Nc=Np,0.0999755859375,1638,0.7196694250664855
Nc=Np,0.0999755859375,1638,0.7400149780311044
Nc=Np,0.0999755859375,1638,0.7356302276275547
Nc=Np,0.0999755859375,1638,0.7746720186130613
Nc=Np,0.0999755859375,1638,0.7688817437328219
Nc=Np,0.0999755859375,1638,0.7278081089753379
Nc=Np,0.0999755859375,1638,0.7834396232699569
Nc=Np,0.0999755859375,1638,0.7441494412084736
Nc=Np,0.0999755859375,1638,0.7292130512774173
Nc=Np,0.0999755859375,1638,0.7627306214101045
Nc=Np,0.0999755859375,1638,0.7504349544819128
Nc=Np,0.0999755859375,1638,0.7420234273508456
Nc=Np,0.0999755859375,1638,0.7149799910786006
Nc=Np,0.0999755859375,1638,0.7562691357429935
Nc=Np,0.0999755859375,1638,0.7339653816069418
Nc=Np,0.0999755859375,1638,0.7077162748584944
Nc=Np,0.0999755859375,1638,0.7375148935007543
Nc=Np,0.0999755859375,1638,0.7466272686938322
Nc=Np,0.0999755859375,1638,0.730300964126709
Nc=Np,0.0999755859375,1638,0.7514450134007935
Nc=Np,0.0999755859375,1638,0.7761317094350796
Nc=Np,0.0999755859375,1638,0.7333713653938879
Nc=Np,0.0999755859375,1638,0.7455540530381992
Nc=Np,0.0999755859375,1638,0.7576736021960512
Nc=Np,0.0999755859375,1638,0.7659292610620567
Nc=Np,0.0999755859375,1638,0.7590138321652128
Nc=Np,0.0999755859375,1638,0.774347299488214
Nc=Np,0.0999755859375,1638,0.7411238144007498
Nc=Np,0.0999755859375,1638,0.7314388875936454
Nc=Np,0.0999755859375,1638,0.7466799095243253
Nc=Np,0.0999755859375,1638,0.7611291278681475
Nc=Np,0.199951171875,3276,0.7146823066832451
Nc=Np,0.199951171875,3276,0.6986793697001549
Nc=Np,0.199951171875,3276,0.7313658532707151
Nc=Np,0.199951171875,3276,0.7133286911316605
Nc=Np,0.199951171875,3276,0.6908253490761681
Nc=Np,0.199951171875,3276,0.7054256499341881
Nc=Np,0.199951171875,3276,0.7647926829542373
Nc=Np,0.199951171875,3276,0.7036059450606416
Nc=Np,0.199951171875,3276,0.7070406349273785
Nc=Np,0.199951171875,3276,0.691511584823401
Nc=Np,0.199951171875,3276,0.7036527968424369
Nc=Np,0.199951171875,3276,0.7419104481819458
Nc=Np,0.199951171875,3276,0.7407940191288701
Nc=Np,0.199951171875,3276,0.7366818709491249
Nc=Np,0.199951171875,3276,0.7099827104357512
Nc=Np,0.199951171875,3276,0.7195466929044692
Nc=Np,0.199951171875,3276,0.7237859022661145
Nc=Np,0.199951171875,3276,0.7290060969391514
Nc=Np,0.199951171875,3276,0.7202749689581731
Nc=Np,0.199951171875,3276,0.6771949453665731
Nc=Np,0.199951171875,3276,0.7366980405312149
Nc=Np,0.199951171875,3276,0.7175599576387419
Nc=Np,0.199951171875,3276,0.7348760395415249
Nc=Np,0.199951171875,3276,0.7466562194512981
Nc=Np,0.199951171875,3276,0.6944057994013172
Nc=Np,0.199951171875,3276,0.6846766341285665
Nc=Np,0.199951171875,3276,0.7310727680137566
Nc=Np,0.199951171875,3276,0.7282685054742014
Nc=Np,0.199951171875,3276,0.7137346258204748
Nc=Np,0.199951171875,3276,0.7127924741774312
Nc=Np,0.199951171875,3276,0.7118080123963776
Nc=Np,0.199951171875,3276,0.7502645290064816
Nc=Np,0.199951171875,3276,0.7119738912716379
Nc=Np,0.199951171875,3276,0.7192154284627581
Nc=Np,0.199951171875,3276,0.7163313128855464
Nc=Np,0.199951171875,3276,0.7658483699826598
Nc=Np,0.199951171875,3276,0.7307378817165382
Nc=Np,0.199951171875,3276,0.7223870692436778
Nc=Np,0.199951171875,3276,0.7147941374195542
Nc=Np,0.199951171875,3276,0.7091473319723725
Nc=Np,0.199951171875,3276,0.7297346852523439
Nc=Np,0.199951171875,3276,0.7256069476497883
Nc=Np,0.199951171875,3276,0.7245870052755536
Nc=Np,0.199951171875,3276,0.7278331985176513
Nc=Np,0.199951171875,3276,0.7070820061823483
Nc=Np,0.199951171875,3276,0.6999896892616662
Nc=Np,0.199951171875,3276,0.7371435350480445
Nc=Np,0.199951171875,3276,0.7288922526853182
Nc=Np,0.199951171875,3276,0.6937943867398672
Nc=Np,0.199951171875,3276,0.7032740789625808
Nc=Np,0.199951171875,3276,0.7371332955682588
Nc=Np,0.199951171875,3276,0.7175122761035367
Nc=Np,0.199951171875,3276,0.7151326798375177
Nc=Np,0.199951171875,3276,0.7067132803060081
Nc=Np,0.199951171875,3276,0.6780452838855799
Nc=Np,0.199951171875,3276,0.7060833457671747
Nc=Np,0.199951171875,3276,0.712972782922171
Nc=Np,0.199951171875,3276,0.7067053794482056
Nc=Np,0.199951171875,3276,0.7082577737176445
Nc=Np,0.199951171875,3276,0.6755165339220037
Nc=Np,0.199951171875,3276,0.7052881878119499
Nc=Np,0.199951171875,3276,0.7000317634177958
Nc=Np,0.199951171875,3276,0.6915643509224046
Nc=Np,0.199951171875,3276,0.7293953328909359
Nc=Np,0.199951171875,3276,0.728859896089828
Nc=Np,0.199951171875,3276,0.7000451150489002
Nc=Np,0.199951171875,3276,0.7087912372077656
Nc=Np,0.199951171875,3276,0.7188848970735557
Nc=Np,0.199951171875,3276,0.7408702215954653
Nc=Np,0.199951171875,3276,0.6962394244131695
Nc=Np,0.199951171875,3276,0.6954451492441353
Nc=Np,0.199951171875,3276,0.7248267256547811
Nc=Np,0.199951171875,3276,0.7176891356676716
Nc=Np,0.199951171875,3276,0.7505081676400327
Nc=Np,0.199951171875,3276,0.7010897492965218
Nc=Np,0.199951171875,3276,0.7451346598240489
Nc=Np,0.199951171875,3276,0.7525815095472734
Nc=Np,0.199951171875,3276,0.7485059412480687
Nc=Np,0.199951171875,3276,0.7224514853669224
Nc=Np,0.199951171875,3276,0.7243199381727574
Nc=Np,0.199951171875,3276,0.7361412494606819
Nc=Np,0.199951171875,3276,0.7318935839162931
Nc=Np,0.199951171875,3276,0.765608241657148
Nc=Np,0.199951171875,3276,0.7090530170548492
Nc=Np,0.199951171875,3276,0.7038632047543926
Nc=Np,0.199951171875,3276,0.7223816574167004
Nc=Np,0.199951171875,3276,0.7078600256718526
Nc=Np,0.199951171875,3276,0.6849033817293052
Nc=Np,0.199951171875,3276,0.7241399795512551
Nc=Np,0.199951171875,3276,0.7195761073144413
Nc=Np,0.199951171875,3276,0.736524298720306
Nc=Np,0.199951171875,3276,0.6906906420124033
Nc=Np,0.199951171875,3276,0.7232773932729657
Nc=Np,0.199951171875,3276,0.7075799642036154
Nc=Np,0.199951171875,3276,0.7190465988613387
Nc=Np,0.199951171875,3276,0.7225459427974432
Nc=Np,0.199951171875,3276,0.712542503710972
Nc=Np,0.199951171875,3276,0.7455766889133597
Nc=Np,0.199951171875,3276,0.7274981746080793
Nc=Np,0.199951171875,3276,0.7338132714221505
Nc=Np,0.29998779296875,4915,0.6752273860063405
Nc=Np,0.29998779296875,4915,0.698497367764142
Nc=Np,0.29998779296875,4915,0.6739193999153433
Nc=Np,0.29998779296875,4915,0.6707862296576137
Nc=Np,0.29998779296875,4915,0.6883223415834856
Nc=Np,0.29998779296875,4915,0.7024084021042365
Nc=Np,0.29998779296875,4915,0.6602800677338535
Nc=Np,0.29998779296875,4915,0.6968475031717006
Nc=Np,0.29998779296875,4915,0.709399142488221
Nc=Np,0.29998779296875,4915,0.6810627788735073
Nc=Np,0.29998779296875,4915,0.6864189064438262
Nc=Np,0.29998779296875,4915,0.6762302025357195
Nc=Np,0.29998779296875,4915,0.6927585035734024
Nc=Np,0.29998779296875,4915,0.6724233991266463
Nc=Np,0.29998779296875,4915,0.6783042802638335
Nc=Np,0.29998779296875,4915,0.7075241648031998
Nc=Np,0.29998779296875,4915,0.699813671439853
Nc=Np,0.29998779296875,4915,0.7151494135788083
Nc=Np,0.29998779296875,4915,0.725812782705194
Nc=Np,0.29998779296875,4915,0.6580762981073875
Nc=Np,0.29998779296875,4915,0.6971188821165478
Nc=Np,0.29998779296875,4915,0.6805192888752252
Nc=Np,0.29998779296875,4915,0.6825140368776378
Nc=Np,0.29998779296875,4915,0.6502175597280283
Nc=Np,0.29998779296875,4915,0.7080637970974938
Nc=Np,0.29998779296875,4915,0.6727065189988689
Nc=Np,0.29998779296875,4915,0.690759925490053
Nc=Np,0.29998779296875,4915,0.7051838810213404
Nc=Np,0.29998779296875,4915,0.6900804287157638
Nc=Np,0.29998779296875,4915,0.6820955245529484
Nc=Np,0.29998779296875,4915,0.6842668776416708
Nc=Np,0.29998779296875,4915,0.6987337751835846
Nc=Np,0.29998779296875,4915,0.6803117657754121
Nc=Np,0.29998779296875,4915,0.6891675729840469
Nc=Np,0.29998779296875,4915,0.6860547142937579
Nc=Np,0.29998779296875,4915,0.678515560164811
Nc=Np,0.29998779296875,4915,0.6801952038441178
Nc=Np,0.29998779296875,4915,0.6769326405599467
Nc=Np,0.29998779296875,4915,0.7003447333530455
Nc=Np,0.29998779296875,4915,0.6749559045594385
Nc=Np,0.29998779296875,4915,0.6707542818692317
Nc=Np,0.29998779296875,4915,0.6743055115019546
Nc=Np,0.29998779296875,4915,0.684630840242589
Nc=Np,0.29998779296875,4915,0.7046628315509211
Nc=Np,0.29998779296875,4915,0.7033065876180776
Nc=Np,0.29998779296875,4915,0.6683726222292135
Nc=Np,0.29998779296875,4915,0.6822785318337463
Nc=Np,0.29998779296875,4915,0.6786563048111294
Nc=Np,0.29998779296875,4915,0.6680609930232511
Nc=Np,0.29998779296875,4915,0.6688451028332913
Nc=Np,0.29998779296875,4915,0.6923986439351953
Nc=Np,0.29998779296875,4915,0.6769479014378113
Nc=Np,0.29998779296875,4915,0.6880359992274218
Nc=Np,0.29998779296875,4915,0.6513010233825836
Nc=Np,0.29998779296875,4915,0.6882236446859766
Nc=Np,0.29998779296875,4915,0.6961011539233218
Nc=Np,0.29998779296875,4915,0.6880201988617359
Nc=Np,0.29998779296875,4915,0.6898681354868863
Nc=Np,0.29998779296875,4915,0.6745948491380437
Nc=Np,0.29998779296875,4915,0.671093367224228
Nc=Np,0.29998779296875,4915,0.6701436040860321
Nc=Np,0.29998779296875,4915,0.7189367569976443
Nc=Np,0.29998779296875,4915,0.6899931168688899
Nc=Np,0.29998779296875,4915,0.6938035848201096
Nc=Np,0.29998779296875,4915,0.6862440433427844
Nc=Np,0.29998779296875,4915,0.6781326853795029
Nc=Np,0.29998779296875,4915,0.7124605085853176
Nc=Np,0.29998779296875,4915,0.690855003415938
Nc=Np,0.29998779296875,4915,0.6630714176647307
Nc=Np,0.29998779296875,4915,0.6725582999563001
Nc=Np,0.29998779296875,4915,0.6566123637507518
Nc=Np,0.29998779296875,4915,0.6911715085346348
Nc=Np,0.29998779296875,4915,0.6746381714175294
Nc=Np,0.29998779296875,4915,0.7047235198884414
Nc=Np,0.29998779296875,4915,0.6871782051405336
Nc=Np,0.29998779296875,4915,0.6506305517343542
Nc=Np,0.29998779296875,4915,0.6943843313598674
Nc=Np,0.29998779296875,4915,0.6557065273170432
Nc=Np,0.29998779296875,4915,0.6528179953249886
Nc=Np,0.29998779296875,4915,0.6651938925509624
Nc=Np,0.29998779296875,4915,0.6858656328910804
Nc=Np,0.29998779296875,4915,0.6933737746848239
Nc=Np,0.29998779296875,4915,0.6829743098581152
Nc=Np,0.29998779296875,4915,0.6788888762867957
Nc=Np,0.29998779296875,4915,0.6921989690132103
Nc=Np,0.29998779296875,4915,0.6701054341664177
Nc=Np,0.29998779296875,4915,0.6911417753594377
Nc=Np,0.29998779296875,4915,0.6753375108641709
Nc=Np,0.29998779296875,4915,0.672578953715278
Nc=Np,0.29998779296875,4915,0.6876407095218451
Nc=Np,0.29998779296875,4915,0.6885831491716845
Nc=Np,0.29998779296875,4915,0.6885996967163546
Nc=Np,0.29998779296875,4915,0.6948331388176793
Nc=Np,0.29998779296875,4915,0.6843164069344704
Nc=Np,0.29998779296875,4915,0.6633137560831048
Nc=Np,0.29998779296875,4915,0.6834617136735098
Nc=Np,0.29998779296875,4915,0.6769345792984324
Nc=Np,0.29998779296875,4915,0.6987245888195396
Nc=Np,0.29998779296875,4915,0.6910244145625193
Nc=Np,0.29998779296875,4915,0.6882961906791267
Nc=Np,0.39996337890625,6553,0.6910573867970752
Nc=Np,0.39996337890625,6553,0.6848260178788064
Nc=Np,0.39996337890625,6553,0.6419735500666177
Nc=Np,0.39996337890625,6553,0.6619293898632206
Nc=Np,0.39996337890625,6553,0.6397710882251842
Nc=Np,0.39996337890625,6553,0.6773096623439843
Nc=Np,0.39996337890625,6553,0.6324212452731721
Nc=Np,0.39996337890625,6553,0.6195384718180965
Nc=Np,0.39996337890625,6553,0.6904513286273455
Nc=Np,0.39996337890625,6553,0.6436036144431341
Nc=Np,0.39996337890625,6553,0.6607392900660609
Nc=Np,0.39996337890625,6553,0.6578818088334605
Nc=Np,0.39996337890625,6553,0.6649446796174298
Nc=Np,0.39996337890625,6553,0.6286508226364849
Nc=Np,0.39996337890625,6553,0.6753858067077416
Nc=Np,0.39996337890625,6553,0.6607041597925442
Nc=Np,0.39996337890625,6553,0.6295247988174045
Nc=Np,0.39996337890625,6553,0.6365966846340817
Nc=Np,0.39996337890625,6553,0.6528448418541004
Nc=Np,0.39996337890625,6553,0.6604436774803149
Nc=Np,0.39996337890625,6553,0.6379257264240678
Nc=Np,0.39996337890625,6553,0.6635778744675247
Nc=Np,0.39996337890625,6553,0.6379179084756943
Nc=Np,0.39996337890625,6553,0.6697605945459287
Nc=Np,0.39996337890625,6553,0.6520539035046438
Nc=Np,0.39996337890625,6553,0.6383754603465195
Nc=Np,0.39996337890625,6553,0.6548644727045047
Nc=Np,0.39996337890625,6553,0.6571912212502098
Nc=Np,0.39996337890625,6553,0.6378603092677664
Nc=Np,0.39996337890625,6553,0.6592508268059093
Nc=Np,0.39996337890625,6553,0.6677249351336452
Nc=Np,0.39996337890625,6553,0.6658459133122007
Nc=Np,0.39996337890625,6553,0.667499615816516
Nc=Np,0.39996337890625,6553,0.6664778463042241
Nc=Np,0.39996337890625,6553,0.6566191821096611
Nc=Np,0.39996337890625,6553,0.6294731580263431
Nc=Np,0.39996337890625,6553,0.6694758049259888
Nc=Np,0.39996337890625,6553,0.6486902893476466
Nc=Np,0.39996337890625,6553,0.6863832866849453
Nc=Np,0.39996337890625,6553,0.6505255155368592
Nc=Np,0.39996337890625,6553,0.6313195420791687
Nc=Np,0.39996337890625,6553,0.6618557830175255
Nc=Np,0.39996337890625,6553,0.6584415647281421
Nc=Np,0.39996337890625,6553,0.666380849931177
Nc=Np,0.39996337890625,6553,0.6545432721378968
Nc=Np,0.39996337890625,6553,0.6767768063354646
Nc=Np,0.39996337890625,6553,0.6716042864685972
Nc=Np,0.39996337890625,6553,0.6541491525161632
Nc=Np,0.39996337890625,6553,0.6440752706271169
Nc=Np,0.39996337890625,6553,0.6605540176725716
Nc=Np,0.39996337890625,6553,0.629873593646
Nc=Np,0.39996337890625,6553,0.6540334794793962
Nc=Np,0.39996337890625,6553,0.6393607349270667
Nc=Np,0.39996337890625,6553,0.6478659504989245
Nc=Np,0.39996337890625,6553,0.6407000698896191
Nc=Np,0.39996337890625,6553,0.6388308366997777
Nc=Np,0.39996337890625,6553,0.6538393748654147
Nc=Np,0.39996337890625,6553,0.6389727539908683
Nc=Np,0.39996337890625,6553,0.6618082259576876
Nc=Np,0.39996337890625,6553,0.6781692166404475
Nc=Np,0.39996337890625,6553,0.6655598358485888
Nc=Np,0.39996337890625,6553,0.6493294812684676
Nc=Np,0.39996337890625,6553,0.654515068763567
Nc=Np,0.39996337890625,6553,0.6418975787993775
Nc=Np,0.39996337890625,6553,0.7098998082921153
Nc=Np,0.39996337890625,6553,0.6499022429302176
Nc=Np,0.39996337890625,6553,0.6357398846926169
Nc=Np,0.39996337890625,6553,0.6684669938364333
Nc=Np,0.39996337890625,6553,0.6633783553049264
Nc=Np,0.39996337890625,6553,0.660038505065788
Nc=Np,0.39996337890625,6553,0.6528831515466266
Nc=Np,0.39996337890625,6553,0.6775872572049413
Nc=Np,0.39996337890625,6553,0.6726585718648528
Nc=Np,0.39996337890625,6553,0.6839560928264423
Nc=Np,0.39996337890625,6553,0.6395286708557397
Nc=Np,0.39996337890625,6553,0.6382885768575591
Nc=Np,0.39996337890625,6553,0.6424916095959634
Nc=Np,0.39996337890625,6553,0.6374448623986062
Nc=Np,0.39996337890625,6553,0.6562878466292
Nc=Np,0.39996337890625,6553,0.6854382785589379
Nc=Np,0.39996337890625,6553,0.6163061037686924
Nc=Np,0.39996337890625,6553,0.6408168468182633
Nc=Np,0.39996337890625,6553,0.6935096563714167
Nc=Np,0.39996337890625,6553,0.68474586558779
Nc=Np,0.39996337890625,6553,0.6494536859134042
Nc=Np,0.39996337890625,6553,0.6422402448241302
Nc=Np,0.39996337890625,6553,0.6762746597351832
Nc=Np,0.39996337890625,6553,0.6528869348062416
Nc=Np,0.39996337890625,6553,0.630834422990228
Nc=Np,0.39996337890625,6553,0.6432167093001968
Nc=Np,0.39996337890625,6553,0.6391980013152383
Nc=Np,0.39996337890625,6553,0.671634129313376
Nc=Np,0.39996337890625,6553,0.6670201860228545
Nc=Np,0.39996337890625,6553,0.6556664794619081
Nc=Np,0.39996337890625,6553,0.6388197109858854
Nc=Np,0.39996337890625,6553,0.6450204409959687
Nc=Np,0.39996337890625,6553,0.6305625740164059
Nc=Np,0.39996337890625,6553,0.6570094147158912
Nc=Np,0.39996337890625,6553,0.6527164593625212
Nc=Np,0.39996337890625,6553,0.619319025072592
Nc=Np,0.5,8192,0.6180177854829337
Nc=Np,0.5,8192,0.6860583127290355
Nc=Np,0.5,8192,0.6522072240669532
Nc=Np,0.5,8192,0.6289974647072775
Nc=Np,0.5,8192,0.6490262396390799
Nc=Np,0.5,8192,0.6661164065070123
Nc=Np,0.5,8192,0.6373434333052349
Nc=Np,0.5,8192,0.6420824441690746
Nc=Np,0.5,8192,0.6297365575681708
Nc=Np,0.5,8192,0.6163735502750293
Nc=Np,0.5,8192,0.6094310168834713
Nc=Np,0.5,8192,0.626353018438029
Nc=Np,0.5,8192,0.6804587577026283
Nc=Np,0.5,8192,0.6327372116656289
Nc=Np,0.5,8192,0.6301167415970448
Nc=Np,0.5,8192,0.6138539769183059
Nc=Np,0.5,8192,0.6564145792840083
Nc=Np,0.5,8192,0.5936241832141929
Nc=Np,0.5,8192,0.6622561627421354
Nc=Np,0.5,8192,0.6340053871320603
Nc=Np,0.5,8192,0.6601747933083033
Nc=Np,0.5,8192,0.6396476385557726
Nc=Np,0.5,8192,0.6404923971412244
Nc=Np,0.5,8192,0.6362069017662512
Nc=Np,0.5,8192,0.6130506217883063
Nc=Np,0.5,8192,0.6286495523498279
Nc=Np,0.5,8192,0.6202267086989482
Nc=Np,0.5,8192,0.6536008768786813
Nc=Np,0.5,8192,0.6033390140315317
Nc=Np,0.5,8192,0.6528423664568346
Nc=Np,0.5,8192,0.6379645824268427
Nc=Np,0.5,8192,0.624894893244893
Nc=Np,0.5,8192,0.6583070425640045
Nc=Np,0.5,8192,0.6181701766901448
Nc=Np,0.5,8192,0.6544216615397983
Nc=Np,0.5,8192,0.626505442434511
Nc=Np,0.5,8192,0.6010578068282518
Nc=Np,0.5,8192,0.6456455186156453
Nc=Np,0.5,8192,0.6469926225588598
Nc=Np,0.5,8192,0.6170366416143163
Nc=Np,0.5,8192,0.6647954676408625
Nc=Np,0.5,8192,0.6260476018290295
Nc=Np,0.5,8192,0.6068973998427327
Nc=Np,0.5,8192,0.6534002005456623
Nc=Np,0.5,8192,0.6340094684627967
Nc=Np,0.5,8192,0.6290513902289818
Nc=Np,0.5,8192,0.5866275825650007
Nc=Np,0.5,8192,0.6352825090493085
Nc=Np,0.5,8192,0.6345440564694184
Nc=Np,0.5,8192,0.6166572960482503
Nc=Np,0.5,8192,0.641196675867111
Nc=Np,0.5,8192,0.6007611083898624
Nc=Np,0.5,8192,0.6166644007292433
Nc=Np,0.5,8192,0.6102812264180206
Nc=Np,0.5,8192,0.5817571736080636
Nc=Np,0.5,8192,0.6382905283355047
Nc=Np,0.5,8192,0.6441847318858264
Nc=Np,0.5,8192,0.584845574765897
Nc=Np,0.5,8192,0.6556249337171076
Nc=Np,0.5,8192,0.6583695723166502
Nc=Np,0.5,8192,0.6296424857811493
Nc=Np,0.5,8192,0.6194042933867366
Nc=Np,0.5,8192,0.6149660555674512
Nc=Np,0.5,8192,0.5607285387653597
Nc=Np,0.5,8192,0.6549080244616597
Nc=Np,0.5,8192,0.6809940535269968
Nc=Np,0.5,8192,0.6331322079877995
Nc=Np,0.5,8192,0.6155839191057578
Nc=Np,0.5,8192,0.6450044769940552
Nc=Np,0.5,8192,0.6307261272586635
Nc=Np,0.5,8192,0.6383884324334058
Nc=Np,0.5,8192,0.6694321816009242
Nc=Np,0.5,8192,0.604277609433768
Nc=Np,0.5,8192,0.6151934712239969
Nc=Np,0.5,8192,0.6359769708385873
Nc=Np,0.5,8192,0.6159702009496307
Nc=Np,0.5,8192,0.6290847006177858
Nc=Np,0.5,8192,0.6073091886730547
Nc=Np,0.5,8192,0.6488754780731523
Nc=Np,0.5,8192,0.667418080850731
Nc=Np,0.5,8192,0.6694489469980166
Nc=Np,0.5,8192,0.6562498415663922
Nc=Np,0.5,8192,0.6457397764420467
Nc=Np,0.5,8192,0.6516564245947888
Nc=Np,0.5,8192,0.6429569487660434
Nc=Np,0.5,8192,0.5977568470155991
Nc=Np,0.5,8192,0.6439640793105804
Nc=Np,0.5,8192,0.6472538029218814
Nc=Np,0.5,8192,0.6716002518741587
Nc=Np,0.5,8192,0.608104975420632
Nc=Np,0.5,8192,0.6278725567667721
Nc=Np,0.5,8192,0.6222449876457486
Nc=Np,0.5,8192,0.6042143413347125
Nc=Np,0.5,8192,0.6396726283478729
Nc=Np,0.5,8192,0.6216582550715941
Nc=Np,0.5,8192,0.6082879057542188
Nc=Np,0.5,8192,0.6110622757513625
Nc=Np,0.5,8192,0.6375046926213649
Nc=Np,0.5,8192,0.6252183785730904
Nc=Np,0.5,8192,0.6123652821277742
Nc=Np,0.5999755859375,9830,0.6245606846333676
Nc=Np,0.5999755859375,9830,0.6062984868923501
Nc=Np,0.5999755859375,9830,0.616223889511158
Nc=Np,0.5999755859375,9830,0.6397192143610791
Nc=Np,0.5999755859375,9830,0.5804980468573256
Nc=Np,0.5999755859375,9830,0.6114826985610826
Nc=Np,0.5999755859375,9830,0.6754664214127806
Nc=Np,0.5999755859375,9830,0.603877736706565
Nc=Np,0.5999755859375,9830,0.64694188793457
Nc=Np,0.5999755859375,9830,0.6289888733622001
Nc=Np,0.5999755859375,9830,0.5980185944978373
Nc=Np,0.5999755859375,9830,0.6361539279362637
Nc=Np,0.5999755859375,9830,0.6057046829137048
Nc=Np,0.5999755859375,9830,0.6273967474639178
Nc=Np,0.5999755859375,9830,0.6211602599469591
Nc=Np,0.5999755859375,9830,0.574860481299086
Nc=Np,0.5999755859375,9830,0.6236366138680388
Nc=Np,0.5999755859375,9830,0.6102477425546409
Nc=Np,0.5999755859375,9830,0.6279795726200635
Nc=Np,0.5999755859375,9830,0.6333070067513539
Nc=Np,0.5999755859375,9830,0.6820972160117406
Nc=Np,0.5999755859375,9830,0.5968427166813692
Nc=Np,0.5999755859375,9830,0.6485899694676778
Nc=Np,0.5999755859375,9830,0.589894766883831
Nc=Np,0.5999755859375,9830,0.6114441300597362
Nc=Np,0.5999755859375,9830,0.6161511204779493
Nc=Np,0.5999755859375,9830,0.5912772665170514
Nc=Np,0.5999755859375,9830,0.5931890205386803
Nc=Np,0.5999755859375,9830,0.5902041323568464
Nc=Np,0.5999755859375,9830,0.633716572581319
Nc=Np,0.5999755859375,9830,0.6267529369518539
Nc=Np,0.5999755859375,9830,0.6225361979912934
Nc=Np,0.5999755859375,9830,0.6258586830284038
Nc=Np,0.5999755859375,9830,0.6241592490637026
Nc=Np,0.5999755859375,9830,0.6562879305580536
Nc=Np,0.5999755859375,9830,0.600946620684276
Nc=Np,0.5999755859375,9830,0.6364262185050349
Nc=Np,0.5999755859375,9830,0.5866673952033935
Nc=Np,0.5999755859375,9830,0.5986265924886899
Nc=Np,0.5999755859375,9830,0.6453216508110886
Nc=Np,0.5999755859375,9830,0.5920382950380577
Nc=Np,0.5999755859375,9830,0.6084591399094993
Nc=Np,0.5999755859375,9830,0.6201205829703961
Nc=Np,0.5999755859375,9830,0.6104964367737942
Nc=Np,0.5999755859375,9830,0.6390720756539351
Nc=Np,0.5999755859375,9830,0.6082380827801528
Nc=Np,0.5999755859375,9830,0.6179686648409024
Nc=Np,0.5999755859375,9830,0.6221780747147242
Nc=Np,0.5999755859375,9830,0.6373933825312824
Nc=Np,0.5999755859375,9830,0.634800456977403
Nc=Np,0.5999755859375,9830,0.6414807820561573
Nc=Np,0.5999755859375,9830,0.5798198634934477
Nc=Np,0.5999755859375,9830,0.624871140348223
Nc=Np,0.5999755859375,9830,0.6317884707686922
Nc=Np,0.5999755859375,9830,0.6329481022546106
Nc=Np,0.5999755859375,9830,0.6682420199624799
Nc=Np,0.5999755859375,9830,0.6189719747157573
Nc=Np,0.5999755859375,9830,0.6802329931166862
Nc=Np,0.5999755859375,9830,0.6522302222435739
Nc=Np,0.5999755859375,9830,0.5929351481499182
Nc=Np,0.5999755859375,9830,0.5886221956434037
Nc=Np,0.5999755859375,9830,0.6173569650220085
Nc=Np,0.5999755859375,9830,0.6101179002993273
Nc=Np,0.5999755859375,9830,0.6208936833813316
Nc=Np,0.5999755859375,9830,0.567547620653163
Nc=Np,0.5999755859375,9830,0.6287127062863125
Nc=Np,0.5999755859375,9830,0.619521932641838
Nc=Np,0.5999755859375,9830,0.6211985967960943
Nc=Np,0.5999755859375,9830,0.6058606440021727
Nc=Np,0.5999755859375,9830,0.5789360415827712
Nc=Np,0.5999755859375,9830,0.6341214347807466
Nc=Np,0.5999755859375,9830,0.6113473668931824
Nc=Np,0.5999755859375,9830,0.6459562231949604
Nc=Np,0.5999755859375,9830,0.6049164338901382
Nc=Np,0.5999755859375,9830,0.6438121669368723
Nc=Np,0.5999755859375,9830,0.5728534898406341
Nc=Np,0.5999755859375,9830,0.6632712913210767
Nc=Np,0.5999755859375,9830,0.6206558067438047
Nc=Np,0.5999755859375,9830,0.6271947664127973
Nc=Np,0.5999755859375,9830,0.6464880170285475
Nc=Np,0.5999755859375,9830,0.6294781981117273
Nc=Np,0.5999755859375,9830,0.6404803527256939
Nc=Np,0.5999755859375,9830,0.6215978591025679
Nc=Np,0.5999755859375,9830,0.6532491958765956
Nc=Np,0.5999755859375,9830,0.652346065172491
Nc=Np,0.5999755859375,9830,0.6164259781191381
Nc=Np,0.5999755859375,9830,0.6439278282201772
Nc=Np,0.5999755859375,9830,0.5828328828995617
Nc=Np,0.5999755859375,9830,0.6058719663888099
Nc=Np,0.5999755859375,9830,0.6847417288402823
Nc=Np,0.5999755859375,9830,0.6303969208695046
Nc=Np,0.5999755859375,9830,0.6541321136968152
Nc=Np,0.5999755859375,9830,0.5804574652334672
Nc=Np,0.5999755859375,9830,0.6173938902780675
Nc=Np,0.5999755859375,9830,0.635202230200692
Nc=Np,0.5999755859375,9830,0.6429993852080438
Nc=Np,0.5999755859375,9830,0.653714971455236
Nc=Np,0.5999755859375,9830,0.6311720741265776
Nc=Np,0.5999755859375,9830,0.6339052648034357
Nc=Np,0.5999755859375,9830,0.6695294729460322
Nc=Np,0.699951171875,11468,0.5729003764415671
Nc=Np,0.699951171875,11468,0.6203673066125214
Nc=Np,0.699951171875,11468,0.5975396471289558
Nc=Np,0.699951171875,11468,0.609792462204585
Nc=Np,0.699951171875,11468,0.6283261949576701
Nc=Np,0.699951171875,11468,0.6139403465241551
Nc=Np,0.699951171875,11468,0.6501799405344172
Nc=Np,0.699951171875,11468,0.7185271432415606
Nc=Np,0.699951171875,11468,0.6971362739916108
Nc=Np,0.699951171875,11468,0.6388198679503474
Nc=Np,0.699951171875,11468,0.5899255891464086
Nc=Np,0.699951171875,11468,0.6037821257439069
Nc=Np,0.699951171875,11468,0.6037930417545206
Nc=Np,0.699951171875,11468,0.5826391688216124
Nc=Np,0.699951171875,11468,0.5777643732169748
Nc=Np,0.699951171875,11468,0.6131563084427762
Nc=Np,0.699951171875,11468,0.5723834917863219
Nc=Np,0.699951171875,11468,0.7622891281315608
Nc=Np,0.699951171875,11468,0.5753181975968565
Nc=Np,0.699951171875,11468,0.6805667001389399
Nc=Np,0.699951171875,11468,0.6360933485973078
Nc=Np,0.699951171875,11468,0.6655066934708984
Nc=Np,0.699951171875,11468,0.6572708792503923
Nc=Np,0.699951171875,11468,0.6365859745573905
Nc=Np,0.699951171875,11468,0.606518403309795
Nc=Np,0.699951171875,11468,0.5884772555417946
Nc=Np,0.699951171875,11468,0.6659252168562053
Nc=Np,0.699951171875,11468,0.6197984956369524
Nc=Np,0.699951171875,11468,0.5686339987150585
Nc=Np,0.699951171875,11468,0.6185521207047505
Nc=Np,0.699951171875,11468,0.6475007882133882
Nc=Np,0.699951171875,11468,0.6506955373248714
Nc=Np,0.699951171875,11468,0.6282806722268477
Nc=Np,0.699951171875,11468,0.6024066677457744
Nc=Np,0.699951171875,11468,0.6208660947274597
Nc=Np,0.699951171875,11468,0.5897071841054096
Nc=Np,0.699951171875,11468,0.6098032136559495
Nc=Np,0.699951171875,11468,0.5794311138755847
Nc=Np,0.699951171875,11468,0.6313511669974315
Nc=Np,0.699951171875,11468,0.607254424048456
Nc=Np,0.699951171875,11468,0.602739958164789
Nc=Np,0.699951171875,11468,0.633587588236569
Nc=Np,0.699951171875,11468,0.5997571014969588
Nc=Np,0.699951171875,11468,0.6401266412360587
Nc=Np,0.699951171875,11468,0.6392665291264091
Nc=Np,0.699951171875,11468,0.5913337588902696
Nc=Np,0.699951171875,11468,0.5948187619338812
Nc=Np,0.699951171875,11468,0.6310315586753192
Nc=Np,0.699951171875,11468,0.6243708588499981
Nc=Np,0.699951171875,11468,0.6805973895207487
Nc=Np,0.699951171875,11468,0.6153910985225094
Nc=Np,0.699951171875,11468,0.6059822386448523
Nc=Np,0.699951171875,11468,0.6783607014158163
Nc=Np,0.699951171875,11468,0.619662346160103
Nc=Np,0.699951171875,11468,0.618446435529856
Nc=Np,0.699951171875,11468,0.5986501822539709
Nc=Np,0.699951171875,11468,0.5944203379057922
Nc=Np,0.699951171875,11468,0.5779002317466604
Nc=Np,0.699951171875,11468,0.623118508089665
Nc=Np,0.699951171875,11468,0.6777901447986312
Nc=Np,0.699951171875,11468,0.5338276626603081
Nc=Np,0.699951171875,11468,0.5493313961921661
Nc=Np,0.699951171875,11468,0.6819989886643554
Nc=Np,0.699951171875,11468,0.631374826078484
Nc=Np,0.699951171875,11468,0.679543122722384
Nc=Np,0.699951171875,11468,0.7142288345570523
Nc=Np,0.699951171875,11468,0.6762807817225599
Nc=Np,0.699951171875,11468,0.6690381646289844
Nc=Np,0.699951171875,11468,0.6550155227628434
Nc=Np,0.699951171875,11468,0.6556678135646111
Nc=Np,0.699951171875,11468,0.7251278511438489
Nc=Np,0.699951171875,11468,0.5205794868623193
Nc=Np,0.699951171875,11468,0.6625331551754704
Nc=Np,0.699951171875,11468,0.6302337292561486
Nc=Np,0.699951171875,11468,0.5367125147869517
Nc=Np,0.699951171875,11468,0.6202175156111676
Nc=Np,0.699951171875,11468,0.5413742680096756
Nc=Np,0.699951171875,11468,0.5344964186478943
Nc=Np,0.699951171875,11468,0.653223196981336
Nc=Np,0.699951171875,11468,0.6900141135572433
Nc=Np,0.699951171875,11468,0.6207664426997186
Nc=Np,0.699951171875,11468,0.6658407332727339
Nc=Np,0.699951171875,11468,0.6526204606224569
Nc=Np,0.699951171875,11468,0.5575704272994096
Nc=Np,0.699951171875,11468,0.6633645864198804
Nc=Np,0.699951171875,11468,0.6591304373706329
Nc=Np,0.699951171875,11468,0.6486903526423305
Nc=Np,0.699951171875,11468,0.5744324233864149
Nc=Np,0.699951171875,11468,0.6709259293239969
Nc=Np,0.699951171875,11468,0.6157696530981435
Nc=Np,0.699951171875,11468,0.5804025646477793
Nc=Np,0.699951171875,11468,0.584179054805492
Nc=Np,0.699951171875,11468,0.661198552115553
Nc=Np,0.699951171875,11468,0.6594758594469634
Nc=Np,0.699951171875,11468,0.61022410297379
Nc=Np,0.699951171875,11468,0.5689617378110181
Nc=Np,0.699951171875,11468,0.647977695366744
Nc=Np,0.699951171875,11468,0.6038291221440713
Nc=Np,0.699951171875,11468,0.598124834455736
Nc=Np,0.699951171875,11468,0.6676760826112484
Nc=Np,0.79998779296875,13107,0.600428395289678
Nc=Np,0.79998779296875,13107,0.5727049967986905
Nc=Np,0.79998779296875,13107,0.6581545443041356
Nc=Np,0.79998779296875,13107,0.72278585768013
Nc=Np,0.79998779296875,13107,0.669696878672011
Nc=Np,0.79998779296875,13107,0.6362761631799576
Nc=Np,0.79998779296875,13107,0.6237151514513003
Nc=Np,0.79998779296875,13107,0.5856322374753707
Nc=Np,0.79998779296875,13107,0.6361762884318213
Nc=Np,0.79998779296875,13107,0.5616872582884317
Nc=Np,0.79998779296875,13107,0.6234885573151616
Nc=Np,0.79998779296875,13107,0.7292514376241647
Nc=Np,0.79998779296875,13107,0.5907441742652058
Nc=Np,0.79998779296875,13107,0.6261341271869862
Nc=Np,0.79998779296875,13107,0.5996182458960472
Nc=Np,0.79998779296875,13107,0.6550064368046543
Nc=Np,0.79998779296875,13107,0.562717286366457
Nc=Np,0.79998779296875,13107,0.5878648036761508
Nc=Np,0.79998779296875,13107,0.7304765195258373
Nc=Np,0.79998779296875,13107,0.5136974891275763
Nc=Np,0.79998779296875,13107,0.6733392479157574
Nc=Np,0.79998779296875,13107,0.6242259159653549
Nc=Np,0.79998779296875,13107,0.6271204714664259
Nc=Np,0.79998779296875,13107,0.7161693556923371
Nc=Np,0.79998779296875,13107,0.7405443104080555
Nc=Np,0.79998779296875,13107,0.668206330444915
Nc=Np,0.79998779296875,13107,0.5908435088414209
Nc=Np,0.79998779296875,13107,0.6433585428332039
Nc=Np,0.79998779296875,13107,0.6232691174209052
Nc=Np,0.79998779296875,13107,0.7216832469486222
Nc=Np,0.79998779296875,13107,0.5722462592242583
Nc=Np,0.79998779296875,13107,0.5340180311575975
Nc=Np,0.79998779296875,13107,0.5823380851841986
Nc=Np,0.79998779296875,13107,0.6387853776162565
Nc=Np,0.79998779296875,13107,0.5798526506920325
Nc=Np,0.79998779296875,13107,0.5508155806858603
Nc=Np,0.79998779296875,13107,0.5719346314305928
Nc=Np,0.79998779296875,13107,0.607462108545215
Nc=Np,0.79998779296875,13107,0.5881692506534432
Nc=Np,0.79998779296875,13107,0.6546673709314629
Nc=Np,0.79998779296875,13107,0.6581009148606702
Nc=Np,0.79998779296875,13107,0.6625752062836897
Nc=Np,0.79998779296875,13107,0.6496588006627214
Nc=Np,0.79998779296875,13107,0.5940743974454192
Nc=Np,0.79998779296875,13107,0.6180168464609211
Nc=Np,0.79998779296875,13107,0.5968657516421931
Nc=Np,0.79998779296875,13107,0.7667449684790271
Nc=Np,0.79998779296875,13107,0.6793639948323409
Nc=Np,0.79998779296875,13107,0.6339198602844364
Nc=Np,0.79998779296875,13107,0.5330500071336554
Nc=Np,0.79998779296875,13107,0.6801400634538601
Nc=Np,0.79998779296875,13107,0.711332095568752
Nc=Np,0.79998779296875,13107,0.6194658849776598
Nc=Np,0.79998779296875,13107,0.6783508063850018
Nc=Np,0.79998779296875,13107,0.6698131452800311
Nc=Np,0.79998779296875,13107,0.7419318051041064
Nc=Np,0.79998779296875,13107,0.7531302764170581
Nc=Np,0.79998779296875,13107,0.6175937539756076
Nc=Np,0.79998779296875,13107,0.7010502181723341
Nc=Np,0.79998779296875,13107,0.6147576533300263
Nc=Np,0.79998779296875,13107,0.640079399850299
Nc=Np,0.79998779296875,13107,0.5830887446197538
Nc=Np,0.79998779296875,13107,0.6811424490544944
Nc=Np,0.79998779296875,13107,0.64523929753119
Nc=Np,0.79998779296875,13107,0.608955804423628
Nc=Np,0.79998779296875,13107,0.5811027355516337
Nc=Np,0.79998779296875,13107,0.8041042101189338
Nc=Np,0.79998779296875,13107,0.562734642929398
Nc=Np,0.79998779296875,13107,0.575382873553154
Nc=Np,0.79998779296875,13107,0.6425568651436214
Nc=Np,0.79998779296875,13107,0.7194688373655628
Nc=Np,0.79998779296875,13107,0.7114591049200093
Nc=Np,0.79998779296875,13107,0.5750495607687297
Nc=Np,0.79998779296875,13107,0.6322290530776001
Nc=Np,0.79998779296875,13107,0.6412477556203258
Nc=Np,0.79998779296875,13107,0.6981282087782212
Nc=Np,0.79998779296875,13107,0.6680413692212664
Nc=Np,0.79998779296875,13107,0.8041554545588258
Nc=Np,0.79998779296875,13107,0.7464666439009401
Nc=Np,0.79998779296875,13107,0.5070094990459534
Nc=Np,0.79998779296875,13107,0.6678012924475244
Nc=Np,0.79998779296875,13107,0.5491379236231726
Nc=Np,0.79998779296875,13107,0.6688204244882978
Nc=Np,0.79998779296875,13107,0.6461548139041215
Nc=Np,0.79998779296875,13107,0.6779871942309729
Nc=Np,0.79998779296875,13107,0.6328067771739048
Nc=Np,0.79998779296875,13107,0.6045729078920167
Nc=Np,0.79998779296875,13107,0.5785884621768912
Nc=Np,0.79998779296875,13107,0.59607918448486
Nc=Np,0.79998779296875,13107,0.6483000944637419
Nc=Np,0.79998779296875,13107,0.6057556495599755
Nc=Np,0.79998779296875,13107,0.5891337956460397
Nc=Np,0.79998779296875,13107,0.5721461797513521
Nc=Np,0.79998779296875,13107,0.5681013124205535
Nc=Np,0.79998779296875,13107,0.5789067360623155
Nc=Np,0.79998779296875,13107,0.6447634234623052
Nc=Np,0.79998779296875,13107,0.6057367456548286
Nc=Np,0.79998779296875,13107,0.669972737777794
Nc=Np,0.79998779296875,13107,0.606600110386877
Nc=Np,0.79998779296875,13107,0.6572802183289238
Nc=Np,0.89996337890625,14745,0.7182604363600542
Nc=Np,0.89996337890625,14745,0.4716778132582129
Nc=Np,0.89996337890625,14745,0.9169535325895308
Nc=Np,0.89996337890625,14745,0.5446091669883953
Nc=Np,0.89996337890625,14745,0.7075903766844176
Nc=Np,0.89996337890625,14745,0.6364270419456084
Nc=Np,0.89996337890625,14745,0.6990665617917585
Nc=Np,0.89996337890625,14745,0.69148414159277
Nc=Np,0.89996337890625,14745,0.6358924183542537
Nc=Np,0.89996337890625,14745,0.7130470190201638
Nc=Np,0.89996337890625,14745,3.575508658660491
Nc=Np,0.89996337890625,14745,0.6569345170935471
Nc=Np,0.89996337890625,14745,0.8913999904847405
Nc=Np,0.89996337890625,14745,0.6938313497670234
Nc=Np,0.89996337890625,14745,0.6465861117841103
Nc=Np,0.89996337890625,14745,0.5106581480411052
Nc=Np,0.89996337890625,14745,0.6405039032621218
Nc=Np,0.89996337890625,14745,0.9920222183932352
Nc=Np,0.89996337890625,14745,0.7030705907782876
Nc=Np,0.89996337890625,14745,0.7478080032043335
Nc=Np,0.89996337890625,14745,0.6282972543512544
Nc=Np,0.89996337890625,14745,0.6225871021795323
Nc=Np,0.89996337890625,14745,0.726579529589334
Nc=Np,0.89996337890625,14745,0.7471887403163262
Nc=Np,0.89996337890625,14745,3.411015923574075
Nc=Np,0.89996337890625,14745,0.7397128375691818
Nc=Np,0.89996337890625,14745,0.4611107321848092
Nc=Np,0.89996337890625,14745,0.4509004400061001
Nc=Np,0.89996337890625,14745,0.8518119995444215
Nc=Np,0.89996337890625,14745,0.5667395624771993
Nc=Np,0.89996337890625,14745,2.8969985207956355
Nc=Np,0.89996337890625,14745,0.7372374987805649
Nc=Np,0.89996337890625,14745,0.4293586240459879
Nc=Np,0.89996337890625,14745,0.633180566014483
Nc=Np,0.89996337890625,14745,0.5297201682306929
Nc=Np,0.89996337890625,14745,1.1076720951425951
Nc=Np,0.89996337890625,14745,0.6409469593491111
Nc=Np,0.89996337890625,14745,0.6933262411964235
Nc=Np,0.89996337890625,14745,0.6054444356422243
Nc=Np,0.89996337890625,14745,0.6627748596809805
Nc=Np,0.89996337890625,14745,0.5977717786663158
Nc=Np,0.89996337890625,14745,0.559160819955962
Nc=Np,0.89996337890625,14745,0.3400918051968092
Nc=Np,0.89996337890625,14745,0.6577823218292049
Nc=Np,0.89996337890625,14745,0.5174333816350153
Nc=Np,0.89996337890625,14745,0.6201119397040609
Nc=Np,0.89996337890625,14745,0.5176957779326815
Nc=Np,0.89996337890625,14745,0.5501151267805572
Nc=Np,0.89996337890625,14745,0.3589316111099757
Nc=Np,0.89996337890625,14745,0.7366703201287912
Nc=Np,0.89996337890625,14745,0.6234200353137029
Nc=Np,0.89996337890625,14745,0.7519327920415585
Nc=Np,0.89996337890625,14745,0.594060070002087
Nc=Np,0.89996337890625,14745,0.5407162074422519
Nc=Np,0.89996337890625,14745,0.6656955743275441
Nc=Np,0.89996337890625,14745,0.6049625120268152
Nc=Np,0.89996337890625,14745,0.7284361749473278
Nc=Np,0.89996337890625,14745,0.5303018047676343
Nc=Np,0.89996337890625,14745,0.4070182653553714
Nc=Np,0.89996337890625,14745,0.5697435936342985
Nc=Np,0.89996337890625,14745,0.6040071693082766
Nc=Np,0.89996337890625,14745,1.0533720646378928
Nc=Np,0.89996337890625,14745,1.456764001045784
Nc=Np,0.89996337890625,14745,0.5958313731346511
Nc=Np,0.89996337890625,14745,1.087850721102967
Nc=Np,0.89996337890625,14745,0.3882225814167881
Nc=Np,0.89996337890625,14745,0.623607624907289
Nc=Np,0.89996337890625,14745,0.5854758998862433
Nc=Np,0.89996337890625,14745,0.4673360946486027
Nc=Np,0.89996337890625,14745,0.7005977023485014
Nc=Np,0.89996337890625,14745,0.8589468741917184
Nc=Np,0.89996337890625,14745,0.3568026016527251
Nc=Np,0.89996337890625,14745,0.657429824843988
Nc=Np,0.89996337890625,14745,0.5946116942104042
Nc=Np,0.89996337890625,14745,1.0614599229159345
Nc=Np,0.89996337890625,14745,0.5253828631163391
Nc=Np,0.89996337890625,14745,0.5722460627749095
Nc=Np,0.89996337890625,14745,0.6129128240196146
Nc=Np,0.89996337890625,14745,0.5445801642216486
Nc=Np,0.89996337890625,14745,0.5122671297242117
Nc=Np,0.89996337890625,14745,0.5232012835435281
Nc=Np,0.89996337890625,14745,1.0839306741712642
Nc=Np,0.89996337890625,14745,0.423430788880081
Nc=Np,0.89996337890625,14745,0.5360896523970095
Nc=Np,0.89996337890625,14745,0.4629816915744038
Nc=Np,0.89996337890625,14745,3.7731401661550055
Nc=Np,0.89996337890625,14745,0.6584123524048686
Nc=Np,0.89996337890625,14745,0.6718365158864497
Nc=Np,0.89996337890625,14745,0.6948460277393222
Nc=Np,0.89996337890625,14745,0.3677605003994658
Nc=Np,0.89996337890625,14745,0.8779207769912688
Nc=Np,0.89996337890625,14745,0.6395768421881531
Nc=Np,0.89996337890625,14745,0.6309635831379978
Nc=Np,0.89996337890625,14745,0.6347288984490561
Nc=Np,0.89996337890625,14745,0.7344196864141933
Nc=Np,0.89996337890625,14745,0.986931245794964
Nc=Np,0.89996337890625,14745,0.7112722795971356
Nc=Np,0.89996337890625,14745,0.6290250068847145
Nc=Np,0.89996337890625,14745,0.819498694074118
Nc=Np,0.89996337890625,14745,0.5933657153979729
Nc=Np*0.5,0.0,0,0.8237184942338884
Nc=Np*0.5,0.0,0,0.8370107339628282
Nc=Np*0.5,0.0,0,0.832063190814896
Nc=Np*0.5,0.0,0,0.8215193034352274
Nc=Np*0.5,0.0,0,0.8332685670607399
Nc=Np*0.5,0.0,0,0.8095871521903485
Nc=Np*0.5,0.0,0,0.8150819849161363
Nc=Np*0.5,0.0,0,0.8332112855118224
Nc=Np*0.5,0.0,0,0.8174868234920121
Nc=Np*0.5,0.0,0,0.8141260464682792
Nc=Np*0.5,0.0,0,0.838762503755603
Nc=Np*0.5,0.0,0,0.8206061481260083
Nc=Np*0.5,0.0,0,0.8304234179695595
Nc=Np*0.5,0.0,0,0.8425069196052202
Nc=Np*0.5,0.0,0,0.8476968221152202
Nc=Np*0.5,0.0,0,0.8322910071018506
Nc=Np*0.5,0.0,0,0.8228779188849602
Nc=Np*0.5,0.0,0,0.8149383667907042
Nc=Np*0.5,0.0,0,0.8390333276324216
Nc=Np*0.5,0.0,0,0.8429569816421858
Nc=Np*0.5,0.0,0,0.8382835357151098
Nc=Np*0.5,0.0,0,0.8121521047999735
Nc=Np*0.5,0.0,0,0.8276370931453269
Nc=Np*0.5,0.0,0,0.8333622074824382
Nc=Np*0.5,0.0,0,0.8026576215915142
Nc=Np*0.5,0.0,0,0.7980651492977544
Nc=Np*0.5,0.0,0,0.8297202937086087
Nc=Np*0.5,0.0,0,0.8271393334101903
Nc=Np*0.5,0.0,0,0.8369138468928051
Nc=Np*0.5,0.0,0,0.8042500069251064
Nc=Np*0.5,0.0,0,0.8207021589004683
Nc=Np*0.5,0.0,0,0.8246342843483768
Nc=Np*0.5,0.0,0,0.8083049269189153
Nc=Np*0.5,0.0,0,0.8413362637103156
Nc=Np*0.5,0.0,0,0.815749817170164
Nc=Np*0.5,0.0,0,0.8228129359677041
Nc=Np*0.5,0.0,0,0.8411085802073452
Nc=Np*0.5,0.0,0,0.8120539424439174
Nc=Np*0.5,0.0,0,0.8322086209097481
Nc=Np*0.5,0.0,0,0.8001775494182017
Nc=Np*0.5,0.0,0,0.8060380691546325
Nc=Np*0.5,0.0,0,0.8307372226577241
Nc=Np*0.5,0.0,0,0.8194967587171342
Nc=Np*0.5,0.0,0,0.8219564485749777
Nc=Np*0.5,0.0,0,0.8178776788179499
Nc=Np*0.5,0.0,0,0.8197250353560371
Nc=Np*0.5,0.0,0,0.7882653947548693
Nc=Np*0.5,0.0,0,0.8162563099893704
Nc=Np*0.5,0.0,0,0.8005892138396904
Nc=Np*0.5,0.0,0,0.8420301766506538
Nc=Np*0.5,0.0,0,0.8256026644988679
Nc=Np*0.5,0.0,0,0.8136124593055191
Nc=Np*0.5,0.0,0,0.7875016866001836
Nc=Np*0.5,0.0,0,0.8200722324133013
Nc=Np*0.5,0.0,0,0.8465854967519527
Nc=Np*0.5,0.0,0,0.8206575566907461
Nc=Np*0.5,0.0,0,0.8191046038729449
Nc=Np*0.5,0.0,0,0.831246948036191
Nc=Np*0.5,0.0,0,0.8231500154561305
Nc=Np*0.5,0.0,0,0.8401907527569028
Nc=Np*0.5,0.0,0,0.8445896331741358
Nc=Np*0.5,0.0,0,0.8097329139443208
Nc=Np*0.5,0.0,0,0.8127720554102618
Nc=Np*0.5,0.0,0,0.8201524157650129
Nc=Np*0.5,0.0,0,0.8367130215497006
Nc=Np*0.5,0.0,0,0.7962805007260837
Nc=Np*0.5,0.0,0,0.8077609286517575
Nc=Np*0.5,0.0,0,0.822891503481945
Nc=Np*0.5,0.0,0,0.8176958702179264
Nc=Np*0.5,0.0,0,0.8220686501326736
Nc=Np*0.5,0.0,0,0.8036939013024149
Nc=Np*0.5,0.0,0,0.8175655381328079
Nc=Np*0.5,0.0,0,0.7952893470725145
Nc=Np*0.5,0.0,0,0.8266542525935686
Nc=Np*0.5,0.0,0,0.8244847237790478
Nc=Np*0.5,0.0,0,0.7979064648755707
Nc=Np*0.5,0.0,0,0.8352495476071167
Nc=Np*0.5,0.0,0,0.8235014097830056
Nc=Np*0.5,0.0,0,0.8059365051881827
Nc=Np*0.5,0.0,0,0.8166126834309285
Nc=Np*0.5,0.0,0,0.8180650554085799
Nc=Np*0.5,0.0,0,0.8177876224031261
Nc=Np*0.5,0.0,0,0.8159728505697094
Nc=Np*0.5,0.0,0,0.8199977219055662
Nc=Np*0.5,0.0,0,0.8249132126849964
Nc=Np*0.5,0.0,0,0.8369735626827435
Nc=Np*0.5,0.0,0,0.8298682578193656
Nc=Np*0.5,0.0,0,0.8404438603842805
Nc=Np*0.5,0.0,0,0.8176661176698954
Nc=Np*0.5,0.0,0,0.791697996238102
Nc=Np*0.5,0.0,0,0.8132453588121427
Nc=Np*0.5,0.0,0,0.8284732234569461
Nc=Np*0.5,0.0,0,0.838476623464939
Nc=Np*0.5,0.0,0,0.8182409603865127
Nc=Np*0.5,0.0,0,0.8079126621170747
Nc=Np*0.5,0.0,0,0.8192323112786168
Nc=Np*0.5,0.0,0,0.8146978734685542
Nc=Np*0.5,0.0,0,0.8175059803756014
Nc=Np*0.5,0.0,0,0.8151169499340148
Nc=Np*0.5,0.0,0,0.8281319967926974
Nc=Np*0.5,0.0999755859375,1638,0.7976419389592778
Nc=Np*0.5,0.0999755859375,1638,0.7989364389333349
Nc=Np*0.5,0.0999755859375,1638,0.835671017783612
Nc=Np*0.5,0.0999755859375,1638,0.8044639562505449
Nc=Np*0.5,0.0999755859375,1638,0.811039512174597
Nc=Np*0.5,0.0999755859375,1638,0.8009940133457755
Nc=Np*0.5,0.0999755859375,1638,0.8157249408653962
Nc=Np*0.5,0.0999755859375,1638,0.8237025454015726
Nc=Np*0.5,0.0999755859375,1638,0.7779825137679747
Nc=Np*0.5,0.0999755859375,1638,0.8056671698994863
Nc=Np*0.5,0.0999755859375,1638,0.8203389219853033
Nc=Np*0.5,0.0999755859375,1638,0.7829633769624995
Nc=Np*0.5,0.0999755859375,1638,0.8151543841150061
Nc=Np*0.5,0.0999755859375,1638,0.8099041748672775
Nc=Np*0.5,0.0999755859375,1638,0.802685662568006
Nc=Np*0.5,0.0999755859375,1638,0.8327494920313402
Nc=Np*0.5,0.0999755859375,1638,0.8076390518457566
Nc=Np*0.5,0.0999755859375,1638,0.8265092107676796
Nc=Np*0.5,0.0999755859375,1638,0.802347552333699
Nc=Np*0.5,0.0999755859375,1638,0.8212629086508832
Nc=Np*0.5,0.0999755859375,1638,0.799308320568136
Nc=Np*0.5,0.0999755859375,1638,0.8457373343532328
Nc=Np*0.5,0.0999755859375,1638,0.8099323664337219
Nc=Np*0.5,0.0999755859375,1638,0.817853996803892
Nc=Np*0.5,0.0999755859375,1638,0.8061174462578242
Nc=Np*0.5,0.0999755859375,1638,0.842204564304663
Nc=Np*0.5,0.0999755859375,1638,0.8219157664455792
Nc=Np*0.5,0.0999755859375,1638,0.8177297527686406
Nc=Np*0.5,0.0999755859375,1638,0.824741231384398
Nc=Np*0.5,0.0999755859375,1638,0.8369595480529478
Nc=Np*0.5,0.0999755859375,1638,0.8216667006494336
Nc=Np*0.5,0.0999755859375,1638,0.8147476758081189
Nc=Np*0.5,0.0999755859375,1638,0.8185837788273189
Nc=Np*0.5,0.0999755859375,1638,0.8190084140991526
Nc=Np*0.5,0.0999755859375,1638,0.8194270691308727
Nc=Np*0.5,0.0999755859375,1638,0.8229414598891351
Nc=Np*0.5,0.0999755859375,1638,0.8247344108288129
Nc=Np*0.5,0.0999755859375,1638,0.7958514285186797
Nc=Np*0.5,0.0999755859375,1638,0.8091045465585872
Nc=Np*0.5,0.0999755859375,1638,0.8063841180266843
Nc=Np*0.5,0.0999755859375,1638,0.8160106977763446
Nc=Np*0.5,0.0999755859375,1638,0.8205205046844853
Nc=Np*0.5,0.0999755859375,1638,0.8144037542182759
Nc=Np*0.5,0.0999755859375,1638,0.8246242289123618
Nc=Np*0.5,0.0999755859375,1638,0.8228092969079922
Nc=Np*0.5,0.0999755859375,1638,0.8146731282565677
Nc=Np*0.5,0.0999755859375,1638,0.8133904361633902
Nc=Np*0.5,0.0999755859375,1638,0.8205456003371694
Nc=Np*0.5,0.0999755859375,1638,0.7740227277446883
Nc=Np*0.5,0.0999755859375,1638,0.8091153960150106
Nc=Np*0.5,0.0999755859375,1638,0.8021969773329921
Nc=Np*0.5,0.0999755859375,1638,0.8222258280935387
Nc=Np*0.5,0.0999755859375,1638,0.8142624099262586
Nc=Np*0.5,0.0999755859375,1638,0.8003301812498724
Nc=Np*0.5,0.0999755859375,1638,0.8091185335567084
Nc=Np*0.5,0.0999755859375,1638,0.8190991117347661
Nc=Np*0.5,0.0999755859375,1638,0.8062503094360144
Nc=Np*0.5,0.0999755859375,1638,0.8000096266175345
Nc=Np*0.5,0.0999755859375,1638,0.7940439743712528
Nc=Np*0.5,0.0999755859375,1638,0.7949685673734845
Nc=Np*0.5,0.0999755859375,1638,0.8333894187296402
Nc=Np*0.5,0.0999755859375,1638,0.807640370631362
Nc=Np*0.5,0.0999755859375,1638,0.8121378513834652
Nc=Np*0.5,0.0999755859375,1638,0.8065450559054474
Nc=Np*0.5,0.0999755859375,1638,0.81442276780083
Nc=Np*0.5,0.0999755859375,1638,0.799982953917714
Nc=Np*0.5,0.0999755859375,1638,0.7779119517360409
Nc=Np*0.5,0.0999755859375,1638,0.8409110652356458
Nc=Np*0.5,0.0999755859375,1638,0.828799263478542
Nc=Np*0.5,0.0999755859375,1638,0.7986383388836031
Nc=Np*0.5,0.0999755859375,1638,0.8219111763398733
Nc=Np*0.5,0.0999755859375,1638,0.8124312980519027
Nc=Np*0.5,0.0999755859375,1638,0.7880094901284818
Nc=Np*0.5,0.0999755859375,1638,0.8244740294183535
Nc=Np*0.5,0.0999755859375,1638,0.8093721560476751
Nc=Np*0.5,0.0999755859375,1638,0.8262373190276605
Nc=Np*0.5,0.0999755859375,1638,0.8167212180795462
Nc=Np*0.5,0.0999755859375,1638,0.818966696279119
Nc=Np*0.5,0.0999755859375,1638,0.8074877800143864
Nc=Np*0.5,0.0999755859375,1638,0.8218723342910904
Nc=Np*0.5,0.0999755859375,1638,0.8092956924428306
Nc=Np*0.5,0.0999755859375,1638,0.8085077617638454
Nc=Np*0.5,0.0999755859375,1638,0.8193573982064061
Nc=Np*0.5,0.0999755859375,1638,0.8062864865763932
Nc=Np*0.5,0.0999755859375,1638,0.8198554044278055
Nc=Np*0.5,0.0999755859375,1638,0.8065012943444926
Nc=Np*0.5,0.0999755859375,1638,0.830307898034169
Nc=Np*0.5,0.0999755859375,1638,0.7944189418472044
Nc=Np*0.5,0.0999755859375,1638,0.8123428789119215
Nc=Np*0.5,0.0999755859375,1638,0.8198515558448994
Nc=Np*0.5,0.0999755859375,1638,0.7945527660302277
Nc=Np*0.5,0.0999755859375,1638,0.8512131916532281
Nc=Np*0.5,0.0999755859375,1638,0.8047371814184378
Nc=Np*0.5,0.0999755859375,1638,0.8305629317216269
Nc=Np*0.5,0.0999755859375,1638,0.8148961488613653
Nc=Np*0.5,0.0999755859375,1638,0.8120430307876237
Nc=Np*0.5,0.0999755859375,1638,0.7931378330549361
Nc=Np*0.5,0.0999755859375,1638,0.7730768767620938
Nc=Np*0.5,0.0999755859375,1638,0.8335006476669289
Nc=Np*0.5,0.0999755859375,1638,0.7967190901798212
Nc=Np*0.5,0.199951171875,3276,0.7811405692498016
Nc=Np*0.5,0.199951171875,3276,0.782313958044364
Nc=Np*0.5,0.199951171875,3276,0.7973379321309166
Nc=Np*0.5,0.199951171875,3276,0.7993834660620359
Nc=Np*0.5,0.199951171875,3276,0.8142958833713169
Nc=Np*0.5,0.199951171875,3276,0.7877937003475132
Nc=Np*0.5,0.199951171875,3276,0.8070552835338666
Nc=Np*0.5,0.199951171875,3276,0.821552329352404
Nc=Np*0.5,0.199951171875,3276,0.8074724348172386
Nc=Np*0.5,0.199951171875,3276,0.8111653626768668
Nc=Np*0.5,0.199951171875,3276,0.8448802183185383
Nc=Np*0.5,0.199951171875,3276,0.8070456884677123
Nc=Np*0.5,0.199951171875,3276,0.8035170053760874
Nc=Np*0.5,0.199951171875,3276,0.8185193655168684
Nc=Np*0.5,0.199951171875,3276,0.802037502691913
Nc=Np*0.5,0.199951171875,3276,0.8096440722265873
Nc=Np*0.5,0.199951171875,3276,0.804814233451774
Nc=Np*0.5,0.199951171875,3276,0.8132890993983509
Nc=Np*0.5,0.199951171875,3276,0.793956818815712
Nc=Np*0.5,0.199951171875,3276,0.8146358956638142
Nc=Np*0.5,0.199951171875,3276,0.7935656259241657
Nc=Np*0.5,0.199951171875,3276,0.8003930398546351
Nc=Np*0.5,0.199951171875,3276,0.7989107335737883
Nc=Np*0.5,0.199951171875,3276,0.7616108916796572
Nc=Np*0.5,0.199951171875,3276,0.7968916848372034
Nc=Np*0.5,0.199951171875,3276,0.781790807790541
Nc=Np*0.5,0.199951171875,3276,0.7963789536830159
Nc=Np*0.5,0.199951171875,3276,0.7910405220910801
Nc=Np*0.5,0.199951171875,3276,0.7972115943554074
Nc=Np*0.5,0.199951171875,3276,0.8185007644089132
Nc=Np*0.5,0.199951171875,3276,0.7804254944216654
Nc=Np*0.5,0.199951171875,3276,0.8022508992638215
Nc=Np*0.5,0.199951171875,3276,0.7653781040345354
Nc=Np*0.5,0.199951171875,3276,0.7940566916573544
Nc=Np*0.5,0.199951171875,3276,0.8002527224519504
Nc=Np*0.5,0.199951171875,3276,0.8174755736619498
Nc=Np*0.5,0.199951171875,3276,0.7837140912060522
Nc=Np*0.5,0.199951171875,3276,0.8598353276142439
Nc=Np*0.5,0.199951171875,3276,0.8281105450056345
Nc=Np*0.5,0.199951171875,3276,0.820517320115356
Nc=Np*0.5,0.199951171875,3276,0.8046865410475539
Nc=Np*0.5,0.199951171875,3276,0.8244813544936515
Nc=Np*0.5,0.199951171875,3276,0.8018581945967627
Nc=Np*0.5,0.199951171875,3276,0.7972717045334242
Nc=Np*0.5,0.199951171875,3276,0.7852043664217961
Nc=Np*0.5,0.199951171875,3276,0.7980013286196486
Nc=Np*0.5,0.199951171875,3276,0.796712766227408
Nc=Np*0.5,0.199951171875,3276,0.7673806173975625
Nc=Np*0.5,0.199951171875,3276,0.7726803496763229
Nc=Np*0.5,0.199951171875,3276,0.8225366734716085
Nc=Np*0.5,0.199951171875,3276,0.8105528845133416
Nc=Np*0.5,0.199951171875,3276,0.8108583064515678
Nc=Np*0.5,0.199951171875,3276,0.7791643651893287
Nc=Np*0.5,0.199951171875,3276,0.8092184620379747
Nc=Np*0.5,0.199951171875,3276,0.7775249708284033
Nc=Np*0.5,0.199951171875,3276,0.8087535180673923
Nc=Np*0.5,0.199951171875,3276,0.7823186690143118
Nc=Np*0.5,0.199951171875,3276,0.8196404487071103
Nc=Np*0.5,0.199951171875,3276,0.7873205813405111
Nc=Np*0.5,0.199951171875,3276,0.807550491182292
Nc=Np*0.5,0.199951171875,3276,0.7945701248391261
Nc=Np*0.5,0.199951171875,3276,0.8190816604359925
Nc=Np*0.5,0.199951171875,3276,0.7927465652533848
Nc=Np*0.5,0.199951171875,3276,0.7954236777825027
Nc=Np*0.5,0.199951171875,3276,0.8183338479424391
Nc=Np*0.5,0.199951171875,3276,0.7788499341412461
Nc=Np*0.5,0.199951171875,3276,0.7689942335165647
Nc=Np*0.5,0.199951171875,3276,0.7699363269303048
Nc=Np*0.5,0.199951171875,3276,0.8049657774831394
Nc=Np*0.5,0.199951171875,3276,0.793910267411558
Nc=Np*0.5,0.199951171875,3276,0.8269959048766388
Nc=Np*0.5,0.199951171875,3276,0.7955514160763495
Nc=Np*0.5,0.199951171875,3276,0.7602724889752683
Nc=Np*0.5,0.199951171875,3276,0.7966468739132438
Nc=Np*0.5,0.199951171875,3276,0.7945977688855332
Nc=Np*0.5,0.199951171875,3276,0.7950104369657089
Nc=Np*0.5,0.199951171875,3276,0.7935467890714923
Nc=Np*0.5,0.199951171875,3276,0.7874465804492641
Nc=Np*0.5,0.199951171875,3276,0.7771564184738806
Nc=Np*0.5,0.199951171875,3276,0.7648109802266579
Nc=Np*0.5,0.199951171875,3276,0.773283192709583
Nc=Np*0.5,0.199951171875,3276,0.7942643361173739
Nc=Np*0.5,0.199951171875,3276,0.7763804418797156
Nc=Np*0.5,0.199951171875,3276,0.7724206336927808
Nc=Np*0.5,0.199951171875,3276,0.7894685748237152
Nc=Np*0.5,0.199951171875,3276,0.8361305360435605
Nc=Np*0.5,0.199951171875,3276,0.759822333379843
Nc=Np*0.5,0.199951171875,3276,0.7884863661574218
Nc=Np*0.5,0.199951171875,3276,0.8156046838301976
Nc=Np*0.5,0.199951171875,3276,0.7907081738754131
Nc=Np*0.5,0.199951171875,3276,0.7911781175752088
Nc=Np*0.5,0.199951171875,3276,0.7795983326652528
Nc=Np*0.5,0.199951171875,3276,0.7986518771387549
Nc=Np*0.5,0.199951171875,3276,0.8015916425379422
Nc=Np*0.5,0.199951171875,3276,0.7838260574661772
Nc=Np*0.5,0.199951171875,3276,0.8263964022801824
Nc=Np*0.5,0.199951171875,3276,0.8039354137335425
Nc=Np*0.5,0.199951171875,3276,0.8088729952967975
Nc=Np*0.5,0.199951171875,3276,0.8186238393135832
Nc=Np*0.5,0.199951171875,3276,0.8042958312828691
Nc=Np*0.5,0.29998779296875,4915,0.7574532959198942
Nc=Np*0.5,0.29998779296875,4915,0.7612716864229955
Nc=Np*0.5,0.29998779296875,4915,0.7582618697773621
Nc=Np*0.5,0.29998779296875,4915,0.7730684708917523
Nc=Np*0.5,0.29998779296875,4915,0.7648367823080154
Nc=Np*0.5,0.29998779296875,4915,0.7492563732612635
Nc=Np*0.5,0.29998779296875,4915,0.7813595856720296
Nc=Np*0.5,0.29998779296875,4915,0.7588211922907456
Nc=Np*0.5,0.29998779296875,4915,0.7699573690864716
Nc=Np*0.5,0.29998779296875,4915,0.8053334192725864
Nc=Np*0.5,0.29998779296875,4915,0.7826180981553637
Nc=Np*0.5,0.29998779296875,4915,0.7701506084555392
Nc=Np*0.5,0.29998779296875,4915,0.7465722581376714
Nc=Np*0.5,0.29998779296875,4915,0.7696448367654919
Nc=Np*0.5,0.29998779296875,4915,0.7614069769720516
Nc=Np*0.5,0.29998779296875,4915,0.7609235500780286
Nc=Np*0.5,0.29998779296875,4915,0.7741622280612216
Nc=Np*0.5,0.29998779296875,4915,0.7467851611665279
Nc=Np*0.5,0.29998779296875,4915,0.7628707713828151
Nc=Np*0.5,0.29998779296875,4915,0.7640097307420105
Nc=Np*0.5,0.29998779296875,4915,0.7728102745303116
Nc=Np*0.5,0.29998779296875,4915,0.7714658351607071
Nc=Np*0.5,0.29998779296875,4915,0.7696163253480381
Nc=Np*0.5,0.29998779296875,4915,0.7471217461019607
Nc=Np*0.5,0.29998779296875,4915,0.7718497427942986
Nc=Np*0.5,0.29998779296875,4915,0.749757810148556
Nc=Np*0.5,0.29998779296875,4915,0.7808658460130184
Nc=Np*0.5,0.29998779296875,4915,0.7548008622014539
Nc=Np*0.5,0.29998779296875,4915,0.7607478993377688
Nc=Np*0.5,0.29998779296875,4915,0.7338976967761413
Nc=Np*0.5,0.29998779296875,4915,0.792062931312784
Nc=Np*0.5,0.29998779296875,4915,0.7411707752103355
Nc=Np*0.5,0.29998779296875,4915,0.7417962114258188
Nc=Np*0.5,0.29998779296875,4915,0.7775660911329338
Nc=Np*0.5,0.29998779296875,4915,0.7543708206913008
Nc=Np*0.5,0.29998779296875,4915,0.7797456288507152
Nc=Np*0.5,0.29998779296875,4915,0.7614577382623642
Nc=Np*0.5,0.29998779296875,4915,0.7724048132459052
Nc=Np*0.5,0.29998779296875,4915,0.7753358845515512
Nc=Np*0.5,0.29998779296875,4915,0.7730515515625753
Nc=Np*0.5,0.29998779296875,4915,0.7585687710064243
Nc=Np*0.5,0.29998779296875,4915,0.7559344234476736
Nc=Np*0.5,0.29998779296875,4915,0.7851224629883299
Nc=Np*0.5,0.29998779296875,4915,0.7425578254966169
Nc=Np*0.5,0.29998779296875,4915,0.7442059440205676
Nc=Np*0.5,0.29998779296875,4915,0.7817957788382955
Nc=Np*0.5,0.29998779296875,4915,0.7701932116236115
Nc=Np*0.5,0.29998779296875,4915,0.7885719025244075
Nc=Np*0.5,0.29998779296875,4915,0.7467543650666173
Nc=Np*0.5,0.29998779296875,4915,0.7351274847544738
Nc=Np*0.5,0.29998779296875,4915,0.7198799233382642
Nc=Np*0.5,0.29998779296875,4915,0.7866801832575682
Nc=Np*0.5,0.29998779296875,4915,0.7580812084201027
Nc=Np*0.5,0.29998779296875,4915,0.7781526424167617
Nc=Np*0.5,0.29998779296875,4915,0.7408163771343375
Nc=Np*0.5,0.29998779296875,4915,0.7406728359753412
Nc=Np*0.5,0.29998779296875,4915,0.7455436729527645
Nc=Np*0.5,0.29998779296875,4915,0.7502629150602095
Nc=Np*0.5,0.29998779296875,4915,0.7561063751199346
Nc=Np*0.5,0.29998779296875,4915,0.7711947024886044
Nc=Np*0.5,0.29998779296875,4915,0.7854336685409639
Nc=Np*0.5,0.29998779296875,4915,0.7539324438498637
Nc=Np*0.5,0.29998779296875,4915,0.7537459941824368
Nc=Np*0.5,0.29998779296875,4915,0.7559371341568808
Nc=Np*0.5,0.29998779296875,4915,0.7325521518873812
Nc=Np*0.5,0.29998779296875,4915,0.7718978375732862
Nc=Np*0.5,0.29998779296875,4915,0.7459160445748473
Nc=Np*0.5,0.29998779296875,4915,0.7614685279894322
Nc=Np*0.5,0.29998779296875,4915,0.7688831270412618
Nc=Np*0.5,0.29998779296875,4915,0.776835527973906
Nc=Np*0.5,0.29998779296875,4915,0.775181606269402
Nc=Np*0.5,0.29998779296875,4915,0.7597048532105236
Nc=Np*0.5,0.29998779296875,4915,0.7244489541504313
Nc=Np*0.5,0.29998779296875,4915,0.7258878396731481
Nc=Np*0.5,0.29998779296875,4915,0.7484222646958424
Nc=Np*0.5,0.29998779296875,4915,0.7774307366911651
Nc=Np*0.5,0.29998779296875,4915,0.7701032084886268
Nc=Np*0.5,0.29998779296875,4915,0.7809657588334015
Nc=Np*0.5,0.29998779296875,4915,0.7765508655332586
Nc=Np*0.5,0.29998779296875,4915,0.7599883615982791
Nc=Np*0.5,0.29998779296875,4915,0.7383596102261961
Nc=Np*0.5,0.29998779296875,4915,0.7685178587476492
Nc=Np*0.5,0.29998779296875,4915,0.7648980429521917
Nc=Np*0.5,0.29998779296875,4915,0.7841212688283798
Nc=Np*0.5,0.29998779296875,4915,0.7746859019124712
Nc=Np*0.5,0.29998779296875,4915,0.7772836993201597
Nc=Np*0.5,0.29998779296875,4915,0.7268063231476992
Nc=Np*0.5,0.29998779296875,4915,0.7924650393360698
Nc=Np*0.5,0.29998779296875,4915,0.7407652205005422
Nc=Np*0.5,0.29998779296875,4915,0.7638002375318559
Nc=Np*0.5,0.29998779296875,4915,0.7501075699073252
Nc=Np*0.5,0.29998779296875,4915,0.7780062612233036
Nc=Np*0.5,0.29998779296875,4915,0.7678586511105089
Nc=Np*0.5,0.29998779296875,4915,0.7946154103777625
Nc=Np*0.5,0.29998779296875,4915,0.7741480422156308
Nc=Np*0.5,0.29998779296875,4915,0.7590336193653138
Nc=Np*0.5,0.29998779296875,4915,0.7688980612041751
Nc=Np*0.5,0.29998779296875,4915,0.7818547847783902
Nc=Np*0.5,0.29998779296875,4915,0.7724115983528848
Nc=Np*0.5,0.29998779296875,4915,0.7660474005001249
Nc=Np*0.5,0.39996337890625,6553,0.6567672074220806
Nc=Np*0.5,0.39996337890625,6553,0.7141803692080497
Nc=Np*0.5,0.39996337890625,6553,0.7276459301189282
Nc=Np*0.5,0.39996337890625,6553,0.6707170128948458
Nc=Np*0.5,0.39996337890625,6553,0.7059669602498692
Nc=Np*0.5,0.39996337890625,6553,0.6748166043446671
Nc=Np*0.5,0.39996337890625,6553,0.6884255645730278
Nc=Np*0.5,0.39996337890625,6553,0.6737075242610333
Nc=Np*0.5,0.39996337890625,6553,0.6825568824000445
Nc=Np*0.5,0.39996337890625,6553,0.6616394226797052
Nc=Np*0.5,0.39996337890625,6553,0.7088601374028201
Nc=Np*0.5,0.39996337890625,6553,0.6996976401620775
Nc=Np*0.5,0.39996337890625,6553,0.7118450592787073
Nc=Np*0.5,0.39996337890625,6553,0.6625551714731968
Nc=Np*0.5,0.39996337890625,6553,0.706987054964541
Nc=Np*0.5,0.39996337890625,6553,0.7037418056543313
Nc=Np*0.5,0.39996337890625,6553,0.6692086871117581
Nc=Np*0.5,0.39996337890625,6553,0.7029548944698527
Nc=Np*0.5,0.39996337890625,6553,0.6727500954726986
Nc=Np*0.5,0.39996337890625,6553,0.6514970234145911
Nc=Np*0.5,0.39996337890625,6553,0.7048575377653621
Nc=Np*0.5,0.39996337890625,6553,0.6884087805746585
Nc=Np*0.5,0.39996337890625,6553,0.6853986285268309
Nc=Np*0.5,0.39996337890625,6553,0.7030566781108794
Nc=Np*0.5,0.39996337890625,6553,0.7109147140357501
Nc=Np*0.5,0.39996337890625,6553,0.7036998624059422
Nc=Np*0.5,0.39996337890625,6553,0.6986145576326883
Nc=Np*0.5,0.39996337890625,6553,0.672697815620838
Nc=Np*0.5,0.39996337890625,6553,0.7117769486679315
Nc=Np*0.5,0.39996337890625,6553,0.6965264156213142
Nc=Np*0.5,0.39996337890625,6553,0.7195631625704739
Nc=Np*0.5,0.39996337890625,6553,0.6756288341601803
Nc=Np*0.5,0.39996337890625,6553,0.7096839094592472
Nc=Np*0.5,0.39996337890625,6553,0.7412439790355132
Nc=Np*0.5,0.39996337890625,6553,0.6836623498610833
Nc=Np*0.5,0.39996337890625,6553,0.7311779914356981
Nc=Np*0.5,0.39996337890625,6553,0.7098487895737695
Nc=Np*0.5,0.39996337890625,6553,0.7225612712683969
Nc=Np*0.5,0.39996337890625,6553,0.7097553285955711
Nc=Np*0.5,0.39996337890625,6553,0.7029770371588547
Nc=Np*0.5,0.39996337890625,6553,0.7262743777089968
Nc=Np*0.5,0.39996337890625,6553,0.7389434693268075
Nc=Np*0.5,0.39996337890625,6553,0.6987003201520942
Nc=Np*0.5,0.39996337890625,6553,0.7464772175160965
Nc=Np*0.5,0.39996337890625,6553,0.7072962537489492
Nc=Np*0.5,0.39996337890625,6553,0.6768756352743909
Nc=Np*0.5,0.39996337890625,6553,0.6948910981255599
Nc=Np*0.5,0.39996337890625,6553,0.6802616746552513
Nc=Np*0.5,0.39996337890625,6553,0.6751734626458894
Nc=Np*0.5,0.39996337890625,6553,0.7042446029433759
Nc=Np*0.5,0.39996337890625,6553,0.7164772276628549
Nc=Np*0.5,0.39996337890625,6553,0.6841517153920634
Nc=Np*0.5,0.39996337890625,6553,0.6666430408218967
Nc=Np*0.5,0.39996337890625,6553,0.7157099225180584
Nc=Np*0.5,0.39996337890625,6553,0.687713192243783
Nc=Np*0.5,0.39996337890625,6553,0.697751555511239
Nc=Np*0.5,0.39996337890625,6553,0.7092835169341754
Nc=Np*0.5,0.39996337890625,6553,0.6985769323502584
Nc=Np*0.5,0.39996337890625,6553,0.6933904034350606
Nc=Np*0.5,0.39996337890625,6553,0.6870640239760284
Nc=Np*0.5,0.39996337890625,6553,0.6953460737785205
Nc=Np*0.5,0.39996337890625,6553,0.6946112024673159
Nc=Np*0.5,0.39996337890625,6553,0.6867188682739218
Nc=Np*0.5,0.39996337890625,6553,0.6314184737328257
Nc=Np*0.5,0.39996337890625,6553,0.7159857587323927
Nc=Np*0.5,0.39996337890625,6553,0.7240735480879342
Nc=Np*0.5,0.39996337890625,6553,0.7248381852633653
Nc=Np*0.5,0.39996337890625,6553,0.7048451365622028
Nc=Np*0.5,0.39996337890625,6553,0.7262704553046964
Nc=Np*0.5,0.39996337890625,6553,0.7239480569390261
Nc=Np*0.5,0.39996337890625,6553,0.6925904185573644
Nc=Np*0.5,0.39996337890625,6553,0.7163928615812415
Nc=Np*0.5,0.39996337890625,6553,0.7180238781700006
Nc=Np*0.5,0.39996337890625,6553,0.6833915484213222
Nc=Np*0.5,0.39996337890625,6553,0.729918164782298
Nc=Np*0.5,0.39996337890625,6553,0.7137849620234182
Nc=Np*0.5,0.39996337890625,6553,0.6907477815758791
Nc=Np*0.5,0.39996337890625,6553,0.6906436697026477
Nc=Np*0.5,0.39996337890625,6553,0.726052220104191
Nc=Np*0.5,0.39996337890625,6553,0.7009573196931969
Nc=Np*0.5,0.39996337890625,6553,0.7078462242753567
Nc=Np*0.5,0.39996337890625,6553,0.7382337506049652
Nc=Np*0.5,0.39996337890625,6553,0.6935448757943109
Nc=Np*0.5,0.39996337890625,6553,0.7072208730313169
Nc=Np*0.5,0.39996337890625,6553,0.7262313527987635
Nc=Np*0.5,0.39996337890625,6553,0.676176293644776
Nc=Np*0.5,0.39996337890625,6553,0.678569203258085
Nc=Np*0.5,0.39996337890625,6553,0.7146643782746576
Nc=Np*0.5,0.39996337890625,6553,0.7064701421462991
Nc=Np*0.5,0.39996337890625,6553,0.7526314192782741
Nc=Np*0.5,0.39996337890625,6553,0.6977979042536268
Nc=Np*0.5,0.39996337890625,6553,0.7083596270177895
Nc=Np*0.5,0.39996337890625,6553,0.6875183841555254
Nc=Np*0.5,0.39996337890625,6553,0.694048333249523
Nc=Np*0.5,0.39996337890625,6553,0.695063039548703
Nc=Np*0.5,0.39996337890625,6553,0.6952588313452961
Nc=Np*0.5,0.39996337890625,6553,0.6967388423137647
Nc=Np*0.5,0.39996337890625,6553,0.7213853783859038
Nc=Np*0.5,0.39996337890625,6553,0.7123170439883791
Nc=Np*0.5,0.39996337890625,6553,0.6674028663120866
Nc=Np*0.5,0.5,8192,0.6253970264873998
Nc=Np*0.5,0.5,8192,0.6012950638421278
Nc=Np*0.5,0.5,8192,0.6186065912807266
Nc=Np*0.5,0.5,8192,0.6286519454514945
Nc=Np*0.5,0.5,8192,0.58997317899883
Nc=Np*0.5,0.5,8192,0.616489437575914
Nc=Np*0.5,0.5,8192,0.6299536372279336
Nc=Np*0.5,0.5,8192,0.6480527562850477
Nc=Np*0.5,0.5,8192,0.6360749959036363
Nc=Np*0.5,0.5,8192,0.6307539555063738
Nc=Np*0.5,0.5,8192,0.645409940131279
Nc=Np*0.5,0.5,8192,0.6936016873839509
Nc=Np*0.5,0.5,8192,0.6702752323820906
Nc=Np*0.5,0.5,8192,0.6128994879053028
Nc=Np*0.5,0.5,8192,0.5813393428076763
Nc=Np*0.5,0.5,8192,0.6329041122951429
Nc=Np*0.5,0.5,8192,0.6492659652702742
Nc=Np*0.5,0.5,8192,0.6419967598021654
Nc=Np*0.5,0.5,8192,0.6200285532910367
Nc=Np*0.5,0.5,8192,0.564082881392112
Nc=Np*0.5,0.5,8192,0.6577228224835414
Nc=Np*0.5,0.5,8192,0.5958446581742155
Nc=Np*0.5,0.5,8192,0.5898687342101495
Nc=Np*0.5,0.5,8192,0.642824082651104
Nc=Np*0.5,0.5,8192,0.6351104033607259
Nc=Np*0.5,0.5,8192,0.6258446314438126
Nc=Np*0.5,0.5,8192,0.6224554162839436
Nc=Np*0.5,0.5,8192,0.6594982334865196
Nc=Np*0.5,0.5,8192,0.6499607491119178
Nc=Np*0.5,0.5,8192,0.6421638732478056
Nc=Np*0.5,0.5,8192,0.6373858411509091
Nc=Np*0.5,0.5,8192,0.6374773455302433
Nc=Np*0.5,0.5,8192,0.6089444812560958
Nc=Np*0.5,0.5,8192,0.6559743971188844
Nc=Np*0.5,0.5,8192,0.6411452180449914
Nc=Np*0.5,0.5,8192,0.6191382220087585
Nc=Np*0.5,0.5,8192,0.6490592005589042
Nc=Np*0.5,0.5,8192,0.6083089601842041
Nc=Np*0.5,0.5,8192,0.6623996864290317
Nc=Np*0.5,0.5,8192,0.6594937740344802
Nc=Np*0.5,0.5,8192,0.6407846340752964
Nc=Np*0.5,0.5,8192,0.6049377337472197
Nc=Np*0.5,0.5,8192,0.5975556533983178
Nc=Np*0.5,0.5,8192,0.597210581470636
Nc=Np*0.5,0.5,8192,0.660668992755555
Nc=Np*0.5,0.5,8192,0.6669908900735528
Nc=Np*0.5,0.5,8192,0.6259980690560992
Nc=Np*0.5,0.5,8192,0.6561127632823717
Nc=Np*0.5,0.5,8192,0.6410862230893286
Nc=Np*0.5,0.5,8192,0.6673206658703356
Nc=Np*0.5,0.5,8192,0.6072330626947552
Nc=Np*0.5,0.5,8192,0.6836045611003196
Nc=Np*0.5,0.5,8192,0.6194885210826186
Nc=Np*0.5,0.5,8192,0.6105877973029809
Nc=Np*0.5,0.5,8192,0.6434769650032889
Nc=Np*0.5,0.5,8192,0.6566260968751737
Nc=Np*0.5,0.5,8192,0.6367836743667878
Nc=Np*0.5,0.5,8192,0.6481751866598154
Nc=Np*0.5,0.5,8192,0.6243378549666506
Nc=Np*0.5,0.5,8192,0.6359013831100323
Nc=Np*0.5,0.5,8192,0.5852576293308979
Nc=Np*0.5,0.5,8192,0.6316231310475124
Nc=Np*0.5,0.5,8192,0.6906565006085444
Nc=Np*0.5,0.5,8192,0.6729005751136083
Nc=Np*0.5,0.5,8192,0.6486303654756047
Nc=Np*0.5,0.5,8192,0.6844975650626921
Nc=Np*0.5,0.5,8192,0.6152225154940932
Nc=Np*0.5,0.5,8192,0.6287897018986551
Nc=Np*0.5,0.5,8192,0.6139629737443935
Nc=Np*0.5,0.5,8192,0.6238754341362708
Nc=Np*0.5,0.5,8192,0.6269980190927417
Nc=Np*0.5,0.5,8192,0.6388089428976756
Nc=Np*0.5,0.5,8192,0.6303465846307871
Nc=Np*0.5,0.5,8192,0.6191812822745768
Nc=Np*0.5,0.5,8192,0.6776933854545341
Nc=Np*0.5,0.5,8192,0.603485779099458
Nc=Np*0.5,0.5,8192,0.6885848708672211
Nc=Np*0.5,0.5,8192,0.691376142582466
Nc=Np*0.5,0.5,8192,0.6199839666704393
Nc=Np*0.5,0.5,8192,0.6365037986012878
Nc=Np*0.5,0.5,8192,0.627607286356691
Nc=Np*0.5,0.5,8192,0.6835685024789978
Nc=Np*0.5,0.5,8192,0.6801369942181466
Nc=Np*0.5,0.5,8192,0.6562455643811077
Nc=Np*0.5,0.5,8192,0.6296843058089839
Nc=Np*0.5,0.5,8192,0.637229118367371
Nc=Np*0.5,0.5,8192,0.6534750848551314
Nc=Np*0.5,0.5,8192,0.6020866835193587
Nc=Np*0.5,0.5,8192,0.6489464656791984
Nc=Np*0.5,0.5,8192,0.6580595342020827
Nc=Np*0.5,0.5,8192,0.6755474244874445
Nc=Np*0.5,0.5,8192,0.6081428210213174
Nc=Np*0.5,0.5,8192,0.6303240478444603
Nc=Np*0.5,0.5,8192,0.7123774560094602
Nc=Np*0.5,0.5,8192,0.6593395367456942
Nc=Np*0.5,0.5,8192,0.644580490013288
Nc=Np*0.5,0.5,8192,0.6759057226215378
Nc=Np*0.5,0.5,8192,0.6197469768653806
Nc=Np*0.5,0.5,8192,0.6757709477902675
Nc=Np*0.5,0.5,8192,0.6112779962845206
Nc=Np*0.5,0.5999755859375,9830,0.6304386101291245
Nc=Np*0.5,0.5999755859375,9830,0.6470253450631184
Nc=Np*0.5,0.5999755859375,9830,0.6125932112639613
Nc=Np*0.5,0.5999755859375,9830,0.5755860264129086
Nc=Np*0.5,0.5999755859375,9830,0.5871038891257434
Nc=Np*0.5,0.5999755859375,9830,0.5901495932419086
Nc=Np*0.5,0.5999755859375,9830,0.5272603332036697
Nc=Np*0.5,0.5999755859375,9830,0.63603822452554
Nc=Np*0.5,0.5999755859375,9830,0.5022706546532101
Nc=Np*0.5,0.5999755859375,9830,0.6218849746193206
Nc=Np*0.5,0.5999755859375,9830,0.5491919759984677
Nc=Np*0.5,0.5999755859375,9830,0.619535024361085
Nc=Np*0.5,0.5999755859375,9830,0.6320622126520358
Nc=Np*0.5,0.5999755859375,9830,0.5269866225562733
Nc=Np*0.5,0.5999755859375,9830,0.6040926544592977
Nc=Np*0.5,0.5999755859375,9830,0.5379832783485023
Nc=Np*0.5,0.5999755859375,9830,0.5917472395603034
Nc=Np*0.5,0.5999755859375,9830,0.6345092382435986
Nc=Np*0.5,0.5999755859375,9830,0.6310480410339823
Nc=Np*0.5,0.5999755859375,9830,0.641147226984636
Nc=Np*0.5,0.5999755859375,9830,0.6365495943330967
Nc=Np*0.5,0.5999755859375,9830,0.6271647686301772
Nc=Np*0.5,0.5999755859375,9830,0.6066595009037528
Nc=Np*0.5,0.5999755859375,9830,0.626940187904026
Nc=Np*0.5,0.5999755859375,9830,0.701821293643303
Nc=Np*0.5,0.5999755859375,9830,0.5594999642547133
Nc=Np*0.5,0.5999755859375,9830,0.6699890206068205
Nc=Np*0.5,0.5999755859375,9830,0.649580856465696
Nc=Np*0.5,0.5999755859375,9830,0.5827342947820507
Nc=Np*0.5,0.5999755859375,9830,0.6089935284384856
Nc=Np*0.5,0.5999755859375,9830,0.6606970318770226
Nc=Np*0.5,0.5999755859375,9830,0.6541674891060701
Nc=Np*0.5,0.5999755859375,9830,0.6121824065520758
Nc=Np*0.5,0.5999755859375,9830,0.6987798499114318
Nc=Np*0.5,0.5999755859375,9830,0.5938100757689962
Nc=Np*0.5,0.5999755859375,9830,0.5908124080008668
Nc=Np*0.5,0.5999755859375,9830,0.6481951248340352
Nc=Np*0.5,0.5999755859375,9830,0.5702787822952724
Nc=Np*0.5,0.5999755859375,9830,0.5611920388396638
Nc=Np*0.5,0.5999755859375,9830,0.6337828651851158
Nc=Np*0.5,0.5999755859375,9830,0.6081098531790948
Nc=Np*0.5,0.5999755859375,9830,0.6437484603089425
Nc=Np*0.5,0.5999755859375,9830,0.6879353073008506
Nc=Np*0.5,0.5999755859375,9830,0.5934770671738611
Nc=Np*0.5,0.5999755859375,9830,0.5908236771306933
Nc=Np*0.5,0.5999755859375,9830,0.6066760112889117
Nc=Np*0.5,0.5999755859375,9830,0.6576505703871545
Nc=Np*0.5,0.5999755859375,9830,0.6627017992305083
Nc=Np*0.5,0.5999755859375,9830,0.6522061196833869
Nc=Np*0.5,0.5999755859375,9830,0.6276811601681899
Nc=Np*0.5,0.5999755859375,9830,0.6256077809537295
Nc=Np*0.5,0.5999755859375,9830,0.5640024250120427
Nc=Np*0.5,0.5999755859375,9830,0.6298797427015816
Nc=Np*0.5,0.5999755859375,9830,0.5837372345033482
Nc=Np*0.5,0.5999755859375,9830,0.5945988576644726
Nc=Np*0.5,0.5999755859375,9830,0.5597685763961272
Nc=Np*0.5,0.5999755859375,9830,0.7027983120739808
Nc=Np*0.5,0.5999755859375,9830,0.6231042813957471
Nc=Np*0.5,0.5999755859375,9830,0.5748508727085975
Nc=Np*0.5,0.5999755859375,9830,0.6016702438998265
Nc=Np*0.5,0.5999755859375,9830,0.6266254449878517
Nc=Np*0.5,0.5999755859375,9830,0.6179999095934514
Nc=Np*0.5,0.5999755859375,9830,0.6071944282877085
Nc=Np*0.5,0.5999755859375,9830,0.6244326354115943
Nc=Np*0.5,0.5999755859375,9830,0.6027872618750607
Nc=Np*0.5,0.5999755859375,9830,0.6313695787179862
Nc=Np*0.5,0.5999755859375,9830,0.6214492802301059
Nc=Np*0.5,0.5999755859375,9830,0.6419608878540696
Nc=Np*0.5,0.5999755859375,9830,0.6083194486094768
Nc=Np*0.5,0.5999755859375,9830,0.6452976561640356
Nc=Np*0.5,0.5999755859375,9830,0.5979352859984284
Nc=Np*0.5,0.5999755859375,9830,0.5554705725079664
Nc=Np*0.5,0.5999755859375,9830,0.6052693757867488
Nc=Np*0.5,0.5999755859375,9830,0.6428494835203091
Nc=Np*0.5,0.5999755859375,9830,0.5811611408919454
Nc=Np*0.5,0.5999755859375,9830,0.5725210940777379
Nc=Np*0.5,0.5999755859375,9830,0.5753223550282272
Nc=Np*0.5,0.5999755859375,9830,0.5468322450940429
Nc=Np*0.5,0.5999755859375,9830,0.5659616599693817
Nc=Np*0.5,0.5999755859375,9830,0.5837173257346755
Nc=Np*0.5,0.5999755859375,9830,0.5985392254539738
Nc=Np*0.5,0.5999755859375,9830,0.5983895017385262
Nc=Np*0.5,0.5999755859375,9830,0.6272503951913776
Nc=Np*0.5,0.5999755859375,9830,0.5903043969760982
Nc=Np*0.5,0.5999755859375,9830,0.6568429420128457
Nc=Np*0.5,0.5999755859375,9830,0.5867664751745575
Nc=Np*0.5,0.5999755859375,9830,0.6203718257181222
Nc=Np*0.5,0.5999755859375,9830,0.6211711489792443
Nc=Np*0.5,0.5999755859375,9830,0.5427221605198375
Nc=Np*0.5,0.5999755859375,9830,0.5813889841313671
Nc=Np*0.5,0.5999755859375,9830,0.54657556239691
Nc=Np*0.5,0.5999755859375,9830,0.6466252246507196
Nc=Np*0.5,0.5999755859375,9830,0.6685577202491821
Nc=Np*0.5,0.5999755859375,9830,0.6211503161773388
Nc=Np*0.5,0.5999755859375,9830,0.5434000821513972
Nc=Np*0.5,0.5999755859375,9830,0.6709712369183857
Nc=Np*0.5,0.5999755859375,9830,0.6525151331590249
Nc=Np*0.5,0.5999755859375,9830,0.5726612795420983
Nc=Np*0.5,0.5999755859375,9830,0.5843380412469222
Nc=Np*0.5,0.5999755859375,9830,0.6343381761216197
Nc=Np*0.5,0.699951171875,11468,0.6056735434124096
Nc=Np*0.5,0.699951171875,11468,0.5973957739553282
Nc=Np*0.5,0.699951171875,11468,0.6302866564614816
Nc=Np*0.5,0.699951171875,11468,0.6504700259830004
Nc=Np*0.5,0.699951171875,11468,0.6296202822132249
Nc=Np*0.5,0.699951171875,11468,0.6093627620408909
Nc=Np*0.5,0.699951171875,11468,0.5365292280565552
Nc=Np*0.5,0.699951171875,11468,0.5614262972964985
Nc=Np*0.5,0.699951171875,11468,0.704229937785615
Nc=Np*0.5,0.699951171875,11468,0.5540164201040818
Nc=Np*0.5,0.699951171875,11468,0.6387179844184669
Nc=Np*0.5,0.699951171875,11468,0.6405671539124651
Nc=Np*0.5,0.699951171875,11468,0.6242800813796141
Nc=Np*0.5,0.699951171875,11468,0.6187142385786017
Nc=Np*0.5,0.699951171875,11468,0.5716512290900481
Nc=Np*0.5,0.699951171875,11468,0.6166018142845033
Nc=Np*0.5,0.699951171875,11468,0.6237178306121571
Nc=Np*0.5,0.699951171875,11468,0.6365652332763923
Nc=Np*0.5,0.699951171875,11468,0.5689049860682935
Nc=Np*0.5,0.699951171875,11468,0.5664159500453814
Nc=Np*0.5,0.699951171875,11468,0.616818172007533
Nc=Np*0.5,0.699951171875,11468,0.5791597033750574
Nc=Np*0.5,0.699951171875,11468,0.4895995097102803
Nc=Np*0.5,0.699951171875,11468,0.5354710471011737
Nc=Np*0.5,0.699951171875,11468,0.6184791762614357
Nc=Np*0.5,0.699951171875,11468,0.6754562531232929
Nc=Np*0.5,0.699951171875,11468,0.5276506784315494
Nc=Np*0.5,0.699951171875,11468,0.6442099607192117
Nc=Np*0.5,0.699951171875,11468,0.6392056235221447
Nc=Np*0.5,0.699951171875,11468,0.6982326344831924
Nc=Np*0.5,0.699951171875,11468,0.5513305838272481
Nc=Np*0.5,0.699951171875,11468,0.5818583294314433
Nc=Np*0.5,0.699951171875,11468,0.6916610255797327
Nc=Np*0.5,0.699951171875,11468,0.6165940809367063
Nc=Np*0.5,0.699951171875,11468,0.5145282140232431
Nc=Np*0.5,0.699951171875,11468,0.5389329827867838
Nc=Np*0.5,0.699951171875,11468,0.5949757716775174
Nc=Np*0.5,0.699951171875,11468,0.5863037704398004
Nc=Np*0.5,0.699951171875,11468,0.6000642345889953
Nc=Np*0.5,0.699951171875,11468,0.6722863237435569
Nc=Np*0.5,0.699951171875,11468,0.653630794227288
Nc=Np*0.5,0.699951171875,11468,0.581343282567322
Nc=Np*0.5,0.699951171875,11468,0.5726757879404633
Nc=Np*0.5,0.699951171875,11468,0.6049828775458576
Nc=Np*0.5,0.699951171875,11468,0.6526575118393176
Nc=Np*0.5,0.699951171875,11468,0.653004020712063
Nc=Np*0.5,0.699951171875,11468,0.6094416656452676
Nc=Np*0.5,0.699951171875,11468,0.5754901914010548
Nc=Np*0.5,0.699951171875,11468,0.6098567535654665
Nc=Np*0.5,0.699951171875,11468,0.6110740932134291
Nc=Np*0.5,0.699951171875,11468,0.5989273246045593
Nc=Np*0.5,0.699951171875,11468,0.6423433423046039
Nc=Np*0.5,0.699951171875,11468,0.546542099793966
Nc=Np*0.5,0.699951171875,11468,0.6195183125179718
Nc=Np*0.5,0.699951171875,11468,0.628643657242567
Nc=Np*0.5,0.699951171875,11468,0.6687999349217656
Nc=Np*0.5,0.699951171875,11468,0.5688521081780266
Nc=Np*0.5,0.699951171875,11468,0.5286938810265074
Nc=Np*0.5,0.699951171875,11468,0.5561955740559743
Nc=Np*0.5,0.699951171875,11468,0.6695144750930286
Nc=Np*0.5,0.699951171875,11468,0.5306770790965948
Nc=Np*0.5,0.699951171875,11468,0.6264400305370251
Nc=Np*0.5,0.699951171875,11468,0.6158253749770417
Nc=Np*0.5,0.699951171875,11468,0.5796249723783874
Nc=Np*0.5,0.699951171875,11468,0.5983334451616185
Nc=Np*0.5,0.699951171875,11468,0.6507815957090217
Nc=Np*0.5,0.699951171875,11468,0.6133709956327489
Nc=Np*0.5,0.699951171875,11468,0.555087108910245
Nc=Np*0.5,0.699951171875,11468,0.568308307947368
Nc=Np*0.5,0.699951171875,11468,0.5615035148532067
Nc=Np*0.5,0.699951171875,11468,0.6103474587626088
Nc=Np*0.5,0.699951171875,11468,0.6225126242593704
Nc=Np*0.5,0.699951171875,11468,0.690279866510979
Nc=Np*0.5,0.699951171875,11468,0.5657005227652468
Nc=Np*0.5,0.699951171875,11468,0.6347612836306032
Nc=Np*0.5,0.699951171875,11468,0.6473112839073893
Nc=Np*0.5,0.699951171875,11468,0.6296374885866968
Nc=Np*0.5,0.699951171875,11468,0.6667837086999278
Nc=Np*0.5,0.699951171875,11468,0.5660907383688897
Nc=Np*0.5,0.699951171875,11468,0.5722231574133633
Nc=Np*0.5,0.699951171875,11468,0.5970444804214093
Nc=Np*0.5,0.699951171875,11468,0.6432256359679742
Nc=Np*0.5,0.699951171875,11468,0.5593490844887171
Nc=Np*0.5,0.699951171875,11468,0.567548125991225
Nc=Np*0.5,0.699951171875,11468,0.6239968674704314
Nc=Np*0.5,0.699951171875,11468,0.574217200719155
Nc=Np*0.5,0.699951171875,11468,0.6126005319400725
Nc=Np*0.5,0.699951171875,11468,0.5749483775689798
Nc=Np*0.5,0.699951171875,11468,0.6530117651481122
Nc=Np*0.5,0.699951171875,11468,0.5310343171442118
Nc=Np*0.5,0.699951171875,11468,0.605975257709587
Nc=Np*0.5,0.699951171875,11468,0.5950455441626609
Nc=Np*0.5,0.699951171875,11468,0.5791055800258074
Nc=Np*0.5,0.699951171875,11468,0.6481140808855539
Nc=Np*0.5,0.699951171875,11468,0.6103471507066275
Nc=Np*0.5,0.699951171875,11468,0.6396845822490266
Nc=Np*0.5,0.699951171875,11468,0.5883212842973329
Nc=Np*0.5,0.699951171875,11468,0.6841023050026745
Nc=Np*0.5,0.699951171875,11468,0.5687790771780475
Nc=Np*0.5,0.699951171875,11468,0.5711100813908291
Nc=Np*0.5,0.79998779296875,13107,0.6575977426378565
Nc=Np*0.5,0.79998779296875,13107,0.6113156449310371
Nc=Np*0.5,0.79998779296875,13107,0.6773220946577948
Nc=Np*0.5,0.79998779296875,13107,0.7018091886453448
Nc=Np*0.5,0.79998779296875,13107,0.6208450915710132
Nc=Np*0.5,0.79998779296875,13107,0.6915042982987611
Nc=Np*0.5,0.79998779296875,13107,0.4309252886781388
Nc=Np*0.5,0.79998779296875,13107,0.4746435267173123
Nc=Np*0.5,0.79998779296875,13107,0.5506293948863153
Nc=Np*0.5,0.79998779296875,13107,0.6248832348219547
Nc=Np*0.5,0.79998779296875,13107,0.6240461344951717
Nc=Np*0.5,0.79998779296875,13107,0.7415449888022979
Nc=Np*0.5,0.79998779296875,13107,0.963326509756164
Nc=Np*0.5,0.79998779296875,13107,0.6446609018152631
Nc=Np*0.5,0.79998779296875,13107,0.5297648197632847
Nc=Np*0.5,0.79998779296875,13107,0.5907241096738647
Nc=Np*0.5,0.79998779296875,13107,0.5384798356548467
Nc=Np*0.5,0.79998779296875,13107,0.550270186754815
Nc=Np*0.5,0.79998779296875,13107,0.7811988401098227
Nc=Np*0.5,0.79998779296875,13107,0.6869026752798543
Nc=Np*0.5,0.79998779296875,13107,0.7111873449624637
Nc=Np*0.5,0.79998779296875,13107,0.4530666694694276
Nc=Np*0.5,0.79998779296875,13107,0.649824844363313
Nc=Np*0.5,0.79998779296875,13107,0.5988250789724107
Nc=Np*0.5,0.79998779296875,13107,0.6378980731368316
Nc=Np*0.5,0.79998779296875,13107,0.6453225450545772
Nc=Np*0.5,0.79998779296875,13107,0.5955846159084753
Nc=Np*0.5,0.79998779296875,13107,0.6457713968054133
Nc=Np*0.5,0.79998779296875,13107,0.6518337545733688
Nc=Np*0.5,0.79998779296875,13107,0.7434205944811861
Nc=Np*0.5,0.79998779296875,13107,0.6373029910747529
Nc=Np*0.5,0.79998779296875,13107,0.720692826954313
Nc=Np*0.5,0.79998779296875,13107,0.6956915056374234
Nc=Np*0.5,0.79998779296875,13107,0.6905816706005742
Nc=Np*0.5,0.79998779296875,13107,0.7404420446698665
Nc=Np*0.5,0.79998779296875,13107,0.4977857377606993
Nc=Np*0.5,0.79998779296875,13107,0.5942318852367263
Nc=Np*0.5,0.79998779296875,13107,0.5786450138204843
Nc=Np*0.5,0.79998779296875,13107,0.6287304238010643
Nc=Np*0.5,0.79998779296875,13107,0.5576572704106837
Nc=Np*0.5,0.79998779296875,13107,0.533955083735842
Nc=Np*0.5,0.79998779296875,13107,0.6423750428752599
Nc=Np*0.5,0.79998779296875,13107,0.70632211114747
Nc=Np*0.5,0.79998779296875,13107,0.6434247616542671
Nc=Np*0.5,0.79998779296875,13107,0.6915493997944165
Nc=Np*0.5,0.79998779296875,13107,0.6215809068606446
Nc=Np*0.5,0.79998779296875,13107,0.7519781809071546
Nc=Np*0.5,0.79998779296875,13107,0.6043471918878688
Nc=Np*0.5,0.79998779296875,13107,0.6433177562942272
Nc=Np*0.5,0.79998779296875,13107,0.6548781357497304
Nc=Np*0.5,0.79998779296875,13107,0.5132823510668864
Nc=Np*0.5,0.79998779296875,13107,0.5050966636646415
Nc=Np*0.5,0.79998779296875,13107,0.7082191803088239
Nc=Np*0.5,0.79998779296875,13107,0.7015549737054736
Nc=Np*0.5,0.79998779296875,13107,0.7522374715761468
Nc=Np*0.5,0.79998779296875,13107,0.4425612140205088
Nc=Np*0.5,0.79998779296875,13107,0.5505740552508722
Nc=Np*0.5,0.79998779296875,13107,0.7191392867964076
Nc=Np*0.5,0.79998779296875,13107,0.6647474957419635
Nc=Np*0.5,0.79998779296875,13107,0.4469392363583404
Nc=Np*0.5,0.79998779296875,13107,0.6316201464371756
Nc=Np*0.5,0.79998779296875,13107,0.6048543300585667
Nc=Np*0.5,0.79998779296875,13107,0.7115158160212629
Nc=Np*0.5,0.79998779296875,13107,0.6308018986338836
Nc=Np*0.5,0.79998779296875,13107,0.6851648598462561
Nc=Np*0.5,0.79998779296875,13107,0.6302347067132021
Nc=Np*0.5,0.79998779296875,13107,0.6366541168952532
Nc=Np*0.5,0.79998779296875,13107,0.5310082991534985
Nc=Np*0.5,0.79998779296875,13107,0.708498353646267
Nc=Np*0.5,0.79998779296875,13107,0.6651535920443356
Nc=Np*0.5,0.79998779296875,13107,0.6931715529780184
Nc=Np*0.5,0.79998779296875,13107,0.5965699590626178
Nc=Np*0.5,0.79998779296875,13107,0.6803845481655376
Nc=Np*0.5,0.79998779296875,13107,0.4563171884436707
Nc=Np*0.5,0.79998779296875,13107,0.6971105400737404
Nc=Np*0.5,0.79998779296875,13107,0.7010550639163624
Nc=Np*0.5,0.79998779296875,13107,0.5989889224565687
Nc=Np*0.5,0.79998779296875,13107,0.6672522116962003
Nc=Np*0.5,0.79998779296875,13107,0.757131443946761
Nc=Np*0.5,0.79998779296875,13107,0.696059751790379
Nc=Np*0.5,0.79998779296875,13107,0.7181226561403358
Nc=Np*0.5,0.79998779296875,13107,0.6860491536605108
Nc=Np*0.5,0.79998779296875,13107,0.6127554551119092
Nc=Np*0.5,0.79998779296875,13107,0.859981241924615
Nc=Np*0.5,0.79998779296875,13107,0.633996681280904
Nc=Np*0.5,0.79998779296875,13107,0.6036752450652908
Nc=Np*0.5,0.79998779296875,13107,0.6205502155435169
Nc=Np*0.5,0.79998779296875,13107,0.5744816223305435
Nc=Np*0.5,0.79998779296875,13107,0.5878491201797356
Nc=Np*0.5,0.79998779296875,13107,0.5430864000411377
Nc=Np*0.5,0.79998779296875,13107,0.6577560977315139
Nc=Np*0.5,0.79998779296875,13107,0.6481224205866085
Nc=Np*0.5,0.79998779296875,13107,0.6400154680990432
Nc=Np*0.5,0.79998779296875,13107,0.6933453051848419
Nc=Np*0.5,0.79998779296875,13107,0.7626733061901916
Nc=Np*0.5,0.79998779296875,13107,0.7419380963840215
Nc=Np*0.5,0.79998779296875,13107,0.9277938145553252
Nc=Np*0.5,0.79998779296875,13107,0.6153146997476608
Nc=Np*0.5,0.79998779296875,13107,0.5839108068780887
Nc=Np*0.5,0.79998779296875,13107,0.7093756712136023
Nc=Np*0.5,0.89996337890625,14745,0.7494803011904249
Nc=Np*0.5,0.89996337890625,14745,0.6062751220606134
Nc=Np*0.5,0.89996337890625,14745,0.4485310219438367
Nc=Np*0.5,0.89996337890625,14745,0.3934700261601656
Nc=Np*0.5,0.89996337890625,14745,0.2007681540991104
Nc=Np*0.5,0.89996337890625,14745,0.5377169559526261
Nc=Np*0.5,0.89996337890625,14745,0.4586741830247446
Nc=Np*0.5,0.89996337890625,14745,0.6535626395873072
Nc=Np*0.5,0.89996337890625,14745,0.3242387906290389
Nc=Np*0.5,0.89996337890625,14745,0.2903207355020732
Nc=Np*0.5,0.89996337890625,14745,3.276966643601359
Nc=Np*0.5,0.89996337890625,14745,0.3681452686774478
Nc=Np*0.5,0.89996337890625,14745,0.5844278766697427
Nc=Np*0.5,0.89996337890625,14745,0.4682094043731967
Nc=Np*0.5,0.89996337890625,14745,0.7440565611339285
Nc=Np*0.5,0.89996337890625,14745,0.5946199964978975
Nc=Np*0.5,0.89996337890625,14745,0.8393968232159661
Nc=Np*0.5,0.89996337890625,14745,0.9282866619733527
Nc=Np*0.5,0.89996337890625,14745,0.6833758111764048
Nc=Np*0.5,0.89996337890625,14745,1.282159326970774
Nc=Np*0.5,0.89996337890625,14745,0.5544523776617599
Nc=Np*0.5,0.89996337890625,14745,0.7235672276046907
Nc=Np*0.5,0.89996337890625,14745,2.5907154361620166
Nc=Np*0.5,0.89996337890625,14745,0.4184755298322053
Nc=Np*0.5,0.89996337890625,14745,0.704512897328797
Nc=Np*0.5,0.89996337890625,14745,1.1352179421461284
Nc=Np*0.5,0.89996337890625,14745,0.900498574232429
Nc=Np*0.5,0.89996337890625,14745,0.5868801667127325
Nc=Np*0.5,0.89996337890625,14745,0.5404714988926957
Nc=Np*0.5,0.89996337890625,14745,0.8323171324450847
Nc=Np*0.5,0.89996337890625,14745,0.7469452459832212
Nc=Np*0.5,0.89996337890625,14745,1.017928297838815
Nc=Np*0.5,0.89996337890625,14745,0.6500743469772889
Nc=Np*0.5,0.89996337890625,14745,0.5319603104089605
Nc=Np*0.5,0.89996337890625,14745,0.7554050665928864
Nc=Np*0.5,0.89996337890625,14745,2.8902991884165004
Nc=Np*0.5,0.89996337890625,14745,0.723541098165894
Nc=Np*0.5,0.89996337890625,14745,0.463225772173303
Nc=Np*0.5,0.89996337890625,14745,3.636534031161782
Nc=Np*0.5,0.89996337890625,14745,3.695111490565039
Nc=Np*0.5,0.89996337890625,14745,0.5187578476357494
Nc=Np*0.5,0.89996337890625,14745,1.1173051050721283
Nc=Np*0.5,0.89996337890625,14745,0.484874102055481
Nc=Np*0.5,0.89996337890625,14745,1.0
Nc=Np*0.5,0.89996337890625,14745,0.3734346697541294
Nc=Np*0.5,0.89996337890625,14745,0.6419707687533635
Nc=Np*0.5,0.89996337890625,14745,0.5332005479585987
Nc=Np*0.5,0.89996337890625,14745,0.7675503445638693
Nc=Np*0.5,0.89996337890625,14745,0.7693575896607421
Nc=Np*0.5,0.89996337890625,14745,0.6971645495179218
Nc=Np*0.5,0.89996337890625,14745,0.6240486615424659
Nc=Np*0.5,0.89996337890625,14745,2.4637899940953543
Nc=Np*0.5,0.89996337890625,14745,0.965859515601777
Nc=Np*0.5,0.89996337890625,14745,0.7356926702657272
Nc=Np*0.5,0.89996337890625,14745,0.7064533266305529
Nc=Np*0.5,0.89996337890625,14745,1.2997586222363136
Nc=Np*0.5,0.89996337890625,14745,0.9860568682488025
Nc=Np*0.5,0.89996337890625,14745,1.2997586222363136
Nc=Np*0.5,0.89996337890625,14745,3.213349366111989
Nc=Np*0.5,0.89996337890625,14745,3.213349366111989
Nc=Np*0.5,0.89996337890625,14745,0.6939123280664397
Nc=Np*0.5,0.89996337890625,14745,0.740362763254487
Nc=Np*0.5,0.89996337890625,14745,0.5697340794146794
Nc=Np*0.5,0.89996337890625,14745,2.9961507851677136
Nc=Np*0.5,0.89996337890625,14745,0.5017403803711832
Nc=Np*0.5,0.89996337890625,14745,0.6980015123621113
Nc=Np*0.5,0.89996337890625,14745,0.5572918806341746
Nc=Np*0.5,0.89996337890625,14745,0.2285866815207448
Nc=Np*0.5,0.89996337890625,14745,0.754825411013253
Nc=Np*0.5,0.89996337890625,14745,3.527553717143958
Nc=Np*0.5,0.89996337890625,14745,0.4574615935268964
Nc=Np*0.5,0.89996337890625,14745,0.3699527225101986
Nc=Np*0.5,0.89996337890625,14745,0.7444664366428694
Nc=Np*0.5,0.89996337890625,14745,0.8315014459293745
Nc=Np*0.5,0.89996337890625,14745,0.6321933371970089
Nc=Np*0.5,0.89996337890625,14745,1.0678801888145688
Nc=Np*0.5,0.89996337890625,14745,0.9382587059641206
Nc=Np*0.5,0.89996337890625,14745,0.2000000000000003
Nc=Np*0.5,0.89996337890625,14745,0.998371419167822
Nc=Np*0.5,0.89996337890625,14745,0.4926191489075973
Nc=Np*0.5,0.89996337890625,14745,0.9748374764255218
Nc=Np*0.5,0.89996337890625,14745,0.6596996405505464
Nc=Np*0.5,0.89996337890625,14745,0.8144449748942988
Nc=Np*0.5,0.89996337890625,14745,0.7187459787794758
Nc=Np*0.5,0.89996337890625,14745,0.7063686623685207
Nc=Np*0.5,0.89996337890625,14745,2.8060641942280227
Nc=Np*0.5,0.89996337890625,14745,0.4327014332640043
Nc=Np*0.5,0.89996337890625,14745,0.5241679850058942
Nc=Np*0.5,0.89996337890625,14745,0.6012237903372513
Nc=Np*0.5,0.89996337890625,14745,0.758193495008581
Nc=Np*0.5,0.89996337890625,14745,3.082193705990361
Nc=Np*0.5,0.89996337890625,14745,0.5585689051662283
Nc=Np*0.5,0.89996337890625,14745,0.5971799077305522
Nc=Np*0.5,0.89996337890625,14745,0.5700994855886293
Nc=Np*0.5,0.89996337890625,14745,0.9171289856772962
Nc=Np*0.5,0.89996337890625,14745,0.7522211701986197
Nc=Np*0.5,0.89996337890625,14745,0.809528851459637
Nc=Np*0.5,0.89996337890625,14745,0.8375941600214021
Nc=Np*0.5,0.89996337890625,14745,0.7410015282744492
Nc=Np*0.5,0.89996337890625,14745,0.6914371224461783
Nc=Np*0.8,0.0,0,0.7744904019282324
Nc=Np*0.8,0.0,0,0.7909014365672179
Nc=Np*0.8,0.0,0,0.7952539921635441
Nc=Np*0.8,0.0,0,0.7696205235629101
Nc=Np*0.8,0.0,0,0.7699897836946067
Nc=Np*0.8,0.0,0,0.7805162255338359
Nc=Np*0.8,0.0,0,0.7593603595721174
Nc=Np*0.8,0.0,0,0.7912223046427745
Nc=Np*0.8,0.0,0,0.7634470868496407
Nc=Np*0.8,0.0,0,0.7662210763284815
Nc=Np*0.8,0.0,0,0.8149969855129232
Nc=Np*0.8,0.0,0,0.7743247087515418
Nc=Np*0.8,0.0,0,0.7758972797322053
Nc=Np*0.8,0.0,0,0.7649599202538216
Nc=Np*0.8,0.0,0,0.7817452726220689
Nc=Np*0.8,0.0,0,0.7722195623566097
Nc=Np*0.8,0.0,0,0.7733528744293299
Nc=Np*0.8,0.0,0,0.7945684691771533
Nc=Np*0.8,0.0,0,0.7724869030723914
Nc=Np*0.8,0.0,0,0.7913313130883549
Nc=Np*0.8,0.0,0,0.7646243063461543
Nc=Np*0.8,0.0,0,0.7761291721451573
Nc=Np*0.8,0.0,0,0.7755407535430382
Nc=Np*0.8,0.0,0,0.805698045452927
Nc=Np*0.8,0.0,0,0.8059019118965165
Nc=Np*0.8,0.0,0,0.7941854132127314
Nc=Np*0.8,0.0,0,0.7920216694242979
Nc=Np*0.8,0.0,0,0.7602254763555724
Nc=Np*0.8,0.0,0,0.8003754581004048
Nc=Np*0.8,0.0,0,0.7948387627705312
Nc=Np*0.8,0.0,0,0.7643638803769734
Nc=Np*0.8,0.0,0,0.7570321314203883
Nc=Np*0.8,0.0,0,0.7846546483932603
Nc=Np*0.8,0.0,0,0.7773224043100727
Nc=Np*0.8,0.0,0,0.7835295171292169
Nc=Np*0.8,0.0,0,0.7695205434079292
Nc=Np*0.8,0.0,0,0.8053130826498479
Nc=Np*0.8,0.0,0,0.7729169999608595
Nc=Np*0.8,0.0,0,0.7790449120474856
Nc=Np*0.8,0.0,0,0.7730947860413714
Nc=Np*0.8,0.0,0,0.793077632337835
Nc=Np*0.8,0.0,0,0.8069504667988415
Nc=Np*0.8,0.0,0,0.7870944932131795
Nc=Np*0.8,0.0,0,0.7734460850518823
Nc=Np*0.8,0.0,0,0.7810585255304773
Nc=Np*0.8,0.0,0,0.8154927524548955
Nc=Np*0.8,0.0,0,0.7777052409087297
Nc=Np*0.8,0.0,0,0.770229885240885
Nc=Np*0.8,0.0,0,0.7831900210329922
Nc=Np*0.8,0.0,0,0.7807917245924991
Nc=Np*0.8,0.0,0,0.7582073159260453
Nc=Np*0.8,0.0,0,0.7498911042709514
Nc=Np*0.8,0.0,0,0.7671976720286191
Nc=Np*0.8,0.0,0,0.7778991298642637
Nc=Np*0.8,0.0,0,0.7606078227159713
Nc=Np*0.8,0.0,0,0.7792523764991892
Nc=Np*0.8,0.0,0,0.7795452783358372
Nc=Np*0.8,0.0,0,0.7372358271054703
Nc=Np*0.8,0.0,0,0.795309311830236
Nc=Np*0.8,0.0,0,0.8048249991681641
Nc=Np*0.8,0.0,0,0.7687539861331864
Nc=Np*0.8,0.0,0,0.7862546681964494
Nc=Np*0.8,0.0,0,0.7968195073464978
Nc=Np*0.8,0.0,0,0.7956782410356584
Nc=Np*0.8,0.0,0,0.7665700301881015
Nc=Np*0.8,0.0,0,0.781394459131923
Nc=Np*0.8,0.0,0,0.7525504036233605
Nc=Np*0.8,0.0,0,0.7619080612860334
Nc=Np*0.8,0.0,0,0.7671287019818526
Nc=Np*0.8,0.0,0,0.7524131272200775
Nc=Np*0.8,0.0,0,0.7604755440585684
Nc=Np*0.8,0.0,0,0.7315180053911243
Nc=Np*0.8,0.0,0,0.7691134034333388
Nc=Np*0.8,0.0,0,0.7773352180717414
Nc=Np*0.8,0.0,0,0.7861361746690918
Nc=Np*0.8,0.0,0,0.7727444037872754
Nc=Np*0.8,0.0,0,0.7806966670172586
Nc=Np*0.8,0.0,0,0.7776300167373529
Nc=Np*0.8,0.0,0,0.7875082778554484
Nc=Np*0.8,0.0,0,0.7557262745287372
Nc=Np*0.8,0.0,0,0.7606604305725274
Nc=Np*0.8,0.0,0,0.7623500446279594
Nc=Np*0.8,0.0,0,0.7513318891854665
Nc=Np*0.8,0.0,0,0.8005201522025003
Nc=Np*0.8,0.0,0,0.752328736000532
Nc=Np*0.8,0.0,0,0.7837625324223738
Nc=Np*0.8,0.0,0,0.7760433170307108
Nc=Np*0.8,0.0,0,0.7728490755953763
Nc=Np*0.8,0.0,0,0.7865672478128248
Nc=Np*0.8,0.0,0,0.7864807887511113
Nc=Np*0.8,0.0,0,0.7898552597457192
Nc=Np*0.8,0.0,0,0.8033247983461718
Nc=Np*0.8,0.0,0,0.7603228307745207
Nc=Np*0.8,0.0,0,0.7599951049889248
Nc=Np*0.8,0.0,0,0.784477138856116
Nc=Np*0.8,0.0,0,0.7811011029270468
Nc=Np*0.8,0.0,0,0.7652823036442683
Nc=Np*0.8,0.0,0,0.7840985217861928
Nc=Np*0.8,0.0,0,0.7661870313152814
Nc=Np*0.8,0.0,0,0.7795954604099415
Nc=Np*0.8,0.0999755859375,1638,0.7905498474961424
Nc=Np*0.8,0.0999755859375,1638,0.757507404427678
Nc=Np*0.8,0.0999755859375,1638,0.8118361707818568
Nc=Np*0.8,0.0999755859375,1638,0.7366439072848491
Nc=Np*0.8,0.0999755859375,1638,0.7634742843502746
Nc=Np*0.8,0.0999755859375,1638,0.7992404881536256
Nc=Np*0.8,0.0999755859375,1638,0.7838255562703093
Nc=Np*0.8,0.0999755859375,1638,0.7686925902207091
Nc=Np*0.8,0.0999755859375,1638,0.7774749922351095
Nc=Np*0.8,0.0999755859375,1638,0.7487772896058991
Nc=Np*0.8,0.0999755859375,1638,0.765913830819783
Nc=Np*0.8,0.0999755859375,1638,0.7612419394768712
Nc=Np*0.8,0.0999755859375,1638,0.7467926865642928
Nc=Np*0.8,0.0999755859375,1638,0.7547914069191204
Nc=Np*0.8,0.0999755859375,1638,0.7564408815690412
Nc=Np*0.8,0.0999755859375,1638,0.7707815847131084
Nc=Np*0.8,0.0999755859375,1638,0.7569191273829099
Nc=Np*0.8,0.0999755859375,1638,0.7919298197239829
Nc=Np*0.8,0.0999755859375,1638,0.7758398140402244
Nc=Np*0.8,0.0999755859375,1638,0.7723996537307327
Nc=Np*0.8,0.0999755859375,1638,0.7739434420368262
Nc=Np*0.8,0.0999755859375,1638,0.7505118686251091
Nc=Np*0.8,0.0999755859375,1638,0.7516181626181473
Nc=Np*0.8,0.0999755859375,1638,0.7805135342028654
Nc=Np*0.8,0.0999755859375,1638,0.7706861744197808
Nc=Np*0.8,0.0999755859375,1638,0.7453921594754884
Nc=Np*0.8,0.0999755859375,1638,0.7534234730477497
Nc=Np*0.8,0.0999755859375,1638,0.7442723736532187
Nc=Np*0.8,0.0999755859375,1638,0.7547875529874802
Nc=Np*0.8,0.0999755859375,1638,0.7561183777233597
Nc=Np*0.8,0.0999755859375,1638,0.7441562790917683
Nc=Np*0.8,0.0999755859375,1638,0.7640493058823279
Nc=Np*0.8,0.0999755859375,1638,0.7438030490755101
Nc=Np*0.8,0.0999755859375,1638,0.7441142526100862
Nc=Np*0.8,0.0999755859375,1638,0.7829098798440988
Nc=Np*0.8,0.0999755859375,1638,0.7667305617364741
Nc=Np*0.8,0.0999755859375,1638,0.7394099236466373
Nc=Np*0.8,0.0999755859375,1638,0.7412421538082333
Nc=Np*0.8,0.0999755859375,1638,0.749343302221743
Nc=Np*0.8,0.0999755859375,1638,0.7587441318037117
Nc=Np*0.8,0.0999755859375,1638,0.7725178768749731
Nc=Np*0.8,0.0999755859375,1638,0.7600287504213139
Nc=Np*0.8,0.0999755859375,1638,0.7559785057920219
Nc=Np*0.8,0.0999755859375,1638,0.7785439695705959
Nc=Np*0.8,0.0999755859375,1638,0.7645784558947476
Nc=Np*0.8,0.0999755859375,1638,0.7779814418138139
Nc=Np*0.8,0.0999755859375,1638,0.7405184756991052
Nc=Np*0.8,0.0999755859375,1638,0.749886230680684
Nc=Np*0.8,0.0999755859375,1638,0.7641061751637513
Nc=Np*0.8,0.0999755859375,1638,0.7660335632931599
Nc=Np*0.8,0.0999755859375,1638,0.7368341802745919
Nc=Np*0.8,0.0999755859375,1638,0.7436507557860912
Nc=Np*0.8,0.0999755859375,1638,0.7507062189727377
Nc=Np*0.8,0.0999755859375,1638,0.74414666246452
Nc=Np*0.8,0.0999755859375,1638,0.7414717789848827
Nc=Np*0.8,0.0999755859375,1638,0.7591214619750424
Nc=Np*0.8,0.0999755859375,1638,0.7616765253279995
Nc=Np*0.8,0.0999755859375,1638,0.7694741983662138
Nc=Np*0.8,0.0999755859375,1638,0.7857816087013835
Nc=Np*0.8,0.0999755859375,1638,0.7523362174166679
Nc=Np*0.8,0.0999755859375,1638,0.7665525795909287
Nc=Np*0.8,0.0999755859375,1638,0.7482738158794644
Nc=Np*0.8,0.0999755859375,1638,0.7470186640510642
Nc=Np*0.8,0.0999755859375,1638,0.7592845532223597
Nc=Np*0.8,0.0999755859375,1638,0.7901481551843597
Nc=Np*0.8,0.0999755859375,1638,0.762269344321265
Nc=Np*0.8,0.0999755859375,1638,0.7505954441575718
Nc=Np*0.8,0.0999755859375,1638,0.7275973764146062
Nc=Np*0.8,0.0999755859375,1638,0.7693753500780746
Nc=Np*0.8,0.0999755859375,1638,0.7557242278464636
Nc=Np*0.8,0.0999755859375,1638,0.7569146164171231
Nc=Np*0.8,0.0999755859375,1638,0.7601272666682128
Nc=Np*0.8,0.0999755859375,1638,0.7823258393711263
Nc=Np*0.8,0.0999755859375,1638,0.7480480486421882
Nc=Np*0.8,0.0999755859375,1638,0.7767879009639296
Nc=Np*0.8,0.0999755859375,1638,0.7807669623743746
Nc=Np*0.8,0.0999755859375,1638,0.7821548830929296
Nc=Np*0.8,0.0999755859375,1638,0.7491518249608383
Nc=Np*0.8,0.0999755859375,1638,0.7446599778945411
Nc=Np*0.8,0.0999755859375,1638,0.7309804946590851
Nc=Np*0.8,0.0999755859375,1638,0.7489503486563577
Nc=Np*0.8,0.0999755859375,1638,0.760679588179053
Nc=Np*0.8,0.0999755859375,1638,0.7626094343156524
Nc=Np*0.8,0.0999755859375,1638,0.7511586657277582
Nc=Np*0.8,0.0999755859375,1638,0.747684605871505
Nc=Np*0.8,0.0999755859375,1638,0.7853590302104511
Nc=Np*0.8,0.0999755859375,1638,0.7646700042708522
Nc=Np*0.8,0.0999755859375,1638,0.7777748747297984
Nc=Np*0.8,0.0999755859375,1638,0.7461703239654048
Nc=Np*0.8,0.0999755859375,1638,0.7510482629989583
Nc=Np*0.8,0.0999755859375,1638,0.7586792016940207
Nc=Np*0.8,0.0999755859375,1638,0.7349890808167071
Nc=Np*0.8,0.0999755859375,1638,0.7786296028149295
Nc=Np*0.8,0.0999755859375,1638,0.7736769489489593
Nc=Np*0.8,0.0999755859375,1638,0.7630627143463806
Nc=Np*0.8,0.0999755859375,1638,0.7385741209723647
Nc=Np*0.8,0.0999755859375,1638,0.7715851398609619
Nc=Np*0.8,0.0999755859375,1638,0.7312229623691248
Nc=Np*0.8,0.0999755859375,1638,0.7464587277207412
Nc=Np*0.8,0.0999755859375,1638,0.767271731669593
Nc=Np*0.8,0.199951171875,3276,0.7661037950619265
Nc=Np*0.8,0.199951171875,3276,0.7341820167272568
Nc=Np*0.8,0.199951171875,3276,0.7256129971627117
Nc=Np*0.8,0.199951171875,3276,0.7348543413653952
Nc=Np*0.8,0.199951171875,3276,0.7532887573782736
Nc=Np*0.8,0.199951171875,3276,0.7404332207890817
Nc=Np*0.8,0.199951171875,3276,0.7370472788067292
Nc=Np*0.8,0.199951171875,3276,0.7517609029175492
Nc=Np*0.8,0.199951171875,3276,0.7552842300093583
Nc=Np*0.8,0.199951171875,3276,0.7147855270064796
Nc=Np*0.8,0.199951171875,3276,0.741269902724453
Nc=Np*0.8,0.199951171875,3276,0.7268209604509133
Nc=Np*0.8,0.199951171875,3276,0.7150925757820236
Nc=Np*0.8,0.199951171875,3276,0.7477143225698811
Nc=Np*0.8,0.199951171875,3276,0.7239180923695393
Nc=Np*0.8,0.199951171875,3276,0.7685103099922324
Nc=Np*0.8,0.199951171875,3276,0.731008045540756
Nc=Np*0.8,0.199951171875,3276,0.7094153053757277
Nc=Np*0.8,0.199951171875,3276,0.7423656052076211
Nc=Np*0.8,0.199951171875,3276,0.7564253128796147
Nc=Np*0.8,0.199951171875,3276,0.7372363389977545
Nc=Np*0.8,0.199951171875,3276,0.735156088166497
Nc=Np*0.8,0.199951171875,3276,0.7535086499793567
Nc=Np*0.8,0.199951171875,3276,0.7598001948953442
Nc=Np*0.8,0.199951171875,3276,0.7598075072221717
Nc=Np*0.8,0.199951171875,3276,0.7143667083834994
Nc=Np*0.8,0.199951171875,3276,0.7438749093733312
Nc=Np*0.8,0.199951171875,3276,0.7230527335213001
Nc=Np*0.8,0.199951171875,3276,0.7273068227141144
Nc=Np*0.8,0.199951171875,3276,0.7345617704179657
Nc=Np*0.8,0.199951171875,3276,0.7345292864724801
Nc=Np*0.8,0.199951171875,3276,0.7400235540599129
Nc=Np*0.8,0.199951171875,3276,0.7052114612404936
Nc=Np*0.8,0.199951171875,3276,0.7465741761949382
Nc=Np*0.8,0.199951171875,3276,0.7628780286185277
Nc=Np*0.8,0.199951171875,3276,0.7482976926340579
Nc=Np*0.8,0.199951171875,3276,0.7664314778274566
Nc=Np*0.8,0.199951171875,3276,0.7682242555079779
Nc=Np*0.8,0.199951171875,3276,0.7465449140688258
Nc=Np*0.8,0.199951171875,3276,0.7222321982102515
Nc=Np*0.8,0.199951171875,3276,0.731498608848018
Nc=Np*0.8,0.199951171875,3276,0.7017908754746849
Nc=Np*0.8,0.199951171875,3276,0.732757771073404
Nc=Np*0.8,0.199951171875,3276,0.7522585401062788
Nc=Np*0.8,0.199951171875,3276,0.7427903526871573
Nc=Np*0.8,0.199951171875,3276,0.7643235460325895
Nc=Np*0.8,0.199951171875,3276,0.712145041645362
Nc=Np*0.8,0.199951171875,3276,0.7249244377257427
Nc=Np*0.8,0.199951171875,3276,0.7639789405905354
Nc=Np*0.8,0.199951171875,3276,0.7390815539326538
Nc=Np*0.8,0.199951171875,3276,0.7418277861279714
Nc=Np*0.8,0.199951171875,3276,0.7337212971187838
Nc=Np*0.8,0.199951171875,3276,0.7484981602541234
Nc=Np*0.8,0.199951171875,3276,0.776073899342722
Nc=Np*0.8,0.199951171875,3276,0.7522768810179759
Nc=Np*0.8,0.199951171875,3276,0.7402523880984565
Nc=Np*0.8,0.199951171875,3276,0.7324989856348929
Nc=Np*0.8,0.199951171875,3276,0.7143747054996779
Nc=Np*0.8,0.199951171875,3276,0.743970818488741
Nc=Np*0.8,0.199951171875,3276,0.7060462916784824
Nc=Np*0.8,0.199951171875,3276,0.7206499262294692
Nc=Np*0.8,0.199951171875,3276,0.7326799986061501
Nc=Np*0.8,0.199951171875,3276,0.7393533379450703
Nc=Np*0.8,0.199951171875,3276,0.730326092388906
Nc=Np*0.8,0.199951171875,3276,0.7357721642302676
Nc=Np*0.8,0.199951171875,3276,0.7515506549693011
Nc=Np*0.8,0.199951171875,3276,0.7277263231477216
Nc=Np*0.8,0.199951171875,3276,0.733126042527125
Nc=Np*0.8,0.199951171875,3276,0.7444181559163604
Nc=Np*0.8,0.199951171875,3276,0.7227154502398218
Nc=Np*0.8,0.199951171875,3276,0.7233962737204227
Nc=Np*0.8,0.199951171875,3276,0.7263602310404086
Nc=Np*0.8,0.199951171875,3276,0.7686068355916694
Nc=Np*0.8,0.199951171875,3276,0.7629486614330513
Nc=Np*0.8,0.199951171875,3276,0.7599845297086771
Nc=Np*0.8,0.199951171875,3276,0.7257115689659821
Nc=Np*0.8,0.199951171875,3276,0.7569685310290529
Nc=Np*0.8,0.199951171875,3276,0.7504715346232527
Nc=Np*0.8,0.199951171875,3276,0.7126345962453551
Nc=Np*0.8,0.199951171875,3276,0.7391718404859893
Nc=Np*0.8,0.199951171875,3276,0.7386895466193277
Nc=Np*0.8,0.199951171875,3276,0.7356790296329008
Nc=Np*0.8,0.199951171875,3276,0.7493369739701661
Nc=Np*0.8,0.199951171875,3276,0.7416496920402214
Nc=Np*0.8,0.199951171875,3276,0.7325797830241177
Nc=Np*0.8,0.199951171875,3276,0.7158713308769862
Nc=Np*0.8,0.199951171875,3276,0.7388181036481076
Nc=Np*0.8,0.199951171875,3276,0.7333165774757
Nc=Np*0.8,0.199951171875,3276,0.7323247747583844
Nc=Np*0.8,0.199951171875,3276,0.7368837494943369
Nc=Np*0.8,0.199951171875,3276,0.7537455882942773
Nc=Np*0.8,0.199951171875,3276,0.7666920265704779
Nc=Np*0.8,0.199951171875,3276,0.7259235252173805
Nc=Np*0.8,0.199951171875,3276,0.7353452565713519
Nc=Np*0.8,0.199951171875,3276,0.7465242848156688
Nc=Np*0.8,0.199951171875,3276,0.71914653140313
Nc=Np*0.8,0.199951171875,3276,0.7358609828902437
Nc=Np*0.8,0.199951171875,3276,0.7280496484832809
Nc=Np*0.8,0.199951171875,3276,0.7376205066137873
Nc=Np*0.8,0.199951171875,3276,0.7324346093228005
Nc=Np*0.8,0.29998779296875,4915,0.7036602282188541
Nc=Np*0.8,0.29998779296875,4915,0.7193529608400453
Nc=Np*0.8,0.29998779296875,4915,0.6895064385753309
Nc=Np*0.8,0.29998779296875,4915,0.7082240152438342
Nc=Np*0.8,0.29998779296875,4915,0.7353106298295974
Nc=Np*0.8,0.29998779296875,4915,0.7260305818929936
Nc=Np*0.8,0.29998779296875,4915,0.7073202350201001
Nc=Np*0.8,0.29998779296875,4915,0.7222594397705292
Nc=Np*0.8,0.29998779296875,4915,0.707277567811637
Nc=Np*0.8,0.29998779296875,4915,0.7203115792195082
Nc=Np*0.8,0.29998779296875,4915,0.7257015792346152
Nc=Np*0.8,0.29998779296875,4915,0.677272803070639
Nc=Np*0.8,0.29998779296875,4915,0.7100415435551756
Nc=Np*0.8,0.29998779296875,4915,0.6933755121350782
Nc=Np*0.8,0.29998779296875,4915,0.7137441383461695
Nc=Np*0.8,0.29998779296875,4915,0.693286307361786
Nc=Np*0.8,0.29998779296875,4915,0.7340461162826285
Nc=Np*0.8,0.29998779296875,4915,0.7119071096331304
Nc=Np*0.8,0.29998779296875,4915,0.7089038835042613
Nc=Np*0.8,0.29998779296875,4915,0.7063113845861096
Nc=Np*0.8,0.29998779296875,4915,0.7079919315560684
Nc=Np*0.8,0.29998779296875,4915,0.7177142269620759
Nc=Np*0.8,0.29998779296875,4915,0.6986444746988525
Nc=Np*0.8,0.29998779296875,4915,0.7076007807702591
Nc=Np*0.8,0.29998779296875,4915,0.7076345024116385
Nc=Np*0.8,0.29998779296875,4915,0.7355788518497826
Nc=Np*0.8,0.29998779296875,4915,0.709915576768956
Nc=Np*0.8,0.29998779296875,4915,0.7000109019351786
Nc=Np*0.8,0.29998779296875,4915,0.727649200361898
Nc=Np*0.8,0.29998779296875,4915,0.7135172431162043
Nc=Np*0.8,0.29998779296875,4915,0.7142829842599011
Nc=Np*0.8,0.29998779296875,4915,0.7093104056171713
Nc=Np*0.8,0.29998779296875,4915,0.7272903092059966
Nc=Np*0.8,0.29998779296875,4915,0.6928672383476764
Nc=Np*0.8,0.29998779296875,4915,0.6946875487218466
Nc=Np*0.8,0.29998779296875,4915,0.7278967870762064
Nc=Np*0.8,0.29998779296875,4915,0.6963645351036495
Nc=Np*0.8,0.29998779296875,4915,0.7254044942356443
Nc=Np*0.8,0.29998779296875,4915,0.7179131864539998
Nc=Np*0.8,0.29998779296875,4915,0.6902565632123456
Nc=Np*0.8,0.29998779296875,4915,0.7003060433493228
Nc=Np*0.8,0.29998779296875,4915,0.6967560437259678
Nc=Np*0.8,0.29998779296875,4915,0.711783524704232
Nc=Np*0.8,0.29998779296875,4915,0.67161458175581
Nc=Np*0.8,0.29998779296875,4915,0.7370177161714313
Nc=Np*0.8,0.29998779296875,4915,0.7401419094628237
Nc=Np*0.8,0.29998779296875,4915,0.7290447866127122
Nc=Np*0.8,0.29998779296875,4915,0.6961882291453643
Nc=Np*0.8,0.29998779296875,4915,0.7064370069076963
Nc=Np*0.8,0.29998779296875,4915,0.7079791779182257
Nc=Np*0.8,0.29998779296875,4915,0.675264672663693
Nc=Np*0.8,0.29998779296875,4915,0.7111073156718757
Nc=Np*0.8,0.29998779296875,4915,0.7046554851119528
Nc=Np*0.8,0.29998779296875,4915,0.695582199734172
Nc=Np*0.8,0.29998779296875,4915,0.7224369632651456
Nc=Np*0.8,0.29998779296875,4915,0.7038959654925914
Nc=Np*0.8,0.29998779296875,4915,0.7069146468336315
Nc=Np*0.8,0.29998779296875,4915,0.6762013966074333
Nc=Np*0.8,0.29998779296875,4915,0.6878293797073365
Nc=Np*0.8,0.29998779296875,4915,0.6867407782268923
Nc=Np*0.8,0.29998779296875,4915,0.7060688292637238
Nc=Np*0.8,0.29998779296875,4915,0.6999760799680385
Nc=Np*0.8,0.29998779296875,4915,0.7021927626369013
Nc=Np*0.8,0.29998779296875,4915,0.7144397779341458
Nc=Np*0.8,0.29998779296875,4915,0.6904909701769864
Nc=Np*0.8,0.29998779296875,4915,0.7108334047069395
Nc=Np*0.8,0.29998779296875,4915,0.698777478362516
Nc=Np*0.8,0.29998779296875,4915,0.6943365490563057
Nc=Np*0.8,0.29998779296875,4915,0.701230415243187
Nc=Np*0.8,0.29998779296875,4915,0.7214580337674116
Nc=Np*0.8,0.29998779296875,4915,0.7440436850034869
Nc=Np*0.8,0.29998779296875,4915,0.6779968149392643
Nc=Np*0.8,0.29998779296875,4915,0.6886992953076639
Nc=Np*0.8,0.29998779296875,4915,0.7077329334246643
Nc=Np*0.8,0.29998779296875,4915,0.6884356050106342
Nc=Np*0.8,0.29998779296875,4915,0.719601106186287
Nc=Np*0.8,0.29998779296875,4915,0.7065829769992261
Nc=Np*0.8,0.29998779296875,4915,0.6980271930241665
Nc=Np*0.8,0.29998779296875,4915,0.7143487455991038
Nc=Np*0.8,0.29998779296875,4915,0.7314510812301938
Nc=Np*0.8,0.29998779296875,4915,0.7264626723668538
Nc=Np*0.8,0.29998779296875,4915,0.7166061557076674
Nc=Np*0.8,0.29998779296875,4915,0.7330988285921943
Nc=Np*0.8,0.29998779296875,4915,0.701898020068566
Nc=Np*0.8,0.29998779296875,4915,0.7296613826244329
Nc=Np*0.8,0.29998779296875,4915,0.7050999073084384
Nc=Np*0.8,0.29998779296875,4915,0.7153928760536908
Nc=Np*0.8,0.29998779296875,4915,0.7182705893911061
Nc=Np*0.8,0.29998779296875,4915,0.730473780920718
Nc=Np*0.8,0.29998779296875,4915,0.7281286380440166
Nc=Np*0.8,0.29998779296875,4915,0.7121711281050749
Nc=Np*0.8,0.29998779296875,4915,0.7172227793256204
Nc=Np*0.8,0.29998779296875,4915,0.6945236198321867
Nc=Np*0.8,0.29998779296875,4915,0.723143168316932
Nc=Np*0.8,0.29998779296875,4915,0.7170751196432923
Nc=Np*0.8,0.29998779296875,4915,0.7028561643351158
Nc=Np*0.8,0.29998779296875,4915,0.7183172688568878
Nc=Np*0.8,0.29998779296875,4915,0.6873706330475509
Nc=Np*0.8,0.29998779296875,4915,0.7118555760740335
Nc=Np*0.8,0.29998779296875,4915,0.718244234627132
Nc=Np*0.8,0.39996337890625,6553,0.6665352508435978
Nc=Np*0.8,0.39996337890625,6553,0.6548013062073694
Nc=Np*0.8,0.39996337890625,6553,0.6781737203081342
Nc=Np*0.8,0.39996337890625,6553,0.6964722248173659
Nc=Np*0.8,0.39996337890625,6553,0.6601132204273643
Nc=Np*0.8,0.39996337890625,6553,0.7068398760476318
Nc=Np*0.8,0.39996337890625,6553,0.7064674775904086
Nc=Np*0.8,0.39996337890625,6553,0.6798466819465048
Nc=Np*0.8,0.39996337890625,6553,0.6523669320272497
Nc=Np*0.8,0.39996337890625,6553,0.6796392443244523
Nc=Np*0.8,0.39996337890625,6553,0.685619498299886
Nc=Np*0.8,0.39996337890625,6553,0.6625105272266008
Nc=Np*0.8,0.39996337890625,6553,0.6856302684319053
Nc=Np*0.8,0.39996337890625,6553,0.6664919960335554
Nc=Np*0.8,0.39996337890625,6553,0.721978935185595
Nc=Np*0.8,0.39996337890625,6553,0.6488746922732167
Nc=Np*0.8,0.39996337890625,6553,0.6560230626574347
Nc=Np*0.8,0.39996337890625,6553,0.6691477805313266
Nc=Np*0.8,0.39996337890625,6553,0.7164430825207286
Nc=Np*0.8,0.39996337890625,6553,0.6638333123411613
Nc=Np*0.8,0.39996337890625,6553,0.7017509800693464
Nc=Np*0.8,0.39996337890625,6553,0.6395016473522814
Nc=Np*0.8,0.39996337890625,6553,0.6636632623814568
Nc=Np*0.8,0.39996337890625,6553,0.6756088354949099
Nc=Np*0.8,0.39996337890625,6553,0.6799167481689097
Nc=Np*0.8,0.39996337890625,6553,0.6659599065026909
Nc=Np*0.8,0.39996337890625,6553,0.6906672686165699
Nc=Np*0.8,0.39996337890625,6553,0.6870484774438269
Nc=Np*0.8,0.39996337890625,6553,0.6865641480628362
Nc=Np*0.8,0.39996337890625,6553,0.7044880807045105
Nc=Np*0.8,0.39996337890625,6553,0.6653900983325224
Nc=Np*0.8,0.39996337890625,6553,0.7030906032733133
Nc=Np*0.8,0.39996337890625,6553,0.6791866059698551
Nc=Np*0.8,0.39996337890625,6553,0.6577326426248339
Nc=Np*0.8,0.39996337890625,6553,0.673717694635054
Nc=Np*0.8,0.39996337890625,6553,0.6690790642148985
Nc=Np*0.8,0.39996337890625,6553,0.6809411787115264
Nc=Np*0.8,0.39996337890625,6553,0.6590532877616978
Nc=Np*0.8,0.39996337890625,6553,0.6756741182248737
Nc=Np*0.8,0.39996337890625,6553,0.6661160361803712
Nc=Np*0.8,0.39996337890625,6553,0.6587385368044744
Nc=Np*0.8,0.39996337890625,6553,0.6731428266022206
Nc=Np*0.8,0.39996337890625,6553,0.7029846259575995
Nc=Np*0.8,0.39996337890625,6553,0.6705449175767377
Nc=Np*0.8,0.39996337890625,6553,0.6780275446410742
Nc=Np*0.8,0.39996337890625,6553,0.6821055407738125
Nc=Np*0.8,0.39996337890625,6553,0.6719830132326967
Nc=Np*0.8,0.39996337890625,6553,0.7151663613209672
Nc=Np*0.8,0.39996337890625,6553,0.6937363177785778
Nc=Np*0.8,0.39996337890625,6553,0.669668861962822
Nc=Np*0.8,0.39996337890625,6553,0.6811772447289353
Nc=Np*0.8,0.39996337890625,6553,0.6229726367976073
Nc=Np*0.8,0.39996337890625,6553,0.6654080399637801
Nc=Np*0.8,0.39996337890625,6553,0.6702148762678823
Nc=Np*0.8,0.39996337890625,6553,0.692431245742965
Nc=Np*0.8,0.39996337890625,6553,0.6774375722969227
Nc=Np*0.8,0.39996337890625,6553,0.6646683837871349
Nc=Np*0.8,0.39996337890625,6553,0.678578323624282
Nc=Np*0.8,0.39996337890625,6553,0.6911000853374106
Nc=Np*0.8,0.39996337890625,6553,0.5885726994465439
Nc=Np*0.8,0.39996337890625,6553,0.66872277787429
Nc=Np*0.8,0.39996337890625,6553,0.6982718580244537
Nc=Np*0.8,0.39996337890625,6553,0.6837891684587315
Nc=Np*0.8,0.39996337890625,6553,0.7021400598628558
Nc=Np*0.8,0.39996337890625,6553,0.6837791606327204
Nc=Np*0.8,0.39996337890625,6553,0.6968283344543764
Nc=Np*0.8,0.39996337890625,6553,0.6792166541803513
Nc=Np*0.8,0.39996337890625,6553,0.6880336250131266
Nc=Np*0.8,0.39996337890625,6553,0.6467083039646055
Nc=Np*0.8,0.39996337890625,6553,0.6590645815399324
Nc=Np*0.8,0.39996337890625,6553,0.6861813646629129
Nc=Np*0.8,0.39996337890625,6553,0.682161888333545
Nc=Np*0.8,0.39996337890625,6553,0.6687562003609013
Nc=Np*0.8,0.39996337890625,6553,0.6835921987423422
Nc=Np*0.8,0.39996337890625,6553,0.6716220791507737
Nc=Np*0.8,0.39996337890625,6553,0.6464872441172271
Nc=Np*0.8,0.39996337890625,6553,0.6685273552752351
Nc=Np*0.8,0.39996337890625,6553,0.6530897243094829
Nc=Np*0.8,0.39996337890625,6553,0.6450999427001527
Nc=Np*0.8,0.39996337890625,6553,0.6586353316182924
Nc=Np*0.8,0.39996337890625,6553,0.6787473865717457
Nc=Np*0.8,0.39996337890625,6553,0.6749762231015786
Nc=Np*0.8,0.39996337890625,6553,0.6529653691904229
Nc=Np*0.8,0.39996337890625,6553,0.6462359558638465
Nc=Np*0.8,0.39996337890625,6553,0.6330979059832376
Nc=Np*0.8,0.39996337890625,6553,0.674329660710169
Nc=Np*0.8,0.39996337890625,6553,0.6842795825717672
Nc=Np*0.8,0.39996337890625,6553,0.6805875490686889
Nc=Np*0.8,0.39996337890625,6553,0.6532844382483873
Nc=Np*0.8,0.39996337890625,6553,0.6546463683172268
Nc=Np*0.8,0.39996337890625,6553,0.6234867434905033
Nc=Np*0.8,0.39996337890625,6553,0.6670980131989414
Nc=Np*0.8,0.39996337890625,6553,0.6328326649829085
Nc=Np*0.8,0.39996337890625,6553,0.6605055503965072
Nc=Np*0.8,0.39996337890625,6553,0.6896266892427635
Nc=Np*0.8,0.39996337890625,6553,0.6782221035507773
Nc=Np*0.8,0.39996337890625,6553,0.7090511417909647
Nc=Np*0.8,0.39996337890625,6553,0.698188595939499
Nc=Np*0.8,0.39996337890625,6553,0.6527649331673615
Nc=Np*0.8,0.39996337890625,6553,0.6638013284689072
Nc=Np*0.8,0.5,8192,0.6629707212039082
Nc=Np*0.8,0.5,8192,0.6471201935890355
Nc=Np*0.8,0.5,8192,0.656284850240442
Nc=Np*0.8,0.5,8192,0.6668379857414384
Nc=Np*0.8,0.5,8192,0.6262212529069334
Nc=Np*0.8,0.5,8192,0.6690003229813717
Nc=Np*0.8,0.5,8192,0.6570887914230058
Nc=Np*0.8,0.5,8192,0.6711058034457528
Nc=Np*0.8,0.5,8192,0.6158816318328355
Nc=Np*0.8,0.5,8192,0.6086019419150722
Nc=Np*0.8,0.5,8192,0.6546992870518155
Nc=Np*0.8,0.5,8192,0.6537980034267936
Nc=Np*0.8,0.5,8192,0.6752127288280952
Nc=Np*0.8,0.5,8192,0.6746116468219214
Nc=Np*0.8,0.5,8192,0.6422507501771841
Nc=Np*0.8,0.5,8192,0.604196058414624
Nc=Np*0.8,0.5,8192,0.6170381581938268
Nc=Np*0.8,0.5,8192,0.6505922657153369
Nc=Np*0.8,0.5,8192,0.6144531724983068
Nc=Np*0.8,0.5,8192,0.6071132804754257
Nc=Np*0.8,0.5,8192,0.6478658357147594
Nc=Np*0.8,0.5,8192,0.6563276241734061
Nc=Np*0.8,0.5,8192,0.6678635828616295
Nc=Np*0.8,0.5,8192,0.6126172088737797
Nc=Np*0.8,0.5,8192,0.6340166167775474
Nc=Np*0.8,0.5,8192,0.6423646394047419
Nc=Np*0.8,0.5,8192,0.6233073231222579
Nc=Np*0.8,0.5,8192,0.6784197193937862
Nc=Np*0.8,0.5,8192,0.6108060967392953
Nc=Np*0.8,0.5,8192,0.6328304485058822
Nc=Np*0.8,0.5,8192,0.6323484864405469
Nc=Np*0.8,0.5,8192,0.6147133921384921
Nc=Np*0.8,0.5,8192,0.6091198540859183
Nc=Np*0.8,0.5,8192,0.6824508461848801
Nc=Np*0.8,0.5,8192,0.6327710348320039
Nc=Np*0.8,0.5,8192,0.6167443414694791
Nc=Np*0.8,0.5,8192,0.6701122430098226
Nc=Np*0.8,0.5,8192,0.6636529856249376
Nc=Np*0.8,0.5,8192,0.6782900365605702
Nc=Np*0.8,0.5,8192,0.6235852003975113
Nc=Np*0.8,0.5,8192,0.6733678263097803
Nc=Np*0.8,0.5,8192,0.6695969076351628
Nc=Np*0.8,0.5,8192,0.6273501339522102
Nc=Np*0.8,0.5,8192,0.6499485028169366
Nc=Np*0.8,0.5,8192,0.616982191038837
Nc=Np*0.8,0.5,8192,0.6280002924657492
Nc=Np*0.8,0.5,8192,0.6492482883025222
Nc=Np*0.8,0.5,8192,0.6489712891405458
Nc=Np*0.8,0.5,8192,0.6896497596682118
Nc=Np*0.8,0.5,8192,0.6238407130597898
Nc=Np*0.8,0.5,8192,0.6161063087924373
Nc=Np*0.8,0.5,8192,0.6833022614663409
Nc=Np*0.8,0.5,8192,0.6526835176492158
Nc=Np*0.8,0.5,8192,0.590513809944256
Nc=Np*0.8,0.5,8192,0.6035550410425995
Nc=Np*0.8,0.5,8192,0.646976639774286
Nc=Np*0.8,0.5,8192,0.6140479060030706
Nc=Np*0.8,0.5,8192,0.6265772884361454
Nc=Np*0.8,0.5,8192,0.6268690621978193
Nc=Np*0.8,0.5,8192,0.6386026848896399
Nc=Np*0.8,0.5,8192,0.6331033888832488
Nc=Np*0.8,0.5,8192,0.6252376027807848
Nc=Np*0.8,0.5,8192,0.6509446516301461
Nc=Np*0.8,0.5,8192,0.6202098839884251
Nc=Np*0.8,0.5,8192,0.6024794922926195
Nc=Np*0.8,0.5,8192,0.64205631550957
Nc=Np*0.8,0.5,8192,0.6410037167969682
Nc=Np*0.8,0.5,8192,0.6556278822352267
Nc=Np*0.8,0.5,8192,0.6552025250335655
Nc=Np*0.8,0.5,8192,0.6217807994185732
Nc=Np*0.8,0.5,8192,0.6446964789239822
Nc=Np*0.8,0.5,8192,0.6593991662305947
Nc=Np*0.8,0.5,8192,0.59971415518507
Nc=Np*0.8,0.5,8192,0.649145882791943
Nc=Np*0.8,0.5,8192,0.6225425619152857
Nc=Np*0.8,0.5,8192,0.6051739556860092
Nc=Np*0.8,0.5,8192,0.6345050627111163
Nc=Np*0.8,0.5,8192,0.5978505682903742
Nc=Np*0.8,0.5,8192,0.6187938574707753
Nc=Np*0.8,0.5,8192,0.5983277457240128
Nc=Np*0.8,0.5,8192,0.6013451619033036
Nc=Np*0.8,0.5,8192,0.6545442780566779
Nc=Np*0.8,0.5,8192,0.5970336255677262
Nc=Np*0.8,0.5,8192,0.6641568055169688
Nc=Np*0.8,0.5,8192,0.5935734871182088
Nc=Np*0.8,0.5,8192,0.640010646591063
Nc=Np*0.8,0.5,8192,0.6476151030959633
Nc=Np*0.8,0.5,8192,0.652864270306246
Nc=Np*0.8,0.5,8192,0.6290485588266588
Nc=Np*0.8,0.5,8192,0.6653333876601604
Nc=Np*0.8,0.5,8192,0.6237928077020248
Nc=Np*0.8,0.5,8192,0.6735131777816471
Nc=Np*0.8,0.5,8192,0.6355142820384521
Nc=Np*0.8,0.5,8192,0.6394368765199722
Nc=Np*0.8,0.5,8192,0.6200556564350841
Nc=Np*0.8,0.5,8192,0.606925337711654
Nc=Np*0.8,0.5,8192,0.6273591244141012
Nc=Np*0.8,0.5,8192,0.6464748085593014
Nc=Np*0.8,0.5,8192,0.5989922463164129
Nc=Np*0.8,0.5,8192,0.6570908650967116
Nc=Np*0.8,0.5999755859375,9830,0.6245262909873718
Nc=Np*0.8,0.5999755859375,9830,0.5752760087198276
Nc=Np*0.8,0.5999755859375,9830,0.6083055919550086
Nc=Np*0.8,0.5999755859375,9830,0.6243405865214277
Nc=Np*0.8,0.5999755859375,9830,0.6440357435342137
Nc=Np*0.8,0.5999755859375,9830,0.5925570287550326
Nc=Np*0.8,0.5999755859375,9830,0.5752744789128521
Nc=Np*0.8,0.5999755859375,9830,0.5948549022464277
Nc=Np*0.8,0.5999755859375,9830,0.7070851387741988
Nc=Np*0.8,0.5999755859375,9830,0.6031926075089853
Nc=Np*0.8,0.5999755859375,9830,0.6248839158691167
Nc=Np*0.8,0.5999755859375,9830,0.6321061302076685
Nc=Np*0.8,0.5999755859375,9830,0.6362519082273257
Nc=Np*0.8,0.5999755859375,9830,0.6369939694781972
Nc=Np*0.8,0.5999755859375,9830,0.6362096094070524
Nc=Np*0.8,0.5999755859375,9830,0.5938271741462479
Nc=Np*0.8,0.5999755859375,9830,0.5759586446231846
Nc=Np*0.8,0.5999755859375,9830,0.6291146776495544
Nc=Np*0.8,0.5999755859375,9830,0.5917665054637206
Nc=Np*0.8,0.5999755859375,9830,0.5882890856021838
Nc=Np*0.8,0.5999755859375,9830,0.6451836346981403
Nc=Np*0.8,0.5999755859375,9830,0.6517667294011553
Nc=Np*0.8,0.5999755859375,9830,0.6090122921451524
Nc=Np*0.8,0.5999755859375,9830,0.6493307477280831
Nc=Np*0.8,0.5999755859375,9830,0.6515431610098228
Nc=Np*0.8,0.5999755859375,9830,0.6368927295818002
Nc=Np*0.8,0.5999755859375,9830,0.5686234183029616
Nc=Np*0.8,0.5999755859375,9830,0.5344375313922446
Nc=Np*0.8,0.5999755859375,9830,0.6543776026802631
Nc=Np*0.8,0.5999755859375,9830,0.6437706949929762
Nc=Np*0.8,0.5999755859375,9830,0.5908476763594704
Nc=Np*0.8,0.5999755859375,9830,0.6180047577856912
Nc=Np*0.8,0.5999755859375,9830,0.6138078753033657
Nc=Np*0.8,0.5999755859375,9830,0.6000246524422309
Nc=Np*0.8,0.5999755859375,9830,0.5867813871235792
Nc=Np*0.8,0.5999755859375,9830,0.6158005094445451
Nc=Np*0.8,0.5999755859375,9830,0.6573779953168318
Nc=Np*0.8,0.5999755859375,9830,0.6144688945756572
Nc=Np*0.8,0.5999755859375,9830,0.6155354006189533
Nc=Np*0.8,0.5999755859375,9830,0.6160972518391585
Nc=Np*0.8,0.5999755859375,9830,0.6058579029844418
Nc=Np*0.8,0.5999755859375,9830,0.6593152902365349
Nc=Np*0.8,0.5999755859375,9830,0.5851339887394844
Nc=Np*0.8,0.5999755859375,9830,0.6156277026064412
Nc=Np*0.8,0.5999755859375,9830,0.5623921009493043
Nc=Np*0.8,0.5999755859375,9830,0.6430649703206873
Nc=Np*0.8,0.5999755859375,9830,0.5911162621362352
Nc=Np*0.8,0.5999755859375,9830,0.5968599349434722
Nc=Np*0.8,0.5999755859375,9830,0.6231919196335032
Nc=Np*0.8,0.5999755859375,9830,0.6237713050727918
Nc=Np*0.8,0.5999755859375,9830,0.6082293533392253
Nc=Np*0.8,0.5999755859375,9830,0.600497736796976
Nc=Np*0.8,0.5999755859375,9830,0.5829438190527154
Nc=Np*0.8,0.5999755859375,9830,0.6249041461503773
Nc=Np*0.8,0.5999755859375,9830,0.6244071083806961
Nc=Np*0.8,0.5999755859375,9830,0.5903695143811163
Nc=Np*0.8,0.5999755859375,9830,0.643818369844735
Nc=Np*0.8,0.5999755859375,9830,0.577043522033556
Nc=Np*0.8,0.5999755859375,9830,0.6191226631103497
Nc=Np*0.8,0.5999755859375,9830,0.6157046801372023
Nc=Np*0.8,0.5999755859375,9830,0.6221070692470074
Nc=Np*0.8,0.5999755859375,9830,0.6354022401608763
Nc=Np*0.8,0.5999755859375,9830,0.6469106112696913
Nc=Np*0.8,0.5999755859375,9830,0.6236982870265279
Nc=Np*0.8,0.5999755859375,9830,0.620745370048939
Nc=Np*0.8,0.5999755859375,9830,0.6322263262903508
Nc=Np*0.8,0.5999755859375,9830,0.6346862191296563
Nc=Np*0.8,0.5999755859375,9830,0.5979852359263008
Nc=Np*0.8,0.5999755859375,9830,0.6249768058134768
Nc=Np*0.8,0.5999755859375,9830,0.5738643426451714
Nc=Np*0.8,0.5999755859375,9830,0.6204062028056517
Nc=Np*0.8,0.5999755859375,9830,0.6342035761299942
Nc=Np*0.8,0.5999755859375,9830,0.6516474216008408
Nc=Np*0.8,0.5999755859375,9830,0.6316580743052858
Nc=Np*0.8,0.5999755859375,9830,0.6214362435884824
Nc=Np*0.8,0.5999755859375,9830,0.6272565781107168
Nc=Np*0.8,0.5999755859375,9830,0.60834579792631
Nc=Np*0.8,0.5999755859375,9830,0.6133843845253187
Nc=Np*0.8,0.5999755859375,9830,0.6314239325615228
Nc=Np*0.8,0.5999755859375,9830,0.6254226246385106
Nc=Np*0.8,0.5999755859375,9830,0.6307229042476907
Nc=Np*0.8,0.5999755859375,9830,0.6184541736464315
Nc=Np*0.8,0.5999755859375,9830,0.6488780224733578
Nc=Np*0.8,0.5999755859375,9830,0.6439730353170936
Nc=Np*0.8,0.5999755859375,9830,0.6658262429821926
Nc=Np*0.8,0.5999755859375,9830,0.5591891969391425
Nc=Np*0.8,0.5999755859375,9830,0.6276894903372012
Nc=Np*0.8,0.5999755859375,9830,0.5867848428562334
Nc=Np*0.8,0.5999755859375,9830,0.591742103460313
Nc=Np*0.8,0.5999755859375,9830,0.6422702113988296
Nc=Np*0.8,0.5999755859375,9830,0.6365644963680734
Nc=Np*0.8,0.5999755859375,9830,0.6502372211858496
Nc=Np*0.8,0.5999755859375,9830,0.6397654406020566
Nc=Np*0.8,0.5999755859375,9830,0.6250474446239499
Nc=Np*0.8,0.5999755859375,9830,0.6667808804990036
Nc=Np*0.8,0.5999755859375,9830,0.5661584442523467
Nc=Np*0.8,0.5999755859375,9830,0.5624332961918845
Nc=Np*0.8,0.5999755859375,9830,0.5749129573332683
Nc=Np*0.8,0.5999755859375,9830,0.680071284266361
Nc=Np*0.8,0.5999755859375,9830,0.6269220936425076
Nc=Np*0.8,0.699951171875,11468,0.6041367831184087
Nc=Np*0.8,0.699951171875,11468,0.6373544512155921
Nc=Np*0.8,0.699951171875,11468,0.5957465224832341
Nc=Np*0.8,0.699951171875,11468,0.5825857613256447
Nc=Np*0.8,0.699951171875,11468,0.7130426247887274
Nc=Np*0.8,0.699951171875,11468,0.6228260377594272
Nc=Np*0.8,0.699951171875,11468,0.6264725862861665
Nc=Np*0.8,0.699951171875,11468,0.6260969537848076
Nc=Np*0.8,0.699951171875,11468,0.595753293801355
Nc=Np*0.8,0.699951171875,11468,0.6170580353034539
Nc=Np*0.8,0.699951171875,11468,0.6042696321000056
Nc=Np*0.8,0.699951171875,11468,0.6456479829369943
Nc=Np*0.8,0.699951171875,11468,0.5996336255716412
Nc=Np*0.8,0.699951171875,11468,0.6468924414800744
Nc=Np*0.8,0.699951171875,11468,0.5847876043678888
Nc=Np*0.8,0.699951171875,11468,0.5852715361024801
Nc=Np*0.8,0.699951171875,11468,0.6312132875868841
Nc=Np*0.8,0.699951171875,11468,0.6338356159656742
Nc=Np*0.8,0.699951171875,11468,0.5626918513171141
Nc=Np*0.8,0.699951171875,11468,0.6557684264295361
Nc=Np*0.8,0.699951171875,11468,0.5798018646594632
Nc=Np*0.8,0.699951171875,11468,0.6527439211176034
Nc=Np*0.8,0.699951171875,11468,0.6050762504410787
Nc=Np*0.8,0.699951171875,11468,0.5913677332825154
Nc=Np*0.8,0.699951171875,11468,0.6510719821030712
Nc=Np*0.8,0.699951171875,11468,0.5811721202637289
Nc=Np*0.8,0.699951171875,11468,0.6770506710732777
Nc=Np*0.8,0.699951171875,11468,0.5477843189944832
Nc=Np*0.8,0.699951171875,11468,0.5583456787708142
Nc=Np*0.8,0.699951171875,11468,0.6334775491334157
Nc=Np*0.8,0.699951171875,11468,0.6842763940216562
Nc=Np*0.8,0.699951171875,11468,0.6879093697540839
Nc=Np*0.8,0.699951171875,11468,0.6191334522962325
Nc=Np*0.8,0.699951171875,11468,0.5500152524655402
Nc=Np*0.8,0.699951171875,11468,0.6400766030732638
Nc=Np*0.8,0.699951171875,11468,0.5461790449886132
Nc=Np*0.8,0.699951171875,11468,0.6501810705897536
Nc=Np*0.8,0.699951171875,11468,0.6936043159143375
Nc=Np*0.8,0.699951171875,11468,0.6443034030421142
Nc=Np*0.8,0.699951171875,11468,0.6038829467322033
Nc=Np*0.8,0.699951171875,11468,0.6979069933691945
Nc=Np*0.8,0.699951171875,11468,0.6497538929951724
Nc=Np*0.8,0.699951171875,11468,0.562601746312778
Nc=Np*0.8,0.699951171875,11468,0.6138442546613901
Nc=Np*0.8,0.699951171875,11468,0.5926278887369814
Nc=Np*0.8,0.699951171875,11468,0.6720820335388485
Nc=Np*0.8,0.699951171875,11468,0.5976573316300722
Nc=Np*0.8,0.699951171875,11468,0.6214968678204077
Nc=Np*0.8,0.699951171875,11468,0.5909154016885689
Nc=Np*0.8,0.699951171875,11468,0.5880014151037087
Nc=Np*0.8,0.699951171875,11468,0.5670838069868396
Nc=Np*0.8,0.699951171875,11468,0.580266547933091
Nc=Np*0.8,0.699951171875,11468,0.6527519495113134
Nc=Np*0.8,0.699951171875,11468,0.6405659299194258
Nc=Np*0.8,0.699951171875,11468,0.644142939671436
Nc=Np*0.8,0.699951171875,11468,0.595972393059659
Nc=Np*0.8,0.699951171875,11468,0.6305272526052774
Nc=Np*0.8,0.699951171875,11468,0.548274830327053
Nc=Np*0.8,0.699951171875,11468,0.5872177305501862
Nc=Np*0.8,0.699951171875,11468,0.6454307793030536
Nc=Np*0.8,0.699951171875,11468,0.6005333477748825
Nc=Np*0.8,0.699951171875,11468,0.6497041573372311
Nc=Np*0.8,0.699951171875,11468,0.6226560027270535
Nc=Np*0.8,0.699951171875,11468,0.6121550523464665
Nc=Np*0.8,0.699951171875,11468,0.6203036010922325
Nc=Np*0.8,0.699951171875,11468,0.5894405661975394
Nc=Np*0.8,0.699951171875,11468,0.5770701325125468
Nc=Np*0.8,0.699951171875,11468,0.6146976170722057
Nc=Np*0.8,0.699951171875,11468,0.6248641266016204
Nc=Np*0.8,0.699951171875,11468,0.6094072306044368
Nc=Np*0.8,0.699951171875,11468,0.6148394126705606
Nc=Np*0.8,0.699951171875,11468,0.6327930374185874
Nc=Np*0.8,0.699951171875,11468,0.6565238375800343
Nc=Np*0.8,0.699951171875,11468,0.5510970315034591
Nc=Np*0.8,0.699951171875,11468,0.5147501601428235
Nc=Np*0.8,0.699951171875,11468,0.6362794944423621
Nc=Np*0.8,0.699951171875,11468,0.5896886408878599
Nc=Np*0.8,0.699951171875,11468,0.6498513020446534
Nc=Np*0.8,0.699951171875,11468,0.5872846821990392
Nc=Np*0.8,0.699951171875,11468,0.6569911458013759
Nc=Np*0.8,0.699951171875,11468,0.6305280004414909
Nc=Np*0.8,0.699951171875,11468,0.6295376387852533
Nc=Np*0.8,0.699951171875,11468,0.6171023058593157
Nc=Np*0.8,0.699951171875,11468,0.6101750676797487
Nc=Np*0.8,0.699951171875,11468,0.607613409423646
Nc=Np*0.8,0.699951171875,11468,0.6556028988180014
Nc=Np*0.8,0.699951171875,11468,0.6764575888885236
Nc=Np*0.8,0.699951171875,11468,0.5680607715083726
Nc=Np*0.8,0.699951171875,11468,0.5845261881273376
Nc=Np*0.8,0.699951171875,11468,0.5796243030153415
Nc=Np*0.8,0.699951171875,11468,0.6670161702645713
Nc=Np*0.8,0.699951171875,11468,0.5754606491915548
Nc=Np*0.8,0.699951171875,11468,0.5867275633863464
Nc=Np*0.8,0.699951171875,11468,0.6500021999740148
Nc=Np*0.8,0.699951171875,11468,0.6367643259942413
Nc=Np*0.8,0.699951171875,11468,0.6002308046560322
Nc=Np*0.8,0.699951171875,11468,0.5560047552914839
Nc=Np*0.8,0.699951171875,11468,0.6151038370697564
Nc=Np*0.8,0.699951171875,11468,0.6396189912166402
Nc=Np*0.8,0.699951171875,11468,0.6660518739465482
Nc=Np*0.8,0.79998779296875,13107,0.6311767453153475
Nc=Np*0.8,0.79998779296875,13107,0.5596708405617107
Nc=Np*0.8,0.79998779296875,13107,0.6405932869495551
Nc=Np*0.8,0.79998779296875,13107,0.6452968568859097
Nc=Np*0.8,0.79998779296875,13107,0.6262176144868229
Nc=Np*0.8,0.79998779296875,13107,0.6359883091850355
Nc=Np*0.8,0.79998779296875,13107,0.6960643832921766
Nc=Np*0.8,0.79998779296875,13107,0.5960372389863827
Nc=Np*0.8,0.79998779296875,13107,0.6666925282434295
Nc=Np*0.8,0.79998779296875,13107,0.4633857314211752
Nc=Np*0.8,0.79998779296875,13107,0.723422683880595
Nc=Np*0.8,0.79998779296875,13107,0.6273265820258567
Nc=Np*0.8,0.79998779296875,13107,0.5910217562165726
Nc=Np*0.8,0.79998779296875,13107,0.7473996681312832
Nc=Np*0.8,0.79998779296875,13107,0.6287386490591824
Nc=Np*0.8,0.79998779296875,13107,0.561254181621306
Nc=Np*0.8,0.79998779296875,13107,0.6359087606431202
Nc=Np*0.8,0.79998779296875,13107,0.6495392218755452
Nc=Np*0.8,0.79998779296875,13107,0.6036560341280768
Nc=Np*0.8,0.79998779296875,13107,0.7878848069233235
Nc=Np*0.8,0.79998779296875,13107,0.5393417012113928
Nc=Np*0.8,0.79998779296875,13107,0.5852031138003109
Nc=Np*0.8,0.79998779296875,13107,0.5669364452857214
Nc=Np*0.8,0.79998779296875,13107,0.5695768828129776
Nc=Np*0.8,0.79998779296875,13107,0.4898379945301318
Nc=Np*0.8,0.79998779296875,13107,0.6459190600417344
Nc=Np*0.8,0.79998779296875,13107,0.556729133512774
Nc=Np*0.8,0.79998779296875,13107,0.7779363269727074
Nc=Np*0.8,0.79998779296875,13107,0.5749518996389913
Nc=Np*0.8,0.79998779296875,13107,0.6346452352721692
Nc=Np*0.8,0.79998779296875,13107,0.4998833983108188
Nc=Np*0.8,0.79998779296875,13107,0.6631647027894295
Nc=Np*0.8,0.79998779296875,13107,0.5459259490326444
Nc=Np*0.8,0.79998779296875,13107,0.589631468808599
Nc=Np*0.8,0.79998779296875,13107,0.6029133047454797
Nc=Np*0.8,0.79998779296875,13107,0.637189609860694
Nc=Np*0.8,0.79998779296875,13107,0.6135387610053753
Nc=Np*0.8,0.79998779296875,13107,0.5378069065676158
Nc=Np*0.8,0.79998779296875,13107,0.61134249591686
Nc=Np*0.8,0.79998779296875,13107,0.6641635470065932
Nc=Np*0.8,0.79998779296875,13107,0.5690527892170667
Nc=Np*0.8,0.79998779296875,13107,0.7402406898081878
Nc=Np*0.8,0.79998779296875,13107,0.6286218328063372
Nc=Np*0.8,0.79998779296875,13107,0.6607099205020984
Nc=Np*0.8,0.79998779296875,13107,0.5541659820897095
Nc=Np*0.8,0.79998779296875,13107,0.6335859026736878
Nc=Np*0.8,0.79998779296875,13107,0.5525807386370953
Nc=Np*0.8,0.79998779296875,13107,0.6213753836605963
Nc=Np*0.8,0.79998779296875,13107,0.6435490853967017
Nc=Np*0.8,0.79998779296875,13107,0.6405902729263819
Nc=Np*0.8,0.79998779296875,13107,0.6024993887972269
Nc=Np*0.8,0.79998779296875,13107,0.6154730503373684
Nc=Np*0.8,0.79998779296875,13107,0.6252028451097321
Nc=Np*0.8,0.79998779296875,13107,0.6374277103802599
Nc=Np*0.8,0.79998779296875,13107,0.6908749534862461
Nc=Np*0.8,0.79998779296875,13107,0.5569120848038521
Nc=Np*0.8,0.79998779296875,13107,0.5690799043167989
Nc=Np*0.8,0.79998779296875,13107,0.5652950655696514
Nc=Np*0.8,0.79998779296875,13107,0.6044905432084895
Nc=Np*0.8,0.79998779296875,13107,0.6197819191612944
Nc=Np*0.8,0.79998779296875,13107,0.5651433179086783
Nc=Np*0.8,0.79998779296875,13107,0.6545243977972761
Nc=Np*0.8,0.79998779296875,13107,0.6046054601168738
Nc=Np*0.8,0.79998779296875,13107,0.7248492396078512
Nc=Np*0.8,0.79998779296875,13107,0.6338285310467661
Nc=Np*0.8,0.79998779296875,13107,0.5357065649120458
Nc=Np*0.8,0.79998779296875,13107,0.6979118419711354
Nc=Np*0.8,0.79998779296875,13107,0.5948610119373793
Nc=Np*0.8,0.79998779296875,13107,0.4913982414245378
Nc=Np*0.8,0.79998779296875,13107,0.6952450068522568
Nc=Np*0.8,0.79998779296875,13107,0.6181844928920956
Nc=Np*0.8,0.79998779296875,13107,0.601748731297867
Nc=Np*0.8,0.79998779296875,13107,0.5126111138047366
Nc=Np*0.8,0.79998779296875,13107,0.6401181379418717
Nc=Np*0.8,0.79998779296875,13107,0.7139659682052749
Nc=Np*0.8,0.79998779296875,13107,0.656679442405237
Nc=Np*0.8,0.79998779296875,13107,0.6557132351815876
Nc=Np*0.8,0.79998779296875,13107,0.6079298778509841
Nc=Np*0.8,0.79998779296875,13107,0.6535074363487726
Nc=Np*0.8,0.79998779296875,13107,0.5950663595066256
Nc=Np*0.8,0.79998779296875,13107,0.557263951817942
Nc=Np*0.8,0.79998779296875,13107,0.6721534420757953
Nc=Np*0.8,0.79998779296875,13107,0.7486646863087133
Nc=Np*0.8,0.79998779296875,13107,0.5873690097435572
Nc=Np*0.8,0.79998779296875,13107,0.5373294020819485
Nc=Np*0.8,0.79998779296875,13107,0.6054252715290802
Nc=Np*0.8,0.79998779296875,13107,0.6405859888940831
Nc=Np*0.8,0.79998779296875,13107,0.55942445020508
Nc=Np*0.8,0.79998779296875,13107,0.5916837571210563
Nc=Np*0.8,0.79998779296875,13107,0.689881961277269
Nc=Np*0.8,0.79998779296875,13107,0.5881518670082844
Nc=Np*0.8,0.79998779296875,13107,0.5773743404426647
Nc=Np*0.8,0.79998779296875,13107,0.5617715187696727
Nc=Np*0.8,0.79998779296875,13107,0.5997206947930537
Nc=Np*0.8,0.79998779296875,13107,0.6733715954369806
Nc=Np*0.8,0.79998779296875,13107,0.6802517947313786
Nc=Np*0.8,0.79998779296875,13107,0.8125842834920777
Nc=Np*0.8,0.79998779296875,13107,0.7456618692118997
Nc=Np*0.8,0.79998779296875,13107,0.6629575704029758
Nc=Np*0.8,0.79998779296875,13107,0.6853099574271169
Nc=Np*0.8,0.89996337890625,14745,0.4954569338508327
Nc=Np*0.8,0.89996337890625,14745,0.947916924688022
Nc=Np*0.8,0.89996337890625,14745,0.3177278480305066
Nc=Np*0.8,0.89996337890625,14745,0.6212456262529102
Nc=Np*0.8,0.89996337890625,14745,0.7859580512878273
Nc=Np*0.8,0.89996337890625,14745,0.4015862488602955
Nc=Np*0.8,0.89996337890625,14745,0.7579869500029892
Nc=Np*0.8,0.89996337890625,14745,0.6376134903014488
Nc=Np*0.8,0.89996337890625,14745,0.4805038160970144
Nc=Np*0.8,0.89996337890625,14745,0.5275040020052545
Nc=Np*0.8,0.89996337890625,14745,0.7640470714645752
Nc=Np*0.8,0.89996337890625,14745,0.7984288923353151
Nc=Np*0.8,0.89996337890625,14745,0.7515239045047386
Nc=Np*0.8,0.89996337890625,14745,0.7594907586531506
Nc=Np*0.8,0.89996337890625,14745,0.7097235770179069
Nc=Np*0.8,0.89996337890625,14745,0.354785510463807
Nc=Np*0.8,0.89996337890625,14745,2.6792180422349987
Nc=Np*0.8,0.89996337890625,14745,0.9455310087919212
Nc=Np*0.8,0.89996337890625,14745,0.5760461553141148
Nc=Np*0.8,0.89996337890625,14745,0.7013219849617258
Nc=Np*0.8,0.89996337890625,14745,0.7847881750570722
Nc=Np*0.8,0.89996337890625,14745,0.6459216247018932
Nc=Np*0.8,0.89996337890625,14745,1.1813303750745332
Nc=Np*0.8,0.89996337890625,14745,0.5928836473368838
Nc=Np*0.8,0.89996337890625,14745,1.2356674857261958
Nc=Np*0.8,0.89996337890625,14745,0.7119066024691978
Nc=Np*0.8,0.89996337890625,14745,0.6228133864125316
Nc=Np*0.8,0.89996337890625,14745,0.7075605223238092
Nc=Np*0.8,0.89996337890625,14745,0.6519227948551799
Nc=Np*0.8,0.89996337890625,14745,0.2896505688559217
Nc=Np*0.8,0.89996337890625,14745,0.8003085943118771
Nc=Np*0.8,0.89996337890625,14745,0.5411058171045177
Nc=Np*0.8,0.89996337890625,14745,0.6204789517423245
Nc=Np*0.8,0.89996337890625,14745,0.8443101952552029
Nc=Np*0.8,0.89996337890625,14745,0.5570821763333936
Nc=Np*0.8,0.89996337890625,14745,0.5473789194581707
Nc=Np*0.8,0.89996337890625,14745,3.35039251365152
Nc=Np*0.8,0.89996337890625,14745,0.5173596274454503
Nc=Np*0.8,0.89996337890625,14745,0.8046738565600208
Nc=Np*0.8,0.89996337890625,14745,0.4356293202781896
Nc=Np*0.8,0.89996337890625,14745,0.951104003614481
Nc=Np*0.8,0.89996337890625,14745,0.8003085943118771
Nc=Np*0.8,0.89996337890625,14745,3.261143306871415
Nc=Np*0.8,0.89996337890625,14745,0.4964642201020349
Nc=Np*0.8,0.89996337890625,14745,0.6543133027974867
Nc=Np*0.8,0.89996337890625,14745,0.6150370542065908
Nc=Np*0.8,0.89996337890625,14745,0.4751379069988978
Nc=Np*0.8,0.89996337890625,14745,1.0893734614248145
Nc=Np*0.8,0.89996337890625,14745,0.5971128860587153
Nc=Np*0.8,0.89996337890625,14745,0.4395469557823236
Nc=Np*0.8,0.89996337890625,14745,0.5639376304270353
Nc=Np*0.8,0.89996337890625,14745,0.85007194959053
Nc=Np*0.8,0.89996337890625,14745,0.5602613380548874
Nc=Np*0.8,0.89996337890625,14745,0.4827623220266058
Nc=Np*0.8,0.89996337890625,14745,0.5844278766697427
Nc=Np*0.8,0.89996337890625,14745,0.5717359091392222
Nc=Np*0.8,0.89996337890625,14745,0.7115863465642341
Nc=Np*0.8,0.89996337890625,14745,0.4460751786855141
Nc=Np*0.8,0.89996337890625,14745,0.5156746777058114
Nc=Np*0.8,0.89996337890625,14745,0.4345310372564117
Nc=Np*0.8,0.89996337890625,14745,0.354655384701964
Nc=Np*0.8,0.89996337890625,14745,0.9146334980512963
Nc=Np*0.8,0.89996337890625,14745,0.8534141706368374
Nc=Np*0.8,0.89996337890625,14745,0.6811001830353955
Nc=Np*0.8,0.89996337890625,14745,0.4096854443056745
Nc=Np*0.8,0.89996337890625,14745,0.7976909648511037
Nc=Np*0.8,0.89996337890625,14745,0.6473005748615951
Nc=Np*0.8,0.89996337890625,14745,0.6924885147190041
Nc=Np*0.8,0.89996337890625,14745,0.6661020877814966
Nc=Np*0.8,0.89996337890625,14745,0.6376035035076778
Nc=Np*0.8,0.89996337890625,14745,0.4438090133878783
Nc=Np*0.8,0.89996337890625,14745,0.5880706698903744
Nc=Np*0.8,0.89996337890625,14745,0.4855999839761033
Nc=Np*0.8,0.89996337890625,14745,0.4909525093607591
Nc=Np*0.8,0.89996337890625,14745,0.6559065415399228
Nc=Np*0.8,0.89996337890625,14745,0.5665158845814142
Nc=Np*0.8,0.89996337890625,14745,0.5967976356776826
Nc=Np*0.8,0.89996337890625,14745,0.6442181165453761
Nc=Np*0.8,0.89996337890625,14745,0.5283125010091476
Nc=Np*0.8,0.89996337890625,14745,1.1313616240420477
Nc=Np*0.8,0.89996337890625,14745,0.5928836473368838
Nc=Np*0.8,0.89996337890625,14745,0.5966702453123828
Nc=Np*0.8,0.89996337890625,14745,0.5166101321291078
Nc=Np*0.8,0.89996337890625,14745,0.7752652990411102
Nc=Np*0.8,0.89996337890625,14745,1.0817953341613378
Nc=Np*0.8,0.89996337890625,14745,0.6424318439995275
Nc=Np*0.8,0.89996337890625,14745,0.785627118716949
Nc=Np*0.8,0.89996337890625,14745,0.986931245794964
Nc=Np*0.8,0.89996337890625,14745,0.5085733916318228
Nc=Np*0.8,0.89996337890625,14745,0.2295253899533444
Nc=Np*0.8,0.89996337890625,14745,1.1955008977000638
Nc=Np*0.8,0.89996337890625,14745,0.5826467060151694
Nc=Np*0.8,0.89996337890625,14745,2.9141459391766515
Nc=Np*0.8,0.89996337890625,14745,0.959098486621702
Nc=Np*0.8,0.89996337890625,14745,2.8996545807996608
Nc=Np*0.8,0.89996337890625,14745,0.5533907912889391
Nc=Np*0.8,0.89996337890625,14745,0.7721385452802239
Nc=Np*0.8,0.89996337890625,14745,0.7300986810312339
Nc=Np*0.8,0.89996337890625,14745,0.6458804908691224
Nc=Np*0.8,0.89996337890625,14745,0.7591627943090297
