scenario,phi,num_obs,run,d_run,n_reach,n_total,modo,periodic
Nc=Np,0.0,0,0,1.358154296875,4096,4096,por_presa,True
Nc=Np,0.0,0,1,1.353759765625,4096,4096,por_presa,True
Nc=Np,0.0,0,2,1.35595703125,4096,4096,por_presa,True
Nc=Np,0.0,0,3,1.342041015625,4096,4096,por_presa,True
Nc=Np,0.0,0,4,1.34765625,4096,4096,por_presa,True
Nc=Np,0.0,0,5,1.330810546875,4096,4096,por_presa,True
Nc=Np,0.0,0,6,1.35107421875,4096,4096,por_presa,True
Nc=Np,0.0,0,7,1.348388671875,4096,4096,por_presa,True
Nc=Np,0.0,0,8,1.36083984375,4096,4096,por_presa,True
Nc=Np,0.0,0,9,1.352294921875,4096,4096,por_presa,True
Nc=Np,0.0,0,10,1.344970703125,4096,4096,por_presa,True
Nc=Np,0.0,0,11,1.341552734375,4096,4096,por_presa,True
Nc=Np,0.0,0,12,1.341064453125,4096,4096,por_presa,True
Nc=Np,0.0,0,13,1.348876953125,4096,4096,por_presa,True
Nc=Np,0.0,0,14,1.326904296875,4096,4096,por_presa,True
Nc=Np,0.0,0,15,1.3515625,4096,4096,por_presa,True
Nc=Np,0.0,0,16,1.346923828125,4096,4096,por_presa,True
Nc=Np,0.0,0,17,1.33984375,4096,4096,por_presa,True
Nc=Np,0.0,0,18,1.347900390625,4096,4096,por_presa,True
Nc=Np,0.0,0,19,1.349365234375,4096,4096,por_presa,True
Nc=Np,0.0,0,20,1.356201171875,4096,4096,por_presa,True
Nc=Np,0.0,0,21,1.3515625,4096,4096,por_presa,True
Nc=Np,0.0,0,22,1.35107421875,4096,4096,por_presa,True
Nc=Np,0.0,0,23,1.341552734375,4096,4096,por_presa,True
Nc=Np,0.0,0,24,1.348388671875,4096,4096,por_presa,True
Nc=Np,0.0,0,25,1.34033203125,4096,4096,por_presa,True
Nc=Np,0.0,0,26,1.329345703125,4096,4096,por_presa,True
Nc=Np,0.0,0,27,1.358642578125,4096,4096,por_presa,True
Nc=Np,0.0,0,28,1.34814453125,4096,4096,por_presa,True
Nc=Np,0.0,0,29,1.34814453125,4096,4096,por_presa,True
Nc=Np,0.0,0,30,1.34228515625,4096,4096,por_presa,True
Nc=Np,0.0,0,31,1.351806640625,4096,4096,por_presa,True
Nc=Np,0.0,0,32,1.33837890625,4096,4096,por_presa,True
Nc=Np,0.0,0,33,1.328369140625,4096,4096,por_presa,True
Nc=Np,0.0,0,34,1.35595703125,4096,4096,por_presa,True
Nc=Np,0.0,0,35,1.349609375,4096,4096,por_presa,True
Nc=Np,0.0,0,36,1.33740234375,4096,4096,por_presa,True
Nc=Np,0.0,0,37,1.345947265625,4096,4096,por_presa,True
Nc=Np,0.0,0,38,1.351318359375,4096,4096,por_presa,True
Nc=Np,0.0,0,39,1.357666015625,4096,4096,por_presa,True
Nc=Np,0.0,0,40,1.32763671875,4096,4096,por_presa,True
Nc=Np,0.0,0,41,1.358642578125,4096,4096,por_presa,True
Nc=Np,0.0,0,42,1.349365234375,4096,4096,por_presa,True
Nc=Np,0.0,0,43,1.351806640625,4096,4096,por_presa,True
Nc=Np,0.0,0,44,1.339599609375,4096,4096,por_presa,True
Nc=Np,0.0,0,45,1.344482421875,4096,4096,por_presa,True
Nc=Np,0.0,0,46,1.343994140625,4096,4096,por_presa,True
Nc=Np,0.0,0,47,1.340087890625,4096,4096,por_presa,True
Nc=Np,0.0,0,48,1.363037109375,4096,4096,por_presa,True
Nc=Np,0.0,0,49,1.367919921875,4096,4096,por_presa,True
Nc=Np,0.0,0,50,1.343994140625,4096,4096,por_presa,True
Nc=Np,0.0,0,51,1.359130859375,4096,4096,por_presa,True
Nc=Np,0.0,0,52,1.345947265625,4096,4096,por_presa,True
Nc=Np,0.0,0,53,1.344970703125,4096,4096,por_presa,True
Nc=Np,0.0,0,54,1.345947265625,4096,4096,por_presa,True
Nc=Np,0.0,0,55,1.35400390625,4096,4096,por_presa,True
Nc=Np,0.0,0,56,1.34619140625,4096,4096,por_presa,True
Nc=Np,0.0,0,57,1.350830078125,4096,4096,por_presa,True
Nc=Np,0.0,0,58,1.360107421875,4096,4096,por_presa,True
Nc=Np,0.0,0,59,1.3603515625,4096,4096,por_presa,True
Nc=Np,0.0,0,60,1.3466796875,4096,4096,por_presa,True
Nc=Np,0.0,0,61,1.3623046875,4096,4096,por_presa,True
Nc=Np,0.0,0,62,1.346435546875,4096,4096,por_presa,True
Nc=Np,0.0,0,63,1.340576171875,4096,4096,por_presa,True
Nc=Np,0.0,0,64,1.356689453125,4096,4096,por_presa,True
Nc=Np,0.0,0,65,1.3486328125,4096,4096,por_presa,True
Nc=Np,0.0,0,66,1.359130859375,4096,4096,por_presa,True
Nc=Np,0.0,0,67,1.34521484375,4096,4096,por_presa,True
Nc=Np,0.0,0,68,1.364501953125,4096,4096,por_presa,True
Nc=Np,0.0,0,69,1.359619140625,4096,4096,por_presa,True
Nc=Np,0.0,0,70,1.33935546875,4096,4096,por_presa,True
Nc=Np,0.0,0,71,1.34716796875,4096,4096,por_presa,True
Nc=Np,0.0,0,72,1.343505859375,4096,4096,por_presa,True
Nc=Np,0.0,0,73,1.34521484375,4096,4096,por_presa,True
Nc=Np,0.0,0,74,1.3447265625,4096,4096,por_presa,True
Nc=Np,0.0,0,75,1.369384765625,4096,4096,por_presa,True
Nc=Np,0.0,0,76,1.349609375,4096,4096,por_presa,True
Nc=Np,0.0,0,77,1.353271484375,4096,4096,por_presa,True
Nc=Np,0.0,0,78,1.343994140625,4096,4096,por_presa,True
Nc=Np,0.0,0,79,1.357177734375,4096,4096,por_presa,True
Nc=Np,0.0,0,80,1.352294921875,4096,4096,por_presa,True
Nc=Np,0.0,0,81,1.340087890625,4096,4096,por_presa,True
Nc=Np,0.0,0,82,1.33935546875,4096,4096,por_presa,True
Nc=Np,0.0,0,83,1.353515625,4096,4096,por_presa,True
Nc=Np,0.0,0,84,1.35400390625,4096,4096,por_presa,True
Nc=Np,0.0,0,85,1.335693359375,4096,4096,por_presa,True
Nc=Np,0.0,0,86,1.361083984375,4096,4096,por_presa,True
Nc=Np,0.0,0,87,1.369140625,4096,4096,por_presa,True
Nc=Np,0.0,0,88,1.352294921875,4096,4096,por_presa,True
Nc=Np,0.0,0,89,1.34375,4096,4096,por_presa,True
Nc=Np,0.0,0,90,1.34423828125,4096,4096,por_presa,True
Nc=Np,0.0,0,91,1.3486328125,4096,4096,por_presa,True
Nc=Np,0.0,0,92,1.357421875,4096,4096,por_presa,True
Nc=Np,0.0,0,93,1.36962890625,4096,4096,por_presa,True
Nc=Np,0.0,0,94,1.346923828125,4096,4096,por_presa,True
Nc=Np,0.0,0,95,1.367431640625,4096,4096,por_presa,True
Nc=Np,0.0,0,96,1.339111328125,4096,4096,por_presa,True
Nc=Np,0.0,0,97,1.330078125,4096,4096,por_presa,True
Nc=Np,0.0,0,98,1.344970703125,4096,4096,por_presa,True
Nc=Np,0.0,0,99,1.35986328125,4096,4096,por_presa,True
Nc=Np,0.0999755859375,1638,0,1.4088442756375474,3686,3686,por_presa,True
Nc=Np,0.0999755859375,1638,1,1.4176390773405698,3685,3686,por_presa,True
Nc=Np,0.0999755859375,1638,2,1.4272924579489963,3686,3686,por_presa,True
Nc=Np,0.0999755859375,1638,3,1.4050461204557787,3686,3686,por_presa,True
Nc=Np,0.0999755859375,1638,4,1.4268656716417911,3685,3686,por_presa,True
Nc=Np,0.0999755859375,1638,5,1.4389582202930005,3686,3686,por_presa,True
Nc=Np,0.0999755859375,1638,6,1.4412483039348711,3685,3686,por_presa,True
Nc=Np,0.0999755859375,1638,7,1.427563754747694,3686,3686,por_presa,True
Nc=Np,0.0999755859375,1638,8,1.4289202387411828,3686,3686,por_presa,True
Nc=Np,0.0999755859375,1638,9,1.4185667752442996,3684,3686,por_presa,True
Nc=Np,0.0999755859375,1638,10,1.4272924579489963,3686,3686,por_presa,True
Nc=Np,0.0999755859375,1638,11,1.4293080054274083,3685,3686,por_presa,True
Nc=Np,0.0999755859375,1638,12,1.4244233378561737,3685,3686,por_presa,True
Nc=Np,0.0999755859375,1638,13,1.4164405860010851,3686,3686,por_presa,True
Nc=Np,0.0999755859375,1638,14,1.4232230059685296,3686,3686,por_presa,True
Nc=Np,0.0999755859375,1638,15,1.4115092290988056,3684,3686,por_presa,True
Nc=Np,0.0999755859375,1638,16,1.4329896907216495,3686,3686,por_presa,True
Nc=Np,0.0999755859375,1638,17,1.4419424850786762,3686,3686,por_presa,True
Nc=Np,0.0999755859375,1638,18,1.406945198046663,3686,3686,por_presa,True
Nc=Np,0.0999755859375,1638,19,1.4270211611502985,3686,3686,por_presa,True
Nc=Np,0.0999755859375,1638,20,1.4102007596310364,3686,3686,por_presa,True
Nc=Np,0.0999755859375,1638,21,1.3944082519001086,3684,3686,por_presa,True
Nc=Np,0.0999755859375,1638,22,1.4120998372219207,3686,3686,por_presa,True
Nc=Np,0.0999755859375,1638,23,1.4074877916440587,3686,3686,por_presa,True
Nc=Np,0.0999755859375,1638,24,1.4246947082767978,3685,3686,por_presa,True
Nc=Np,0.0999755859375,1638,25,1.4215952251763428,3686,3686,por_presa,True
Nc=Np,0.0999755859375,1638,26,1.4243081931633206,3686,3686,por_presa,True
Nc=Np,0.0999755859375,1638,27,1.4270211611502985,3686,3686,por_presa,True
Nc=Np,0.0999755859375,1638,28,1.435973955507325,3686,3686,por_presa,True
Nc=Np,0.0999755859375,1638,29,1.4145415084102007,3686,3686,por_presa,True
Nc=Np,0.0999755859375,1638,30,1.4036896364622897,3686,3686,por_presa,True
Nc=Np,0.0999755859375,1638,31,1.4460119370591427,3686,3686,por_presa,True
Nc=Np,0.0999755859375,1638,32,1.422680412371134,3686,3686,por_presa,True
Nc=Np,0.0999755859375,1638,33,1.424966078697422,3685,3686,por_presa,True
Nc=Np,0.0999755859375,1638,34,1.407216494845361,3686,3686,por_presa,True
Nc=Np,0.0999755859375,1638,35,1.4462832338578404,3686,3686,por_presa,True
Nc=Np,0.0999755859375,1638,36,1.4158979924036896,3686,3686,por_presa,True
Nc=Np,0.0999755859375,1638,37,1.4241519674355496,3685,3686,por_presa,True
Nc=Np,0.0999755859375,1638,38,1.4221378187737386,3686,3686,por_presa,True
Nc=Np,0.0999755859375,1638,39,1.4240368963646228,3686,3686,por_presa,True
Nc=Np,0.0999755859375,1638,40,1.4186109603906674,3686,3686,por_presa,True
Nc=Np,0.0999755859375,1638,41,1.423765599565925,3686,3686,por_presa,True
Nc=Np,0.0999755859375,1638,42,1.4091155724362452,3686,3686,por_presa,True
Nc=Np,0.0999755859375,1638,43,1.4172544763971786,3686,3686,por_presa,True
Nc=Np,0.0999755859375,1638,44,1.4257801899592943,3685,3686,por_presa,True
Nc=Np,0.0999755859375,1638,45,1.4396200814111262,3685,3686,por_presa,True
Nc=Np,0.0999755859375,1638,46,1.4276797829036636,3685,3686,por_presa,True
Nc=Np,0.0999755859375,1638,47,1.4180683667932719,3686,3686,por_presa,True
Nc=Np,0.0999755859375,1638,48,1.414270211611503,3686,3686,por_presa,True
Nc=Np,0.0999755859375,1638,49,1.4320217096336498,3685,3686,por_presa,True
Nc=Np,0.0999755859375,1638,50,1.421323928377645,3686,3686,por_presa,True
Nc=Np,0.0999755859375,1638,51,1.4270211611502985,3686,3686,por_presa,True
Nc=Np,0.0999755859375,1638,52,1.410743353228432,3686,3686,por_presa,True
Nc=Np,0.0999755859375,1638,53,1.432447097124254,3686,3686,por_presa,True
Nc=Np,0.0999755859375,1638,54,1.4245794899620186,3686,3686,por_presa,True
Nc=Np,0.0999755859375,1638,55,1.4297341291372763,3686,3686,por_presa,True
Nc=Np,0.0999755859375,1638,56,1.4189959294436907,3685,3686,por_presa,True
Nc=Np,0.0999755859375,1638,57,1.4272924579489963,3686,3686,por_presa,True
Nc=Np,0.0999755859375,1638,58,1.4336499321573948,3685,3686,por_presa,True
Nc=Np,0.0999755859375,1638,59,1.4331071913161466,3685,3686,por_presa,True
Nc=Np,0.0999755859375,1638,60,1.4158979924036896,3686,3686,por_presa,True
Nc=Np,0.0999755859375,1638,61,1.4167118827997829,3686,3686,por_presa,True
Nc=Np,0.0999755859375,1638,62,1.4302767227346718,3686,3686,por_presa,True
Nc=Np,0.0999755859375,1638,63,1.4329896907216495,3686,3686,por_presa,True
Nc=Np,0.0999755859375,1638,64,1.4158979924036896,3686,3686,por_presa,True
Nc=Np,0.0999755859375,1638,65,1.4207813347802496,3686,3686,por_presa,True
Nc=Np,0.0999755859375,1638,66,1.4343461747151383,3686,3686,por_presa,True
Nc=Np,0.0999755859375,1638,67,1.4112859468258274,3686,3686,por_presa,True
Nc=Np,0.0999755859375,1638,68,1.4306648575305292,3685,3686,por_presa,True
Nc=Np,0.0999755859375,1638,69,1.4389582202930005,3686,3686,por_presa,True
Nc=Np,0.0999755859375,1638,70,1.4362452523060227,3686,3686,por_presa,True
Nc=Np,0.0999755859375,1638,71,1.4289202387411828,3686,3686,por_presa,True
Nc=Np,0.0999755859375,1638,72,1.4271370420624152,3685,3686,por_presa,True
Nc=Np,0.0999755859375,1638,73,1.4389582202930005,3686,3686,por_presa,True
Nc=Np,0.0999755859375,1638,74,1.4110146500271297,3686,3686,por_presa,True
Nc=Np,0.0999755859375,1638,75,1.4403147042864894,3686,3686,por_presa,True
Nc=Np,0.0999755859375,1638,76,1.4134563212154097,3686,3686,por_presa,True
Nc=Np,0.0999755859375,1638,77,1.4267498643516006,3686,3686,por_presa,True
Nc=Np,0.0999755859375,1638,78,1.4154681139755767,3685,3686,por_presa,True
Nc=Np,0.0999755859375,1638,79,1.4104720564297342,3686,3686,por_presa,True
Nc=Np,0.0999755859375,1638,80,1.4419424850786762,3686,3686,por_presa,True
Nc=Np,0.0999755859375,1638,81,1.4091155724362452,3686,3686,por_presa,True
Nc=Np,0.0999755859375,1638,82,1.413185024416712,3686,3686,por_presa,True
Nc=Np,0.0999755859375,1638,83,1.4066739012479652,3686,3686,por_presa,True
Nc=Np,0.0999755859375,1638,84,1.4088442756375474,3686,3686,por_presa,True
Nc=Np,0.0999755859375,1638,85,1.4188822571893651,3686,3686,por_presa,True
Nc=Np,0.0999755859375,1638,86,1.4004340748779165,3686,3686,por_presa,True
Nc=Np,0.0999755859375,1638,87,1.4169831795984806,3686,3686,por_presa,True
Nc=Np,0.0999755859375,1638,88,1.4234943027672273,3686,3686,por_presa,True
Nc=Np,0.0999755859375,1638,89,1.3977211068909388,3686,3686,por_presa,True
Nc=Np,0.0999755859375,1638,90,1.4205100379815518,3686,3686,por_presa,True
Nc=Np,0.0999755859375,1638,91,1.4378730330982095,3686,3686,por_presa,True
Nc=Np,0.0999755859375,1638,92,1.4186109603906674,3686,3686,por_presa,True
Nc=Np,0.0999755859375,1638,93,1.4245794899620186,3686,3686,por_presa,True
Nc=Np,0.0999755859375,1638,94,1.4378730330982095,3686,3686,por_presa,True
Nc=Np,0.0999755859375,1638,95,1.4196961475854586,3686,3686,por_presa,True
Nc=Np,0.0999755859375,1638,96,1.437330439500814,3686,3686,por_presa,True
Nc=Np,0.0999755859375,1638,97,1.4302767227346718,3686,3686,por_presa,True
Nc=Np,0.0999755859375,1638,98,1.4272924579489963,3686,3686,por_presa,True
Nc=Np,0.0999755859375,1638,99,1.4291915355398805,3686,3686,por_presa,True
Nc=Np,0.199951171875,3276,0,1.531622364802933,3273,3277,por_presa,True
Nc=Np,0.199951171875,3276,1,1.5410937977390773,3273,3277,por_presa,True
Nc=Np,0.199951171875,3276,2,1.4954100367197063,3268,3277,por_presa,True
Nc=Np,0.199951171875,3276,3,1.524013459773631,3269,3277,por_presa,True
Nc=Np,0.199951171875,3276,4,1.524931171612114,3269,3277,por_presa,True
Nc=Np,0.199951171875,3276,5,1.5025985937022317,3271,3277,por_presa,True
Nc=Np,0.199951171875,3276,6,1.500916870415648,3272,3277,por_presa,True
Nc=Np,0.199951171875,3276,7,1.5191189966350567,3269,3277,por_presa,True
Nc=Np,0.199951171875,3276,8,1.5067278287461774,3270,3277,por_presa,True
Nc=Np,0.199951171875,3276,9,1.516651390161931,3273,3277,por_presa,True
Nc=Np,0.199951171875,3276,10,1.5250764525993883,3270,3277,por_presa,True
Nc=Np,0.199951171875,3276,11,1.539755351681957,3270,3277,por_presa,True
Nc=Np,0.199951171875,3276,12,1.513587786259542,3275,3277,por_presa,True
Nc=Np,0.199951171875,3276,13,1.498318557016203,3271,3277,por_presa,True
Nc=Np,0.199951171875,3276,14,1.5287286063569683,3272,3277,por_presa,True
Nc=Np,0.199951171875,3276,15,1.4992357077346377,3271,3277,por_presa,True
Nc=Np,0.199951171875,3276,16,1.5099357994497096,3271,3277,por_presa,True
Nc=Np,0.199951171875,3276,17,1.505050505050505,3267,3277,por_presa,True
Nc=Np,0.199951171875,3276,18,1.5287286063569683,3272,3277,por_presa,True
Nc=Np,0.199951171875,3276,19,1.522643818849449,3268,3277,por_presa,True
Nc=Np,0.199951171875,3276,20,1.5252370755582747,3269,3277,por_presa,True
Nc=Np,0.199951171875,3276,21,1.5181901559156221,3271,3277,por_presa,True
Nc=Np,0.199951171875,3276,22,1.5253822629969418,3270,3277,por_presa,True
Nc=Np,0.199951171875,3276,23,1.511151848457073,3273,3277,por_presa,True
Nc=Np,0.199951171875,3276,24,1.5256880733944953,3270,3277,por_presa,True
Nc=Np,0.199951171875,3276,25,1.5340666055606478,3273,3277,por_presa,True
Nc=Np,0.199951171875,3276,26,1.5247858017135862,3268,3277,por_presa,True
Nc=Np,0.199951171875,3276,27,1.553484107579462,3272,3277,por_presa,True
Nc=Np,0.199951171875,3276,28,1.5090131377940728,3273,3277,por_presa,True
Nc=Np,0.199951171875,3276,29,1.5004582951420715,3273,3277,por_presa,True
Nc=Np,0.199951171875,3276,30,1.5303123086344153,3266,3277,por_presa,True
Nc=Np,0.199951171875,3276,31,1.4960244648318042,3270,3277,por_presa,True
Nc=Np,0.199951171875,3276,32,1.5521247324977072,3271,3277,por_presa,True
Nc=Np,0.199951171875,3276,33,1.512090602999694,3267,3277,por_presa,True
Nc=Np,0.199951171875,3276,34,1.5097799511002445,3272,3277,por_presa,True
Nc=Np,0.199951171875,3276,35,1.549205378973105,3272,3277,por_presa,True
Nc=Np,0.199951171875,3276,36,1.5038237993270114,3269,3277,por_presa,True
Nc=Np,0.199951171875,3276,37,1.5110294117647058,3264,3277,por_presa,True
Nc=Np,0.199951171875,3276,38,1.5113219094247246,3268,3277,por_presa,True
Nc=Np,0.199951171875,3276,39,1.5232131948686622,3274,3277,por_presa,True
Nc=Np,0.199951171875,3276,40,1.5197187404463466,3271,3277,por_presa,True
Nc=Np,0.199951171875,3276,41,1.5194367921640648,3267,3277,por_presa,True
Nc=Np,0.199951171875,3276,42,1.5209416080709264,3271,3277,por_presa,True
Nc=Np,0.199951171875,3276,43,1.5189602446483181,3270,3277,por_presa,True
Nc=Np,0.199951171875,3276,44,1.5299511002444988,3272,3277,por_presa,True
Nc=Np,0.199951171875,3276,45,1.491131498470948,3270,3277,por_presa,True
Nc=Np,0.199951171875,3276,46,1.531049250535332,3269,3277,por_presa,True
Nc=Np,0.199951171875,3276,47,1.540788267644363,3273,3277,por_presa,True
Nc=Np,0.199951171875,3276,48,1.5194249005812175,3269,3277,por_presa,True
Nc=Np,0.199951171875,3276,49,1.535125229077581,3274,3277,por_presa,True
Nc=Np,0.199951171875,3276,50,1.5229357798165137,3270,3277,por_presa,True
Nc=Np,0.199951171875,3276,51,1.5276843071275619,3269,3277,por_presa,True
Nc=Np,0.199951171875,3276,52,1.5276504735716467,3273,3277,por_presa,True
Nc=Np,0.199951171875,3276,53,1.5327017114914425,3272,3277,por_presa,True
Nc=Np,0.199951171875,3276,54,1.5201588271227855,3274,3277,por_presa,True
Nc=Np,0.199951171875,3276,55,1.5275566442131048,3266,3277,por_presa,True
Nc=Np,0.199951171875,3276,56,1.5070293398533008,3272,3277,por_presa,True
Nc=Np,0.199951171875,3276,57,1.4931339639914556,3277,3277,por_presa,True
Nc=Np,0.199951171875,3276,58,1.5059578368469295,3273,3277,por_presa,True
Nc=Np,0.199951171875,3276,59,1.50580684596577,3272,3277,por_presa,True
Nc=Np,0.199951171875,3276,60,1.5262675626145388,3274,3277,por_presa,True
Nc=Np,0.199951171875,3276,61,1.5267502292876796,3271,3277,por_presa,True
Nc=Np,0.199951171875,3276,62,1.5320904645476772,3272,3277,por_presa,True
Nc=Np,0.199951171875,3276,63,1.5155772755039707,3274,3277,por_presa,True
Nc=Np,0.199951171875,3276,64,1.5022942795962069,3269,3277,por_presa,True
Nc=Np,0.199951171875,3276,65,1.532312404287902,3265,3277,por_presa,True
Nc=Np,0.199951171875,3276,66,1.521393643031785,3272,3277,por_presa,True
Nc=Np,0.199951171875,3276,67,1.5137446548564448,3274,3277,por_presa,True
Nc=Np,0.199951171875,3276,68,1.5029043106083766,3271,3277,por_presa,True
Nc=Np,0.199951171875,3276,69,1.5198776758409787,3270,3277,por_presa,True
Nc=Np,0.199951171875,3276,70,1.5160796324655437,3265,3277,por_presa,True
Nc=Np,0.199951171875,3276,71,1.5414246407826353,3271,3277,por_presa,True
Nc=Np,0.199951171875,3276,72,1.5299694189602446,3270,3277,por_presa,True
Nc=Np,0.199951171875,3276,73,1.52203182374541,3268,3277,por_presa,True
Nc=Np,0.199951171875,3276,74,1.5261068702290077,3275,3277,por_presa,True
Nc=Np,0.199951171875,3276,75,1.5262675626145388,3274,3277,por_presa,True
Nc=Np,0.199951171875,3276,76,1.511145038167939,3275,3277,por_presa,True
Nc=Np,0.199951171875,3276,77,1.4894592117323557,3273,3277,por_presa,True
Nc=Np,0.199951171875,3276,78,1.5113149847094802,3270,3277,por_presa,True
Nc=Np,0.199951171875,3276,79,1.5432589422195047,3271,3277,por_presa,True
Nc=Np,0.199951171875,3276,80,1.516651390161931,3273,3277,por_presa,True
Nc=Np,0.199951171875,3276,81,1.5314984709480122,3270,3277,por_presa,True
Nc=Np,0.199951171875,3276,82,1.5174525413349662,3266,3277,por_presa,True
Nc=Np,0.199951171875,3276,83,1.5459822792545066,3273,3277,por_presa,True
Nc=Np,0.199951171875,3276,84,1.5119339045287639,3268,3277,por_presa,True
Nc=Np,0.199951171875,3276,85,1.542036074594925,3271,3277,por_presa,True
Nc=Np,0.199951171875,3276,86,1.5412591687041566,3272,3277,por_presa,True
Nc=Np,0.199951171875,3276,87,1.5302197802197801,3276,3277,por_presa,True
Nc=Np,0.199951171875,3276,88,1.4996941896024465,3270,3277,por_presa,True
Nc=Np,0.199951171875,3276,89,1.50580684596577,3272,3277,por_presa,True
Nc=Np,0.199951171875,3276,90,1.5145126794989305,3273,3277,por_presa,True
Nc=Np,0.199951171875,3276,91,1.5130009177118384,3269,3277,por_presa,True
Nc=Np,0.199951171875,3276,92,1.5029078665442301,3267,3277,por_presa,True
Nc=Np,0.199951171875,3276,93,1.517621820410665,3263,3277,por_presa,True
Nc=Np,0.199951171875,3276,94,1.5210880195599021,3272,3277,por_presa,True
Nc=Np,0.199951171875,3276,95,1.539755351681957,3270,3277,por_presa,True
Nc=Np,0.199951171875,3276,96,1.5115995115995116,3276,3277,por_presa,True
Nc=Np,0.199951171875,3276,97,1.501834862385321,3270,3277,por_presa,True
Nc=Np,0.199951171875,3276,98,1.5038214613268113,3271,3277,por_presa,True
Nc=Np,0.199951171875,3276,99,1.5229779411764706,3264,3277,por_presa,True
Nc=Np,0.29998779296875,4915,0,1.6597320169252467,2836,2867,por_presa,True
Nc=Np,0.29998779296875,4915,1,1.6370683579985905,2838,2867,por_presa,True
Nc=Np,0.29998779296875,4915,2,1.6348533050547898,2829,2867,por_presa,True
Nc=Np,0.29998779296875,4915,3,1.7068783068783069,2835,2867,por_presa,True
Nc=Np,0.29998779296875,4915,4,1.66361071932299,2836,2867,por_presa,True
Nc=Np,0.29998779296875,4915,5,1.6427314325941569,2841,2867,por_presa,True
Nc=Np,0.29998779296875,4915,6,1.6198026779422128,2838,2867,por_presa,True
Nc=Np,0.29998779296875,4915,7,1.7081272084805654,2830,2867,por_presa,True
Nc=Np,0.29998779296875,4915,8,1.6518675123326285,2838,2867,por_presa,True
Nc=Np,0.29998779296875,4915,9,1.6889985895627644,2836,2867,por_presa,True
Nc=Np,0.29998779296875,4915,10,1.6647807637906649,2828,2867,por_presa,True
Nc=Np,0.29998779296875,4915,11,1.6346018322762508,2838,2867,por_presa,True
Nc=Np,0.29998779296875,4915,12,1.6630243214663376,2837,2867,por_presa,True
Nc=Np,0.29998779296875,4915,13,1.6634887005649717,2832,2867,por_presa,True
Nc=Np,0.29998779296875,4915,14,1.6696081891987293,2833,2867,por_presa,True
Nc=Np,0.29998779296875,4915,15,1.6234502302515055,2823,2867,por_presa,True
Nc=Np,0.29998779296875,4915,16,1.6610229276895943,2835,2867,por_presa,True
Nc=Np,0.29998779296875,4915,17,1.6213832039520113,2834,2867,por_presa,True
Nc=Np,0.29998779296875,4915,18,1.6599788806758184,2841,2867,por_presa,True
Nc=Np,0.29998779296875,4915,19,1.6539548022598871,2832,2867,por_presa,True
Nc=Np,0.29998779296875,4915,20,1.6639718804920913,2845,2867,por_presa,True
Nc=Np,0.29998779296875,4915,21,1.671615411806292,2829,2867,por_presa,True
Nc=Np,0.29998779296875,4915,22,1.6605439773931474,2831,2867,por_presa,True
Nc=Np,0.29998779296875,4915,23,1.6284807895664435,2837,2867,por_presa,True
Nc=Np,0.29998779296875,4915,24,1.6284906327324142,2829,2867,por_presa,True
Nc=Np,0.29998779296875,4915,25,1.652787579393084,2834,2867,por_presa,True
Nc=Np,0.29998779296875,4915,26,1.6447414702778755,2843,2867,por_presa,True
Nc=Np,0.29998779296875,4915,27,1.6437146892655368,2832,2867,por_presa,True
Nc=Np,0.29998779296875,4915,28,1.6687808315715293,2838,2867,por_presa,True
Nc=Np,0.29998779296875,4915,29,1.6833333333333333,2820,2867,por_presa,True
Nc=Np,0.29998779296875,4915,30,1.6670190274841437,2838,2867,por_presa,True
Nc=Np,0.29998779296875,4915,31,1.628763726532058,2823,2867,por_presa,True
Nc=Np,0.29998779296875,4915,32,1.645811240721103,2829,2867,por_presa,True
Nc=Np,0.29998779296875,4915,33,1.6328757479760647,2841,2867,por_presa,True
Nc=Np,0.29998779296875,4915,34,1.6103667136812412,2836,2867,por_presa,True
Nc=Np,0.29998779296875,4915,35,1.6854924108718672,2833,2867,por_presa,True
Nc=Np,0.29998779296875,4915,36,1.6779422128259338,2838,2867,por_presa,True
Nc=Np,0.29998779296875,4915,37,1.6676066267183645,2837,2867,por_presa,True
Nc=Np,0.29998779296875,4915,38,1.6630204657727594,2834,2867,por_presa,True
Nc=Np,0.29998779296875,4915,39,1.6651408450704226,2840,2867,por_presa,True
Nc=Np,0.29998779296875,4915,40,1.6441934345217084,2833,2867,por_presa,True
Nc=Np,0.29998779296875,4915,41,1.7137310271796682,2833,2867,por_presa,True
Nc=Np,0.29998779296875,4915,42,1.6765746638358103,2826,2867,por_presa,True
Nc=Np,0.29998779296875,4915,43,1.6375176304654442,2836,2867,por_presa,True
Nc=Np,0.29998779296875,4915,44,1.6822660098522169,2842,2867,por_presa,True
Nc=Np,0.29998779296875,4915,45,1.675618374558304,2830,2867,por_presa,True
Nc=Np,0.29998779296875,4915,46,1.6893992932862192,2830,2867,por_presa,True
Nc=Np,0.29998779296875,4915,47,1.6513437057991514,2828,2867,por_presa,True
Nc=Np,0.29998779296875,4915,48,1.6720619282195637,2842,2867,por_presa,True
Nc=Np,0.29998779296875,4915,49,1.6487822096717262,2833,2867,por_presa,True
Nc=Np,0.29998779296875,4915,50,1.6763250883392227,2830,2867,por_presa,True
Nc=Np,0.29998779296875,4915,51,1.6761061946902656,2825,2867,por_presa,True
Nc=Np,0.29998779296875,4915,52,1.6820748059280168,2834,2867,por_presa,True
Nc=Np,0.29998779296875,4915,53,1.64992927864215,2828,2867,por_presa,True
Nc=Np,0.29998779296875,4915,54,1.64200140944327,2838,2867,por_presa,True
Nc=Np,0.29998779296875,4915,55,1.661136604306389,2833,2867,por_presa,True
Nc=Np,0.29998779296875,4915,56,1.6446017699115045,2825,2867,por_presa,True
Nc=Np,0.29998779296875,4915,57,1.661852765058119,2839,2867,por_presa,True
Nc=Np,0.29998779296875,4915,58,1.6388397594623276,2827,2867,por_presa,True
Nc=Np,0.29998779296875,4915,59,1.6463328631875882,2836,2867,por_presa,True
Nc=Np,0.29998779296875,4915,60,1.6424778761061947,2825,2867,por_presa,True
Nc=Np,0.29998779296875,4915,61,1.646061462380784,2831,2867,por_presa,True
Nc=Np,0.29998779296875,4915,62,1.6585279547062985,2826,2867,por_presa,True
Nc=Np,0.29998779296875,4915,63,1.6257495590828923,2835,2867,por_presa,True
Nc=Np,0.29998779296875,4915,64,1.6814002828854313,2828,2867,por_presa,True
Nc=Np,0.29998779296875,4915,65,1.7063380281690141,2840,2867,por_presa,True
Nc=Np,0.29998779296875,4915,66,1.6402116402116402,2835,2867,por_presa,True
Nc=Np,0.29998779296875,4915,67,1.6899362154500355,2822,2867,por_presa,True
Nc=Np,0.29998779296875,4915,68,1.6515151515151516,2838,2867,por_presa,True
Nc=Np,0.29998779296875,4915,69,1.6178343949044587,2826,2867,por_presa,True
Nc=Np,0.29998779296875,4915,70,1.652327221438646,2836,2867,por_presa,True
Nc=Np,0.29998779296875,4915,71,1.6990084985835694,2824,2867,por_presa,True
Nc=Np,0.29998779296875,4915,72,1.6689117334278625,2821,2867,por_presa,True
Nc=Np,0.29998779296875,4915,73,1.6912231230172718,2837,2867,por_presa,True
Nc=Np,0.29998779296875,4915,74,1.6967991558213156,2843,2867,por_presa,True
Nc=Np,0.29998779296875,4915,75,1.662090813093981,2841,2867,por_presa,True
Nc=Np,0.29998779296875,4915,76,1.6629015178256266,2833,2867,por_presa,True
Nc=Np,0.29998779296875,4915,77,1.6482004234297811,2834,2867,por_presa,True
Nc=Np,0.29998779296875,4915,78,1.6664320900774103,2842,2867,por_presa,True
Nc=Np,0.29998779296875,4915,79,1.6845448129851799,2834,2867,por_presa,True
Nc=Np,0.29998779296875,4915,80,1.6437873988032383,2841,2867,por_presa,True
Nc=Np,0.29998779296875,4915,81,1.6470380818053596,2836,2867,por_presa,True
Nc=Np,0.29998779296875,4915,82,1.6556737588652481,2820,2867,por_presa,True
Nc=Np,0.29998779296875,4915,83,1.6767819336626677,2834,2867,por_presa,True
Nc=Np,0.29998779296875,4915,84,1.6450813871196037,2826,2867,por_presa,True
Nc=Np,0.29998779296875,4915,85,1.620409604519774,2832,2867,por_presa,True
Nc=Np,0.29998779296875,4915,86,1.6510398308071907,2837,2867,por_presa,True
Nc=Np,0.29998779296875,4915,87,1.6664305949008498,2824,2867,por_presa,True
Nc=Np,0.29998779296875,4915,88,1.6931497175141244,2832,2867,por_presa,True
Nc=Np,0.29998779296875,4915,89,1.6537239675255913,2833,2867,por_presa,True
Nc=Np,0.29998779296875,4915,90,1.6410978184377198,2842,2867,por_presa,True
Nc=Np,0.29998779296875,4915,91,1.6678457729041387,2827,2867,por_presa,True
Nc=Np,0.29998779296875,4915,92,1.6763662171753015,2818,2867,por_presa,True
Nc=Np,0.29998779296875,4915,93,1.6697280113034263,2831,2867,por_presa,True
Nc=Np,0.29998779296875,4915,94,1.6462247429989365,2821,2867,por_presa,True
Nc=Np,0.29998779296875,4915,95,1.6647747428166015,2819,2867,por_presa,True
Nc=Np,0.29998779296875,4915,96,1.651791988756149,2846,2867,por_presa,True
Nc=Np,0.29998779296875,4915,97,1.6493141048188533,2843,2867,por_presa,True
Nc=Np,0.29998779296875,4915,98,1.65326278659612,2835,2867,por_presa,True
Nc=Np,0.29998779296875,4915,99,1.7165963431786218,2844,2867,por_presa,True
Nc=Np,0.39996337890625,6553,0,1.8133047210300428,2330,2457,por_presa,True
Nc=Np,0.39996337890625,6553,1,1.8441502988898377,2342,2457,por_presa,True
Nc=Np,0.39996337890625,6553,2,1.7984529437043404,2327,2457,por_presa,True
Nc=Np,0.39996337890625,6553,3,1.858538657604078,2354,2457,por_presa,True
Nc=Np,0.39996337890625,6553,4,1.805366269165247,2348,2457,por_presa,True
Nc=Np,0.39996337890625,6553,5,1.8165957446808512,2350,2457,por_presa,True
Nc=Np,0.39996337890625,6553,6,1.8172134639965913,2347,2457,por_presa,True
Nc=Np,0.39996337890625,6553,7,1.851218469431381,2339,2457,por_presa,True
Nc=Np,0.39996337890625,6553,8,1.8466152527849187,2334,2457,por_presa,True
Nc=Np,0.39996337890625,6553,9,1.84598976109215,2344,2457,por_presa,True
Nc=Np,0.39996337890625,6553,10,1.8258620689655172,2320,2457,por_presa,True
Nc=Np,0.39996337890625,6553,11,1.8611946712505372,2327,2457,por_presa,True
Nc=Np,0.39996337890625,6553,12,1.8379310344827586,2320,2457,por_presa,True
Nc=Np,0.39996337890625,6553,13,1.829184549356223,2330,2457,por_presa,True
Nc=Np,0.39996337890625,6553,14,1.8611704399829132,2341,2457,por_presa,True
Nc=Np,0.39996337890625,6553,15,1.7815019092066187,2357,2457,por_presa,True
Nc=Np,0.39996337890625,6553,16,1.8766538625693556,2343,2457,por_presa,True
Nc=Np,0.39996337890625,6553,17,1.7882049074472666,2323,2457,por_presa,True
Nc=Np,0.39996337890625,6553,18,1.8304143528406664,2341,2457,por_presa,True
Nc=Np,0.39996337890625,6553,19,1.8266214497668503,2359,2457,por_presa,True
Nc=Np,0.39996337890625,6553,20,1.7975382003395586,2356,2457,por_presa,True
Nc=Np,0.39996337890625,6553,21,1.8789836347975883,2322,2457,por_presa,True
Nc=Np,0.39996337890625,6553,22,1.828924914675768,2344,2457,por_presa,True
Nc=Np,0.39996337890625,6553,23,1.8999155405405406,2368,2457,por_presa,True
Nc=Np,0.39996337890625,6553,24,1.8528027385537014,2337,2457,por_presa,True
Nc=Np,0.39996337890625,6553,25,1.8523890784982935,2344,2457,por_presa,True
Nc=Np,0.39996337890625,6553,26,1.8236549957301451,2342,2457,por_presa,True
Nc=Np,0.39996337890625,6553,27,1.816631130063966,2345,2457,por_presa,True
Nc=Np,0.39996337890625,6553,28,1.8634229620145113,2343,2457,por_presa,True
Nc=Np,0.39996337890625,6553,29,1.7753191489361702,2350,2457,por_presa,True
Nc=Np,0.39996337890625,6553,30,1.8032437046521554,2343,2457,por_presa,True
Nc=Np,0.39996337890625,6553,31,1.8448349764252037,2333,2457,por_presa,True
Nc=Np,0.39996337890625,6553,32,1.8664965986394557,2352,2457,por_presa,True
Nc=Np,0.39996337890625,6553,33,1.8657228657228657,2331,2457,por_presa,True
Nc=Np,0.39996337890625,6553,34,1.854033290653009,2343,2457,por_presa,True
Nc=Np,0.39996337890625,6553,35,1.8636363636363635,2354,2457,por_presa,True
Nc=Np,0.39996337890625,6553,36,1.8115138592750533,2345,2457,por_presa,True
Nc=Np,0.39996337890625,6553,37,1.8050665521683127,2329,2457,por_presa,True
Nc=Np,0.39996337890625,6553,38,1.853253934495959,2351,2457,por_presa,True
Nc=Np,0.39996337890625,6553,39,1.8080851063829788,2350,2457,por_presa,True
Nc=Np,0.39996337890625,6553,40,1.8459574468085107,2350,2457,por_presa,True
Nc=Np,0.39996337890625,6553,41,1.818606627017842,2354,2457,por_presa,True
Nc=Np,0.39996337890625,6553,42,1.8242320819112627,2344,2457,por_presa,True
Nc=Np,0.39996337890625,6553,43,1.8527789563003818,2357,2457,por_presa,True
Nc=Np,0.39996337890625,6553,44,1.8610758153324862,2361,2457,por_presa,True
Nc=Np,0.39996337890625,6553,45,1.7953568357695615,2326,2457,por_presa,True
Nc=Np,0.39996337890625,6553,46,1.8285106382978724,2350,2457,por_presa,True
Nc=Np,0.39996337890625,6553,47,1.8025586353944563,2345,2457,por_presa,True
Nc=Np,0.39996337890625,6553,48,1.8514431239388796,2356,2457,por_presa,True
Nc=Np,0.39996337890625,6553,49,1.8412563667232598,2356,2457,por_presa,True
Nc=Np,0.39996337890625,6553,50,1.778546712802768,2312,2457,por_presa,True
Nc=Np,0.39996337890625,6553,51,1.7589590443686007,2344,2457,por_presa,True
Nc=Np,0.39996337890625,6553,52,1.8003369839932604,2374,2457,por_presa,True
Nc=Np,0.39996337890625,6553,53,1.776360544217687,2352,2457,por_presa,True
Nc=Np,0.39996337890625,6553,54,1.8451063829787233,2350,2457,por_presa,True
Nc=Np,0.39996337890625,6553,55,1.8365343576611182,2343,2457,por_presa,True
Nc=Np,0.39996337890625,6553,56,1.8154305200341005,2346,2457,por_presa,True
Nc=Np,0.39996337890625,6553,57,1.7956484641638226,2344,2457,por_presa,True
Nc=Np,0.39996337890625,6553,58,1.855207451312447,2362,2457,por_presa,True
Nc=Np,0.39996337890625,6553,59,1.7963994856408059,2333,2457,por_presa,True
Nc=Np,0.39996337890625,6553,60,1.849678800856531,2335,2457,por_presa,True
Nc=Np,0.39996337890625,6553,61,1.8920406435224386,2362,2457,por_presa,True
Nc=Np,0.39996337890625,6553,62,1.8045492839090143,2374,2457,por_presa,True
Nc=Np,0.39996337890625,6553,63,1.8181041844577284,2342,2457,por_presa,True
Nc=Np,0.39996337890625,6553,64,1.8475583864118896,2355,2457,por_presa,True
Nc=Np,0.39996337890625,6553,65,1.8380221653878943,2346,2457,por_presa,True
Nc=Np,0.39996337890625,6553,66,1.778110303548525,2339,2457,por_presa,True
Nc=Np,0.39996337890625,6553,67,1.858603066439523,2348,2457,por_presa,True
Nc=Np,0.39996337890625,6553,68,1.8313878080415045,2313,2457,por_presa,True
Nc=Np,0.39996337890625,6553,69,1.84737747205503,2326,2457,por_presa,True
Nc=Np,0.39996337890625,6553,70,1.8091570389388105,2337,2457,por_presa,True
Nc=Np,0.39996337890625,6553,71,1.8874680306905371,2346,2457,por_presa,True
Nc=Np,0.39996337890625,6553,72,1.8056265984654731,2346,2457,por_presa,True
Nc=Np,0.39996337890625,6553,73,1.7463393626184325,2322,2457,por_presa,True
Nc=Np,0.39996337890625,6553,74,1.8402061855670102,2328,2457,por_presa,True
Nc=Np,0.39996337890625,6553,75,1.8840889649272883,2338,2457,por_presa,True
Nc=Np,0.39996337890625,6553,76,1.8466152527849187,2334,2457,por_presa,True
Nc=Np,0.39996337890625,6553,77,1.8643560119811724,2337,2457,por_presa,True
Nc=Np,0.39996337890625,6553,78,1.8308157099697886,2317,2457,por_presa,True
Nc=Np,0.39996337890625,6553,79,1.856839422259983,2354,2457,por_presa,True
Nc=Np,0.39996337890625,6553,80,1.8318471337579618,2355,2457,por_presa,True
Nc=Np,0.39996337890625,6553,81,1.7856225930680358,2337,2457,por_presa,True
Nc=Np,0.39996337890625,6553,82,1.808037622915776,2339,2457,por_presa,True
Nc=Np,0.39996337890625,6553,83,1.8308478909245847,2347,2457,por_presa,True
Nc=Np,0.39996337890625,6553,84,1.8445684843280379,2329,2457,por_presa,True
Nc=Np,0.39996337890625,6553,85,1.839779005524862,2353,2457,por_presa,True
Nc=Np,0.39996337890625,6553,86,1.7864406779661017,2360,2457,por_presa,True
Nc=Np,0.39996337890625,6553,87,1.8393470790378006,2328,2457,por_presa,True
Nc=Np,0.39996337890625,6553,88,1.8901192504258943,2348,2457,por_presa,True
Nc=Np,0.39996337890625,6553,89,1.8412765957446808,2350,2457,por_presa,True
Nc=Np,0.39996337890625,6553,90,1.8341151385927505,2345,2457,por_presa,True
Nc=Np,0.39996337890625,6553,91,1.7949486301369864,2336,2457,por_presa,True
Nc=Np,0.39996337890625,6553,92,1.837872340425532,2350,2457,por_presa,True
Nc=Np,0.39996337890625,6553,93,1.8277777777777777,2340,2457,por_presa,True
Nc=Np,0.39996337890625,6553,94,1.8090753424657535,2336,2457,por_presa,True
Nc=Np,0.39996337890625,6553,95,1.7937123169681308,2322,2457,por_presa,True
Nc=Np,0.39996337890625,6553,96,1.8263293310463122,2332,2457,por_presa,True
Nc=Np,0.39996337890625,6553,97,1.8145299145299145,2340,2457,por_presa,True
Nc=Np,0.39996337890625,6553,98,1.8610758153324862,2361,2457,por_presa,True
Nc=Np,0.39996337890625,6553,99,1.8261421319796953,2364,2457,por_presa,True
Nc=Np,0.5,8192,0,1.914952751528627,1799,2048,por_presa,True
Nc=Np,0.5,8192,1,2.0298591549295772,1775,2048,por_presa,True
Nc=Np,0.5,8192,2,1.9504178272980501,1795,2048,por_presa,True
Nc=Np,0.5,8192,3,1.9540816326530612,1764,2048,por_presa,True
Nc=Np,0.5,8192,4,2.129319955406912,1794,2048,por_presa,True
Nc=Np,0.5,8192,5,1.9143337066069428,1786,2048,por_presa,True
Nc=Np,0.5,8192,6,1.9726715002788622,1793,2048,por_presa,True
Nc=Np,0.5,8192,7,1.8747875354107648,1765,2048,por_presa,True
Nc=Np,0.5,8192,8,1.956179775280899,1780,2048,por_presa,True
Nc=Np,0.5,8192,9,1.969335604770017,1761,2048,por_presa,True
Nc=Np,0.5,8192,10,1.8923869490555238,1747,2048,por_presa,True
Nc=Np,0.5,8192,11,1.884593519044912,1759,2048,por_presa,True
Nc=Np,0.5,8192,12,1.9429223744292237,1752,2048,por_presa,True
Nc=Np,0.5,8192,13,1.9626532887402452,1794,2048,por_presa,True
Nc=Np,0.5,8192,14,1.920814479638009,1768,2048,por_presa,True
Nc=Np,0.5,8192,15,2.0259154929577465,1775,2048,por_presa,True
Nc=Np,0.5,8192,16,1.9786620530565167,1734,2048,por_presa,True
Nc=Np,0.5,8192,17,2.058361391694725,1782,2048,por_presa,True
Nc=Np,0.5,8192,18,2.0463538722442056,1769,2048,por_presa,True
Nc=Np,0.5,8192,19,1.9638213680045222,1769,2048,por_presa,True
Nc=Np,0.5,8192,20,1.8842281879194631,1788,2048,por_presa,True
Nc=Np,0.5,8192,21,1.9570135746606334,1768,2048,por_presa,True
Nc=Np,0.5,8192,22,1.9422750424448216,1767,2048,por_presa,True
Nc=Np,0.5,8192,23,1.9732650739476678,1758,2048,por_presa,True
Nc=Np,0.5,8192,24,1.9926470588235294,1768,2048,por_presa,True
Nc=Np,0.5,8192,25,1.8937605396290051,1779,2048,por_presa,True
Nc=Np,0.5,8192,26,2.0621046578493387,1739,2048,por_presa,True
Nc=Np,0.5,8192,27,1.9851002865329512,1745,2048,por_presa,True
Nc=Np,0.5,8192,28,1.9369318181818183,1760,2048,por_presa,True
Nc=Np,0.5,8192,29,1.9577226606538896,1774,2048,por_presa,True
Nc=Np,0.5,8192,30,1.9406731317741015,1753,2048,por_presa,True
Nc=Np,0.5,8192,31,1.892134831460674,1780,2048,por_presa,True
Nc=Np,0.5,8192,32,1.9635854341736694,1785,2048,por_presa,True
Nc=Np,0.5,8192,33,1.9756649688737975,1767,2048,por_presa,True
Nc=Np,0.5,8192,34,1.9101497504159735,1803,2048,por_presa,True
Nc=Np,0.5,8192,35,2.0,1733,2048,por_presa,True
Nc=Np,0.5,8192,36,2.0095774647887326,1775,2048,por_presa,True
Nc=Np,0.5,8192,37,1.9449489216799092,1762,2048,por_presa,True
Nc=Np,0.5,8192,38,1.9721432632177374,1759,2048,por_presa,True
Nc=Np,0.5,8192,39,2.024608501118568,1788,2048,por_presa,True
Nc=Np,0.5,8192,40,1.9369067560022335,1791,2048,por_presa,True
Nc=Np,0.5,8192,41,1.9929701230228472,1707,2048,por_presa,True
Nc=Np,0.5,8192,42,1.9328821206993796,1773,2048,por_presa,True
Nc=Np,0.5,8192,43,1.9943246311010216,1762,2048,por_presa,True
Nc=Np,0.5,8192,44,1.9966348850252384,1783,2048,por_presa,True
Nc=Np,0.5,8192,45,1.988845510317903,1793,2048,por_presa,True
Nc=Np,0.5,8192,46,1.9060554612337295,1767,2048,por_presa,True
Nc=Np,0.5,8192,47,1.9117312072892938,1756,2048,por_presa,True
Nc=Np,0.5,8192,48,1.9518477043673013,1786,2048,por_presa,True
Nc=Np,0.5,8192,49,1.8815937149270483,1782,2048,por_presa,True
Nc=Np,0.5,8192,50,2.0297994269340975,1745,2048,por_presa,True
Nc=Np,0.5,8192,51,1.9896492236917769,1739,2048,por_presa,True
Nc=Np,0.5,8192,52,1.9882154882154883,1782,2048,por_presa,True
Nc=Np,0.5,8192,53,1.9831744251261918,1783,2048,por_presa,True
Nc=Np,0.5,8192,54,2.0062464508801816,1761,2048,por_presa,True
Nc=Np,0.5,8192,55,1.9770642201834863,1744,2048,por_presa,True
Nc=Np,0.5,8192,56,2.0278567367822626,1759,2048,por_presa,True
Nc=Np,0.5,8192,57,2.0373259052924793,1795,2048,por_presa,True
Nc=Np,0.5,8192,58,2.011647254575707,1803,2048,por_presa,True
Nc=Np,0.5,8192,59,1.9025641025641025,1755,2048,por_presa,True
Nc=Np,0.5,8192,60,1.9091915836101883,1806,2048,por_presa,True
Nc=Np,0.5,8192,61,1.9132981839484475,1707,2048,por_presa,True
Nc=Np,0.5,8192,62,1.9707371975239167,1777,2048,por_presa,True
Nc=Np,0.5,8192,63,1.9538461538461538,1755,2048,por_presa,True
Nc=Np,0.5,8192,64,1.912528216704289,1772,2048,por_presa,True
Nc=Np,0.5,8192,65,1.9300503637381086,1787,2048,por_presa,True
Nc=Np,0.5,8192,66,1.9517795637198623,1742,2048,por_presa,True
Nc=Np,0.5,8192,67,1.959841628959276,1768,2048,por_presa,True
Nc=Np,0.5,8192,68,1.9402642159678345,1741,2048,por_presa,True
Nc=Np,0.5,8192,69,1.9209621993127148,1746,2048,por_presa,True
Nc=Np,0.5,8192,70,1.9948863636363636,1760,2048,por_presa,True
Nc=Np,0.5,8192,71,1.9338609383832674,1769,2048,por_presa,True
Nc=Np,0.5,8192,72,2.005081874647092,1771,2048,por_presa,True
Nc=Np,0.5,8192,73,1.9073756432246998,1749,2048,por_presa,True
Nc=Np,0.5,8192,74,1.9489910313901346,1784,2048,por_presa,True
Nc=Np,0.5,8192,75,1.9188876013904983,1726,2048,por_presa,True
Nc=Np,0.5,8192,76,2.012237762237762,1716,2048,por_presa,True
Nc=Np,0.5,8192,77,1.9919816723940436,1746,2048,por_presa,True
Nc=Np,0.5,8192,78,1.9971231300345225,1738,2048,por_presa,True
Nc=Np,0.5,8192,79,1.9284890426758938,1734,2048,por_presa,True
Nc=Np,0.5,8192,80,1.9441371681415929,1808,2048,por_presa,True
Nc=Np,0.5,8192,81,1.9182857142857144,1750,2048,por_presa,True
Nc=Np,0.5,8192,82,1.964824120603015,1791,2048,por_presa,True
Nc=Np,0.5,8192,83,1.9911160466407551,1801,2048,por_presa,True
Nc=Np,0.5,8192,84,2.047455688965123,1749,2048,por_presa,True
Nc=Np,0.5,8192,85,1.9628783552255853,1751,2048,por_presa,True
Nc=Np,0.5,8192,86,1.9971198156682028,1736,2048,por_presa,True
Nc=Np,0.5,8192,87,1.9457142857142857,1750,2048,por_presa,True
Nc=Np,0.5,8192,88,2.022892238972641,1791,2048,por_presa,True
Nc=Np,0.5,8192,89,1.984941438929169,1793,2048,por_presa,True
Nc=Np,0.5,8192,90,2.0699496362618914,1787,2048,por_presa,True
Nc=Np,0.5,8192,91,2.019751693002257,1772,2048,por_presa,True
Nc=Np,0.5,8192,92,1.9236071223434807,1741,2048,por_presa,True
Nc=Np,0.5,8192,93,1.9050596930073906,1759,2048,por_presa,True
Nc=Np,0.5,8192,94,1.9404086265607265,1762,2048,por_presa,True
Nc=Np,0.5,8192,95,1.965188096574958,1781,2048,por_presa,True
Nc=Np,0.5,8192,96,1.9920499716070414,1761,2048,por_presa,True
Nc=Np,0.5,8192,97,1.9412435824301197,1753,2048,por_presa,True
Nc=Np,0.5,8192,98,1.9733560090702948,1764,2048,por_presa,True
Nc=Np,0.5,8192,99,2.0760992108229988,1774,2048,por_presa,True
Nc=Np,0.5999755859375,9830,0,1.9431616341030196,1126,1638,por_presa,True
Nc=Np,0.5999755859375,9830,1,1.872072072072072,1110,1638,por_presa,True
Nc=Np,0.5999755859375,9830,2,2.031496062992126,1143,1638,por_presa,True
Nc=Np,0.5999755859375,9830,3,1.8464800678541136,1179,1638,por_presa,True
Nc=Np,0.5999755859375,9830,4,1.9343971631205674,1128,1638,por_presa,True
Nc=Np,0.5999755859375,9830,5,1.97270245677889,1099,1638,por_presa,True
Nc=Np,0.5999755859375,9830,6,1.9650537634408602,1116,1638,por_presa,True
Nc=Np,0.5999755859375,9830,7,1.873583260680035,1147,1638,por_presa,True
Nc=Np,0.5999755859375,9830,8,1.9524229074889867,1135,1638,por_presa,True
Nc=Np,0.5999755859375,9830,9,1.837312113174182,1131,1638,por_presa,True
Nc=Np,0.5999755859375,9830,10,1.902591599642538,1119,1638,por_presa,True
Nc=Np,0.5999755859375,9830,11,2.001733102253033,1154,1638,por_presa,True
Nc=Np,0.5999755859375,9830,12,1.9668649107901444,1177,1638,por_presa,True
Nc=Np,0.5999755859375,9830,13,1.9006968641114983,1148,1638,por_presa,True
Nc=Np,0.5999755859375,9830,14,1.8863436123348019,1135,1638,por_presa,True
Nc=Np,0.5999755859375,9830,15,1.8710247349823321,1132,1638,por_presa,True
Nc=Np,0.5999755859375,9830,16,1.9327433628318584,1130,1638,por_presa,True
Nc=Np,0.5999755859375,9830,17,1.9574468085106382,1128,1638,por_presa,True
Nc=Np,0.5999755859375,9830,18,2.102409638554217,1162,1638,por_presa,True
Nc=Np,0.5999755859375,9830,19,1.8348214285714286,1120,1638,por_presa,True
Nc=Np,0.5999755859375,9830,20,2.019213973799127,1145,1638,por_presa,True
Nc=Np,0.5999755859375,9830,21,1.9389920424403182,1131,1638,por_presa,True
Nc=Np,0.5999755859375,9830,22,1.9187554019014694,1157,1638,por_presa,True
Nc=Np,0.5999755859375,9830,23,1.9388111888111887,1144,1638,por_presa,True
Nc=Np,0.5999755859375,9830,24,2.005357142857143,1120,1638,por_presa,True
Nc=Np,0.5999755859375,9830,25,1.8968888888888888,1125,1638,por_presa,True
Nc=Np,0.5999755859375,9830,26,1.9810181190681622,1159,1638,por_presa,True
Nc=Np,0.5999755859375,9830,27,1.9249352890422777,1159,1638,por_presa,True
Nc=Np,0.5999755859375,9830,28,1.8733960650128314,1169,1638,por_presa,True
Nc=Np,0.5999755859375,9830,29,2.0566356720202874,1183,1638,por_presa,True
Nc=Np,0.5999755859375,9830,30,1.8949771689497716,1095,1638,por_presa,True
Nc=Np,0.5999755859375,9830,31,1.959111111111111,1125,1638,por_presa,True
Nc=Np,0.5999755859375,9830,32,1.8294849023090587,1126,1638,por_presa,True
Nc=Np,0.5999755859375,9830,33,1.9181073703366698,1099,1638,por_presa,True
Nc=Np,0.5999755859375,9830,34,1.8918677390527256,1119,1638,por_presa,True
Nc=Np,0.5999755859375,9830,35,1.8908450704225352,1136,1638,por_presa,True
Nc=Np,0.5999755859375,9830,36,1.893596986817326,1062,1638,por_presa,True
Nc=Np,0.5999755859375,9830,37,1.9207207207207206,1110,1638,por_presa,True
Nc=Np,0.5999755859375,9830,38,1.990484429065744,1156,1638,por_presa,True
Nc=Np,0.5999755859375,9830,39,1.8533801580333626,1139,1638,por_presa,True
Nc=Np,0.5999755859375,9830,40,1.9139414802065404,1162,1638,por_presa,True
Nc=Np,0.5999755859375,9830,41,2.0230572160546543,1171,1638,por_presa,True
Nc=Np,0.5999755859375,9830,42,1.8813852813852814,1155,1638,por_presa,True
Nc=Np,0.5999755859375,9830,43,1.9692044482463644,1169,1638,por_presa,True
Nc=Np,0.5999755859375,9830,44,1.920844327176781,1137,1638,por_presa,True
Nc=Np,0.5999755859375,9830,45,2.0379965457685665,1158,1638,por_presa,True
Nc=Np,0.5999755859375,9830,46,1.9366319444444444,1152,1638,por_presa,True
Nc=Np,0.5999755859375,9830,47,2.0180257510729613,1165,1638,por_presa,True
Nc=Np,0.5999755859375,9830,48,1.9792746113989637,1158,1638,por_presa,True
Nc=Np,0.5999755859375,9830,49,1.9502222222222223,1125,1638,por_presa,True
Nc=Np,0.5999755859375,9830,50,1.9689991142604075,1129,1638,por_presa,True
Nc=Np,0.5999755859375,9830,51,1.8880139982502187,1143,1638,por_presa,True
Nc=Np,0.5999755859375,9830,52,1.998209489704566,1117,1638,por_presa,True
Nc=Np,0.5999755859375,9830,53,1.9329805996472662,1134,1638,por_presa,True
Nc=Np,0.5999755859375,9830,54,1.9329214474845542,1133,1638,por_presa,True
Nc=Np,0.5999755859375,9830,55,1.9474137931034483,1160,1638,por_presa,True
Nc=Np,0.5999755859375,9830,56,1.9499568593615186,1159,1638,por_presa,True
Nc=Np,0.5999755859375,9830,57,1.8676337262012692,1103,1638,por_presa,True
Nc=Np,0.5999755859375,9830,58,1.9264836138175376,1129,1638,por_presa,True
Nc=Np,0.5999755859375,9830,59,1.9425795053003534,1132,1638,por_presa,True
Nc=Np,0.5999755859375,9830,60,1.8772532188841202,1165,1638,por_presa,True
Nc=Np,0.5999755859375,9830,61,1.8942042318307268,1087,1638,por_presa,True
Nc=Np,0.5999755859375,9830,62,1.8973214285714286,1120,1638,por_presa,True
Nc=Np,0.5999755859375,9830,63,1.9506802721088434,1176,1638,por_presa,True
Nc=Np,0.5999755859375,9830,64,1.9549002601908065,1153,1638,por_presa,True
Nc=Np,0.5999755859375,9830,65,1.8603839441535777,1146,1638,por_presa,True
Nc=Np,0.5999755859375,9830,66,2.074766355140187,1177,1638,por_presa,True
Nc=Np,0.5999755859375,9830,67,1.9225978647686832,1124,1638,por_presa,True
Nc=Np,0.5999755859375,9830,68,2.003392705682782,1179,1638,por_presa,True
Nc=Np,0.5999755859375,9830,69,1.8788927335640138,1156,1638,por_presa,True
Nc=Np,0.5999755859375,9830,70,1.8738738738738738,1110,1638,por_presa,True
Nc=Np,0.5999755859375,9830,71,1.9543859649122808,1140,1638,por_presa,True
Nc=Np,0.5999755859375,9830,72,1.884780739466896,1163,1638,por_presa,True
Nc=Np,0.5999755859375,9830,73,1.9288321167883211,1096,1638,por_presa,True
Nc=Np,0.5999755859375,9830,74,1.9332176929748481,1153,1638,por_presa,True
Nc=Np,0.5999755859375,9830,75,1.9607173356105891,1171,1638,por_presa,True
Nc=Np,0.5999755859375,9830,76,1.9323503902862098,1153,1638,por_presa,True
Nc=Np,0.5999755859375,9830,77,1.8914185639229422,1142,1638,por_presa,True
Nc=Np,0.5999755859375,9830,78,1.9364111498257839,1148,1638,por_presa,True
Nc=Np,0.5999755859375,9830,79,2.0105263157894737,1140,1638,por_presa,True
Nc=Np,0.5999755859375,9830,80,1.8920606601248884,1121,1638,por_presa,True
Nc=Np,0.5999755859375,9830,81,1.9905008635578583,1158,1638,por_presa,True
Nc=Np,0.5999755859375,9830,82,1.9323503902862098,1153,1638,por_presa,True
Nc=Np,0.5999755859375,9830,83,2.00507614213198,1182,1638,por_presa,True
Nc=Np,0.5999755859375,9830,84,1.8867082961641393,1121,1638,por_presa,True
Nc=Np,0.5999755859375,9830,85,1.9496527777777777,1152,1638,por_presa,True
Nc=Np,0.5999755859375,9830,86,1.9781468531468531,1144,1638,por_presa,True
Nc=Np,0.5999755859375,9830,87,1.9852045256744995,1149,1638,por_presa,True
Nc=Np,0.5999755859375,9830,88,1.953026196928636,1107,1638,por_presa,True
Nc=Np,0.5999755859375,9830,89,2.0134680134680134,1188,1638,por_presa,True
Nc=Np,0.5999755859375,9830,90,1.890695573622403,1107,1638,por_presa,True
Nc=Np,0.5999755859375,9830,91,1.9055604589585171,1133,1638,por_presa,True
Nc=Np,0.5999755859375,9830,92,2.0452528837622004,1127,1638,por_presa,True
Nc=Np,0.5999755859375,9830,93,1.9140070921985815,1128,1638,por_presa,True
Nc=Np,0.5999755859375,9830,94,1.9848484848484849,1122,1638,por_presa,True
Nc=Np,0.5999755859375,9830,95,1.9056277056277056,1155,1638,por_presa,True
Nc=Np,0.5999755859375,9830,96,2.008695652173913,1150,1638,por_presa,True
Nc=Np,0.5999755859375,9830,97,1.907745865970409,1149,1638,por_presa,True
Nc=Np,0.5999755859375,9830,98,1.9036251105216622,1131,1638,por_presa,True
Nc=Np,0.5999755859375,9830,99,1.875,1120,1638,por_presa,True
Nc=Np,0.699951171875,11468,0,1.7624784853700517,581,1229,por_presa,True
Nc=Np,0.699951171875,11468,1,1.8052805280528053,606,1229,por_presa,True
Nc=Np,0.699951171875,11468,2,1.6833631484794276,559,1229,por_presa,True
Nc=Np,0.699951171875,11468,3,1.7006688963210703,598,1229,por_presa,True
Nc=Np,0.699951171875,11468,4,1.7571189279731994,597,1229,por_presa,True
Nc=Np,0.699951171875,11468,5,1.8041237113402062,582,1229,por_presa,True
Nc=Np,0.699951171875,11468,6,1.7402597402597402,616,1229,por_presa,True
Nc=Np,0.699951171875,11468,7,1.7087542087542087,594,1229,por_presa,True
Nc=Np,0.699951171875,11468,8,1.7696078431372548,612,1229,por_presa,True
Nc=Np,0.699951171875,11468,9,1.7068676716917923,597,1229,por_presa,True
Nc=Np,0.699951171875,11468,10,1.7295918367346939,588,1229,por_presa,True
Nc=Np,0.699951171875,11468,11,1.774247491638796,598,1229,por_presa,True
Nc=Np,0.699951171875,11468,12,1.7989228007181328,557,1229,por_presa,True
Nc=Np,0.699951171875,11468,13,1.7301587301587302,630,1229,por_presa,True
Nc=Np,0.699951171875,11468,14,1.7553719008264463,605,1229,por_presa,True
Nc=Np,0.699951171875,11468,15,1.7444633730834753,587,1229,por_presa,True
Nc=Np,0.699951171875,11468,16,1.8191489361702127,564,1229,por_presa,True
Nc=Np,0.699951171875,11468,17,1.8129139072847682,604,1229,por_presa,True
Nc=Np,0.699951171875,11468,18,1.6891891891891893,592,1229,por_presa,True
Nc=Np,0.699951171875,11468,19,1.8310810810810811,592,1229,por_presa,True
Nc=Np,0.699951171875,11468,20,1.701252236135957,559,1229,por_presa,True
Nc=Np,0.699951171875,11468,21,1.8108108108108107,592,1229,por_presa,True
Nc=Np,0.699951171875,11468,22,1.6952861952861953,594,1229,por_presa,True
Nc=Np,0.699951171875,11468,23,1.6655683690280065,607,1229,por_presa,True
Nc=Np,0.699951171875,11468,24,1.7491408934707904,582,1229,por_presa,True
Nc=Np,0.699951171875,11468,25,1.6566666666666667,600,1229,por_presa,True
Nc=Np,0.699951171875,11468,26,1.7249134948096885,578,1229,por_presa,True
Nc=Np,0.699951171875,11468,27,1.7495854063018241,603,1229,por_presa,True
Nc=Np,0.699951171875,11468,28,1.8158783783783783,592,1229,por_presa,True
Nc=Np,0.699951171875,11468,29,1.8399311531841653,581,1229,por_presa,True
Nc=Np,0.699951171875,11468,30,1.7924217462932455,607,1229,por_presa,True
Nc=Np,0.699951171875,11468,31,1.6878216123499143,583,1229,por_presa,True
Nc=Np,0.699951171875,11468,32,1.6660958904109588,584,1229,por_presa,True
Nc=Np,0.699951171875,11468,33,1.7358184764991895,617,1229,por_presa,True
Nc=Np,0.699951171875,11468,34,1.680672268907563,595,1229,por_presa,True
Nc=Np,0.699951171875,11468,35,1.7844408427876823,617,1229,por_presa,True
Nc=Np,0.699951171875,11468,36,1.7431506849315068,584,1229,por_presa,True
Nc=Np,0.699951171875,11468,37,1.7451327433628319,565,1229,por_presa,True
Nc=Np,0.699951171875,11468,38,1.623728813559322,590,1229,por_presa,True
Nc=Np,0.699951171875,11468,39,1.7235494880546076,586,1229,por_presa,True
Nc=Np,0.699951171875,11468,40,1.7901639344262295,610,1229,por_presa,True
Nc=Np,0.699951171875,11468,41,1.78369384359401,601,1229,por_presa,True
Nc=Np,0.699951171875,11468,42,1.6871794871794872,585,1229,por_presa,True
Nc=Np,0.699951171875,11468,43,1.745393634840871,597,1229,por_presa,True
Nc=Np,0.699951171875,11468,44,1.66383701188455,589,1229,por_presa,True
Nc=Np,0.699951171875,11468,45,1.6461794019933556,602,1229,por_presa,True
Nc=Np,0.699951171875,11468,46,1.7048903878583475,593,1229,por_presa,True
Nc=Np,0.699951171875,11468,47,1.676320272572402,587,1229,por_presa,True
Nc=Np,0.699951171875,11468,48,1.7704081632653061,588,1229,por_presa,True
Nc=Np,0.699951171875,11468,49,1.7372611464968153,628,1229,por_presa,True
Nc=Np,0.699951171875,11468,50,1.797979797979798,594,1229,por_presa,True
Nc=Np,0.699951171875,11468,51,1.8451612903225807,620,1229,por_presa,True
Nc=Np,0.699951171875,11468,52,1.6585760517799353,618,1229,por_presa,True
Nc=Np,0.699951171875,11468,53,1.6677524429967427,614,1229,por_presa,True
Nc=Np,0.699951171875,11468,54,1.7643097643097643,594,1229,por_presa,True
Nc=Np,0.699951171875,11468,55,1.707191780821918,584,1229,por_presa,True
Nc=Np,0.699951171875,11468,56,1.7470489038785835,593,1229,por_presa,True
Nc=Np,0.699951171875,11468,57,1.8374558303886925,566,1229,por_presa,True
Nc=Np,0.699951171875,11468,58,1.71869918699187,615,1229,por_presa,True
Nc=Np,0.699951171875,11468,59,1.7628524046434495,603,1229,por_presa,True
Nc=Np,0.699951171875,11468,60,1.7114093959731544,596,1229,por_presa,True
Nc=Np,0.699951171875,11468,61,1.7736486486486487,592,1229,por_presa,True
Nc=Np,0.699951171875,11468,62,1.7701149425287357,609,1229,por_presa,True
Nc=Np,0.699951171875,11468,63,1.8333333333333333,630,1229,por_presa,True
Nc=Np,0.699951171875,11468,64,1.7959527824620574,593,1229,por_presa,True
Nc=Np,0.699951171875,11468,65,1.6751700680272108,588,1229,por_presa,True
Nc=Np,0.699951171875,11468,66,1.6735751295336787,579,1229,por_presa,True
Nc=Np,0.699951171875,11468,67,1.7913907284768211,604,1229,por_presa,True
Nc=Np,0.699951171875,11468,68,1.780844155844156,616,1229,por_presa,True
Nc=Np,0.699951171875,11468,69,1.8438003220611916,621,1229,por_presa,True
Nc=Np,0.699951171875,11468,70,1.741880341880342,585,1229,por_presa,True
Nc=Np,0.699951171875,11468,71,1.6447140381282495,577,1229,por_presa,True
Nc=Np,0.699951171875,11468,72,1.779527559055118,635,1229,por_presa,True
Nc=Np,0.699951171875,11468,73,1.768352365415987,613,1229,por_presa,True
Nc=Np,0.699951171875,11468,74,1.7205387205387206,594,1229,por_presa,True
Nc=Np,0.699951171875,11468,75,1.7465753424657535,584,1229,por_presa,True
Nc=Np,0.699951171875,11468,76,1.6803418803418804,585,1229,por_presa,True
Nc=Np,0.699951171875,11468,77,1.8702791461412152,609,1229,por_presa,True
Nc=Np,0.699951171875,11468,78,1.7710049423393739,607,1229,por_presa,True
Nc=Np,0.699951171875,11468,79,1.754442649434572,619,1229,por_presa,True
Nc=Np,0.699951171875,11468,80,1.81,600,1229,por_presa,True
Nc=Np,0.699951171875,11468,81,1.8214285714285714,616,1229,por_presa,True
Nc=Np,0.699951171875,11468,82,1.6683250414593698,603,1229,por_presa,True
Nc=Np,0.699951171875,11468,83,1.6566666666666667,600,1229,por_presa,True
Nc=Np,0.699951171875,11468,84,1.7960992907801419,564,1229,por_presa,True
Nc=Np,0.699951171875,11468,85,1.7194719471947195,606,1229,por_presa,True
Nc=Np,0.699951171875,11468,86,1.8795379537953796,606,1229,por_presa,True
Nc=Np,0.699951171875,11468,87,1.726968174204355,597,1229,por_presa,True
Nc=Np,0.699951171875,11468,88,1.6357504215851602,593,1229,por_presa,True
Nc=Np,0.699951171875,11468,89,1.6191335740072201,554,1229,por_presa,True
Nc=Np,0.699951171875,11468,90,1.6149732620320856,561,1229,por_presa,True
Nc=Np,0.699951171875,11468,91,1.7805280528052805,606,1229,por_presa,True
Nc=Np,0.699951171875,11468,92,1.7317939609236235,563,1229,por_presa,True
Nc=Np,0.699951171875,11468,93,1.723793677204659,601,1229,por_presa,True
Nc=Np,0.699951171875,11468,94,1.6183745583038869,566,1229,por_presa,True
Nc=Np,0.699951171875,11468,95,1.7733118971061093,622,1229,por_presa,True
Nc=Np,0.699951171875,11468,96,1.6755852842809364,598,1229,por_presa,True
Nc=Np,0.699951171875,11468,97,1.6655231560891939,583,1229,por_presa,True
Nc=Np,0.699951171875,11468,98,1.7723440134907251,593,1229,por_presa,True
Nc=Np,0.699951171875,11468,99,1.8756302521008403,595,1229,por_presa,True
Nc=Np,0.79998779296875,13107,0,1.5387931034482758,232,819,por_presa,True
Nc=Np,0.79998779296875,13107,1,1.567099567099567,231,819,por_presa,True
Nc=Np,0.79998779296875,13107,2,1.3902439024390243,205,819,por_presa,True
Nc=Np,0.79998779296875,13107,3,1.5938864628820961,229,819,por_presa,True
Nc=Np,0.79998779296875,13107,4,1.4844444444444445,225,819,por_presa,True
Nc=Np,0.79998779296875,13107,5,1.5639810426540284,211,819,por_presa,True
Nc=Np,0.79998779296875,13107,6,1.5669642857142858,224,819,por_presa,True
Nc=Np,0.79998779296875,13107,7,1.4043478260869566,230,819,por_presa,True
Nc=Np,0.79998779296875,13107,8,1.4705882352941178,204,819,por_presa,True
Nc=Np,0.79998779296875,13107,9,1.4724409448818898,254,819,por_presa,True
Nc=Np,0.79998779296875,13107,10,1.4197530864197532,243,819,por_presa,True
Nc=Np,0.79998779296875,13107,11,1.4163090128755365,233,819,por_presa,True
Nc=Np,0.79998779296875,13107,12,1.5481171548117154,239,819,por_presa,True
Nc=Np,0.79998779296875,13107,13,1.41,200,819,por_presa,True
Nc=Np,0.79998779296875,13107,14,1.4813084112149533,214,819,por_presa,True
Nc=Np,0.79998779296875,13107,15,1.4841269841269842,252,819,por_presa,True
Nc=Np,0.79998779296875,13107,16,1.4814814814814814,243,819,por_presa,True
Nc=Np,0.79998779296875,13107,17,1.5436507936507937,252,819,por_presa,True
Nc=Np,0.79998779296875,13107,18,1.4522821576763485,241,819,por_presa,True
Nc=Np,0.79998779296875,13107,19,1.5296803652968036,219,819,por_presa,True
Nc=Np,0.79998779296875,13107,20,1.448888888888889,225,819,por_presa,True
Nc=Np,0.79998779296875,13107,21,1.4342105263157894,228,819,por_presa,True
Nc=Np,0.79998779296875,13107,22,1.484375,256,819,por_presa,True
Nc=Np,0.79998779296875,13107,23,1.5857142857142856,210,819,por_presa,True
Nc=Np,0.79998779296875,13107,24,1.4363636363636363,220,819,por_presa,True
Nc=Np,0.79998779296875,13107,25,1.6666666666666667,219,819,por_presa,True
Nc=Np,0.79998779296875,13107,26,1.431924882629108,213,819,por_presa,True
Nc=Np,0.79998779296875,13107,27,1.4678899082568808,218,819,por_presa,True
Nc=Np,0.79998779296875,13107,28,1.4583333333333333,216,819,por_presa,True
Nc=Np,0.79998779296875,13107,29,1.4382978723404256,235,819,por_presa,True
Nc=Np,0.79998779296875,13107,30,1.4534412955465588,247,819,por_presa,True
Nc=Np,0.79998779296875,13107,31,1.4938271604938271,243,819,por_presa,True
Nc=Np,0.79998779296875,13107,32,1.4939271255060729,247,819,por_presa,True
Nc=Np,0.79998779296875,13107,33,1.5020746887966805,241,819,por_presa,True
Nc=Np,0.79998779296875,13107,34,1.5120772946859904,207,819,por_presa,True
Nc=Np,0.79998779296875,13107,35,1.4883720930232558,215,819,por_presa,True
Nc=Np,0.79998779296875,13107,36,1.4978354978354977,231,819,por_presa,True
Nc=Np,0.79998779296875,13107,37,1.4959677419354838,248,819,por_presa,True
Nc=Np,0.79998779296875,13107,38,1.4940711462450593,253,819,por_presa,True
Nc=Np,0.79998779296875,13107,39,1.5041666666666667,240,819,por_presa,True
Nc=Np,0.79998779296875,13107,40,1.451063829787234,235,819,por_presa,True
Nc=Np,0.79998779296875,13107,41,1.5661157024793388,242,819,por_presa,True
Nc=Np,0.79998779296875,13107,42,1.4508928571428572,224,819,por_presa,True
Nc=Np,0.79998779296875,13107,43,1.4690265486725664,226,819,por_presa,True
Nc=Np,0.79998779296875,13107,44,1.4644351464435146,239,819,por_presa,True
Nc=Np,0.79998779296875,13107,45,1.5107296137339057,233,819,por_presa,True
Nc=Np,0.79998779296875,13107,46,1.4324324324324325,222,819,por_presa,True
Nc=Np,0.79998779296875,13107,47,1.5336538461538463,208,819,por_presa,True
Nc=Np,0.79998779296875,13107,48,1.459090909090909,220,819,por_presa,True
Nc=Np,0.79998779296875,13107,49,1.4615384615384615,221,819,por_presa,True
Nc=Np,0.79998779296875,13107,50,1.3434343434343434,198,819,por_presa,True
Nc=Np,0.79998779296875,13107,51,1.4642857142857142,224,819,por_presa,True
Nc=Np,0.79998779296875,13107,52,1.541062801932367,207,819,por_presa,True
Nc=Np,0.79998779296875,13107,53,1.4260869565217391,230,819,por_presa,True
Nc=Np,0.79998779296875,13107,54,1.5330578512396693,242,819,por_presa,True
Nc=Np,0.79998779296875,13107,55,1.5037313432835822,268,819,por_presa,True
Nc=Np,0.79998779296875,13107,56,1.4398148148148149,216,819,por_presa,True
Nc=Np,0.79998779296875,13107,57,1.4976525821596245,213,819,por_presa,True
Nc=Np,0.79998779296875,13107,58,1.583657587548638,257,819,por_presa,True
Nc=Np,0.79998779296875,13107,59,1.5727272727272728,220,819,por_presa,True
Nc=Np,0.79998779296875,13107,60,1.4957264957264957,234,819,por_presa,True
Nc=Np,0.79998779296875,13107,61,1.434782608695652,253,819,por_presa,True
Nc=Np,0.79998779296875,13107,62,1.4533898305084745,236,819,por_presa,True
Nc=Np,0.79998779296875,13107,63,1.5657894736842106,228,819,por_presa,True
Nc=Np,0.79998779296875,13107,64,1.4545454545454546,209,819,por_presa,True
Nc=Np,0.79998779296875,13107,65,1.5,230,819,por_presa,True
Nc=Np,0.79998779296875,13107,66,1.497907949790795,239,819,por_presa,True
Nc=Np,0.79998779296875,13107,67,1.4728033472803348,239,819,por_presa,True
Nc=Np,0.79998779296875,13107,68,1.5982905982905984,234,819,por_presa,True
Nc=Np,0.79998779296875,13107,69,1.4883720930232558,215,819,por_presa,True
Nc=Np,0.79998779296875,13107,70,1.5047619047619047,210,819,por_presa,True
Nc=Np,0.79998779296875,13107,71,1.5186721991701244,241,819,por_presa,True
Nc=Np,0.79998779296875,13107,72,1.4008097165991902,247,819,por_presa,True
Nc=Np,0.79998779296875,13107,73,1.5614754098360655,244,819,por_presa,True
Nc=Np,0.79998779296875,13107,74,1.4935622317596566,233,819,por_presa,True
Nc=Np,0.79998779296875,13107,75,1.4933920704845816,227,819,por_presa,True
Nc=Np,0.79998779296875,13107,76,1.4155251141552512,219,819,por_presa,True
Nc=Np,0.79998779296875,13107,77,1.4743083003952568,253,819,por_presa,True
Nc=Np,0.79998779296875,13107,78,1.3744493392070485,227,819,por_presa,True
Nc=Np,0.79998779296875,13107,79,1.5,224,819,por_presa,True
Nc=Np,0.79998779296875,13107,80,1.5555555555555556,261,819,por_presa,True
Nc=Np,0.79998779296875,13107,81,1.485981308411215,214,819,por_presa,True
Nc=Np,0.79998779296875,13107,82,1.4872881355932204,236,819,por_presa,True
Nc=Np,0.79998779296875,13107,83,1.510548523206751,237,819,por_presa,True
Nc=Np,0.79998779296875,13107,84,1.516431924882629,213,819,por_presa,True
Nc=Np,0.79998779296875,13107,85,1.453781512605042,238,819,por_presa,True
Nc=Np,0.79998779296875,13107,86,1.4422310756972112,251,819,por_presa,True
Nc=Np,0.79998779296875,13107,87,1.403361344537815,238,819,por_presa,True
Nc=Np,0.79998779296875,13107,88,1.4608695652173913,230,819,por_presa,True
Nc=Np,0.79998779296875,13107,89,1.483568075117371,213,819,por_presa,True
Nc=Np,0.79998779296875,13107,90,1.60546875,256,819,por_presa,True
Nc=Np,0.79998779296875,13107,91,1.595505617977528,267,819,por_presa,True
Nc=Np,0.79998779296875,13107,92,1.3779904306220097,209,819,por_presa,True
Nc=Np,0.79998779296875,13107,93,1.587378640776699,206,819,por_presa,True
Nc=Np,0.79998779296875,13107,94,1.5064935064935066,231,819,por_presa,True
Nc=Np,0.79998779296875,13107,95,1.5546218487394958,238,819,por_presa,True
Nc=Np,0.79998779296875,13107,96,1.3289473684210527,228,819,por_presa,True
Nc=Np,0.79998779296875,13107,97,1.4298642533936652,221,819,por_presa,True
Nc=Np,0.79998779296875,13107,98,1.5258215962441315,213,819,por_presa,True
Nc=Np,0.79998779296875,13107,99,1.7016129032258065,248,819,por_presa,True
Nc=Np,0.89996337890625,14745,0,1.2222222222222223,45,409,por_presa,True
Nc=Np,0.89996337890625,14745,1,1.1666666666666667,60,409,por_presa,True
Nc=Np,0.89996337890625,14745,2,1.3035714285714286,56,409,por_presa,True
Nc=Np,0.89996337890625,14745,3,1.170731707317073,41,409,por_presa,True
Nc=Np,0.89996337890625,14745,4,1.1304347826086956,46,409,por_presa,True
Nc=Np,0.89996337890625,14745,5,1.2647058823529411,68,409,por_presa,True
Nc=Np,0.89996337890625,14745,6,1.1702127659574468,47,409,por_presa,True
Nc=Np,0.89996337890625,14745,7,1.163265306122449,49,409,por_presa,True
Nc=Np,0.89996337890625,14745,8,1.148936170212766,47,409,por_presa,True
Nc=Np,0.89996337890625,14745,9,1.2258064516129032,62,409,por_presa,True
Nc=Np,0.89996337890625,14745,10,1.3529411764705883,51,409,por_presa,True
Nc=Np,0.89996337890625,14745,11,1.1702127659574468,47,409,por_presa,True
Nc=Np,0.89996337890625,14745,12,1.2173913043478262,46,409,por_presa,True
Nc=Np,0.89996337890625,14745,13,1.305084745762712,59,409,por_presa,True
Nc=Np,0.89996337890625,14745,14,1.2641509433962264,53,409,por_presa,True
Nc=Np,0.89996337890625,14745,15,1.2264150943396226,53,409,por_presa,True
Nc=Np,0.89996337890625,14745,16,1.1282051282051282,39,409,por_presa,True
Nc=Np,0.89996337890625,14745,17,1.2765957446808511,47,409,por_presa,True
Nc=Np,0.89996337890625,14745,18,1.3846153846153846,52,409,por_presa,True
Nc=Np,0.89996337890625,14745,19,1.3333333333333333,36,409,por_presa,True
Nc=Np,0.89996337890625,14745,20,1.2745098039215685,51,409,por_presa,True
Nc=Np,0.89996337890625,14745,21,1.293103448275862,58,409,por_presa,True
Nc=Np,0.89996337890625,14745,22,1.2166666666666666,60,409,por_presa,True
Nc=Np,0.89996337890625,14745,23,1.3454545454545455,55,409,por_presa,True
Nc=Np,0.89996337890625,14745,24,1.2790697674418605,43,409,por_presa,True
Nc=Np,0.89996337890625,14745,25,1.12,50,409,por_presa,True
Nc=Np,0.89996337890625,14745,26,1.2857142857142858,49,409,por_presa,True
Nc=Np,0.89996337890625,14745,27,1.2962962962962963,54,409,por_presa,True
Nc=Np,0.89996337890625,14745,28,1.1785714285714286,56,409,por_presa,True
Nc=Np,0.89996337890625,14745,29,1.255813953488372,43,409,por_presa,True
Nc=Np,0.89996337890625,14745,30,1.2040816326530612,49,409,por_presa,True
Nc=Np,0.89996337890625,14745,31,1.2608695652173914,46,409,por_presa,True
Nc=Np,0.89996337890625,14745,32,1.4827586206896552,58,409,por_presa,True
Nc=Np,0.89996337890625,14745,33,1.3272727272727274,55,409,por_presa,True
Nc=Np,0.89996337890625,14745,34,1.1964285714285714,56,409,por_presa,True
Nc=Np,0.89996337890625,14745,35,1.26,50,409,por_presa,True
Nc=Np,0.89996337890625,14745,36,1.2407407407407407,54,409,por_presa,True
Nc=Np,0.89996337890625,14745,37,1.2549019607843137,51,409,por_presa,True
Nc=Np,0.89996337890625,14745,38,1.1590909090909092,44,409,por_presa,True
Nc=Np,0.89996337890625,14745,39,1.3125,32,409,por_presa,True
Nc=Np,0.89996337890625,14745,40,1.170731707317073,41,409,por_presa,True
Nc=Np,0.89996337890625,14745,41,1.225,40,409,por_presa,True
Nc=Np,0.89996337890625,14745,42,1.1794871794871795,39,409,por_presa,True
Nc=Np,0.89996337890625,14745,43,1.3396226415094339,53,409,por_presa,True
Nc=Np,0.89996337890625,14745,44,1.3658536585365855,41,409,por_presa,True
Nc=Np,0.89996337890625,14745,45,1.125,56,409,por_presa,True
Nc=Np,0.89996337890625,14745,46,1.25,48,409,por_presa,True
Nc=Np,0.89996337890625,14745,47,1.2765957446808511,47,409,por_presa,True
Nc=Np,0.89996337890625,14745,48,1.4,35,409,por_presa,True
Nc=Np,0.89996337890625,14745,49,1.2352941176470589,51,409,por_presa,True
Nc=Np,0.89996337890625,14745,50,1.2835820895522387,67,409,por_presa,True
Nc=Np,0.89996337890625,14745,51,1.1538461538461537,52,409,por_presa,True
Nc=Np,0.89996337890625,14745,52,1.1923076923076923,52,409,por_presa,True
Nc=Np,0.89996337890625,14745,53,1.2307692307692308,39,409,por_presa,True
Nc=Np,0.89996337890625,14745,54,1.2093023255813953,43,409,por_presa,True
Nc=Np,0.89996337890625,14745,55,1.1891891891891893,37,409,por_presa,True
Nc=Np,0.89996337890625,14745,56,1.1020408163265305,49,409,por_presa,True
Nc=Np,0.89996337890625,14745,57,1.119047619047619,42,409,por_presa,True
Nc=Np,0.89996337890625,14745,58,1.3269230769230769,52,409,por_presa,True
Nc=Np,0.89996337890625,14745,59,1.2264150943396226,53,409,por_presa,True
Nc=Np,0.89996337890625,14745,60,1.2592592592592593,54,409,por_presa,True
Nc=Np,0.89996337890625,14745,61,1.2142857142857142,56,409,por_presa,True
Nc=Np,0.89996337890625,14745,62,1.2830188679245282,53,409,por_presa,True
Nc=Np,0.89996337890625,14745,63,1.2549019607843137,51,409,por_presa,True
Nc=Np,0.89996337890625,14745,64,1.4509803921568627,51,409,por_presa,True
Nc=Np,0.89996337890625,14745,65,1.1428571428571428,49,409,por_presa,True
Nc=Np,0.89996337890625,14745,66,1.2962962962962963,54,409,por_presa,True
Nc=Np,0.89996337890625,14745,67,1.3653846153846154,52,409,por_presa,True
Nc=Np,0.89996337890625,14745,68,1.125,40,409,por_presa,True
Nc=Np,0.89996337890625,14745,69,1.1538461538461537,39,409,por_presa,True
Nc=Np,0.89996337890625,14745,70,1.375,48,409,por_presa,True
Nc=Np,0.89996337890625,14745,71,1.2222222222222223,54,409,por_presa,True
Nc=Np,0.89996337890625,14745,72,1.2285714285714286,35,409,por_presa,True
Nc=Np,0.89996337890625,14745,73,1.2037037037037037,54,409,por_presa,True
Nc=Np,0.89996337890625,14745,74,1.2456140350877194,57,409,por_presa,True
Nc=Np,0.89996337890625,14745,75,1.446808510638298,47,409,por_presa,True
Nc=Np,0.89996337890625,14745,76,1.2586206896551724,58,409,por_presa,True
Nc=Np,0.89996337890625,14745,77,1.1929824561403508,57,409,por_presa,True
Nc=Np,0.89996337890625,14745,78,1.3333333333333333,51,409,por_presa,True
Nc=Np,0.89996337890625,14745,79,1.148936170212766,47,409,por_presa,True
Nc=Np,0.89996337890625,14745,80,1.3170731707317074,41,409,por_presa,True
Nc=Np,0.89996337890625,14745,81,1.1395348837209303,43,409,por_presa,True
Nc=Np,0.89996337890625,14745,82,1.3214285714285714,56,409,por_presa,True
Nc=Np,0.89996337890625,14745,83,1.3043478260869565,46,409,por_presa,True
Nc=Np,0.89996337890625,14745,84,1.2142857142857142,42,409,por_presa,True
Nc=Np,0.89996337890625,14745,85,1.375,56,409,por_presa,True
Nc=Np,0.89996337890625,14745,86,1.1851851851851851,54,409,por_presa,True
Nc=Np,0.89996337890625,14745,87,1.2682926829268293,41,409,por_presa,True
Nc=Np,0.89996337890625,14745,88,1.3692307692307693,65,409,por_presa,True
Nc=Np,0.89996337890625,14745,89,1.425531914893617,47,409,por_presa,True
Nc=Np,0.89996337890625,14745,90,1.1333333333333333,60,409,por_presa,True
Nc=Np,0.89996337890625,14745,91,1.14,50,409,por_presa,True
Nc=Np,0.89996337890625,14745,92,1.125,40,409,por_presa,True
Nc=Np,0.89996337890625,14745,93,1.2105263157894737,38,409,por_presa,True
Nc=Np,0.89996337890625,14745,94,1.196078431372549,51,409,por_presa,True
Nc=Np,0.89996337890625,14745,95,1.253968253968254,63,409,por_presa,True
Nc=Np,0.89996337890625,14745,96,1.1891891891891893,37,409,por_presa,True
Nc=Np,0.89996337890625,14745,97,1.2258064516129032,62,409,por_presa,True
Nc=Np,0.89996337890625,14745,98,1.2205882352941178,68,409,por_presa,True
Nc=Np,0.89996337890625,14745,99,1.2592592592592593,54,409,por_presa,True
Nc=Np*0.5,0.0,0,0,1.88134765625,4096,4096,por_presa,True
Nc=Np*0.5,0.0,0,1,1.8310546875,4096,4096,por_presa,True
Nc=Np*0.5,0.0,0,2,1.845947265625,4096,4096,por_presa,True
Nc=Np*0.5,0.0,0,3,1.81494140625,4096,4096,por_presa,True
Nc=Np*0.5,0.0,0,4,1.78662109375,4096,4096,por_presa,True
Nc=Np*0.5,0.0,0,5,1.822998046875,4096,4096,por_presa,True
Nc=Np*0.5,0.0,0,6,1.809814453125,4096,4096,por_presa,True
Nc=Np*0.5,0.0,0,7,1.828369140625,4096,4096,por_presa,True
Nc=Np*0.5,0.0,0,8,1.819580078125,4096,4096,por_presa,True
Nc=Np*0.5,0.0,0,9,1.8359375,4096,4096,por_presa,True
Nc=Np*0.5,0.0,0,10,1.8515625,4096,4096,por_presa,True
Nc=Np*0.5,0.0,0,11,1.8349609375,4096,4096,por_presa,True
Nc=Np*0.5,0.0,0,12,1.80712890625,4096,4096,por_presa,True
Nc=Np*0.5,0.0,0,13,1.83935546875,4096,4096,por_presa,True
Nc=Np*0.5,0.0,0,14,1.84765625,4096,4096,por_presa,True
Nc=Np*0.5,0.0,0,15,1.81201171875,4096,4096,por_presa,True
Nc=Np*0.5,0.0,0,16,1.830810546875,4096,4096,por_presa,True
Nc=Np*0.5,0.0,0,17,1.845458984375,4096,4096,por_presa,True
Nc=Np*0.5,0.0,0,18,1.82861328125,4096,4096,por_presa,True
Nc=Np*0.5,0.0,0,19,1.885498046875,4096,4096,por_presa,True
Nc=Np*0.5,0.0,0,20,1.846435546875,4096,4096,por_presa,True
Nc=Np*0.5,0.0,0,21,1.83935546875,4096,4096,por_presa,True
Nc=Np*0.5,0.0,0,22,1.8349609375,4096,4096,por_presa,True
Nc=Np*0.5,0.0,0,23,1.819580078125,4096,4096,por_presa,True
Nc=Np*0.5,0.0,0,24,1.81494140625,4096,4096,por_presa,True
Nc=Np*0.5,0.0,0,25,1.830810546875,4096,4096,por_presa,True
Nc=Np*0.5,0.0,0,26,1.82666015625,4096,4096,por_presa,True
Nc=Np*0.5,0.0,0,27,1.84814453125,4096,4096,por_presa,True
Nc=Np*0.5,0.0,0,28,1.84814453125,4096,4096,por_presa,True
Nc=Np*0.5,0.0,0,29,1.81103515625,4096,4096,por_presa,True
Nc=Np*0.5,0.0,0,30,1.8125,4096,4096,por_presa,True
Nc=Np*0.5,0.0,0,31,1.855712890625,4096,4096,por_presa,True
Nc=Np*0.5,0.0,0,32,1.8251953125,4096,4096,por_presa,True
Nc=Np*0.5,0.0,0,33,1.8359375,4096,4096,por_presa,True
Nc=Np*0.5,0.0,0,34,1.8291015625,4096,4096,por_presa,True
Nc=Np*0.5,0.0,0,35,1.8408203125,4096,4096,por_presa,True
Nc=Np*0.5,0.0,0,36,1.83203125,4096,4096,por_presa,True
Nc=Np*0.5,0.0,0,37,1.839111328125,4096,4096,por_presa,True
Nc=Np*0.5,0.0,0,38,1.827392578125,4096,4096,por_presa,True
Nc=Np*0.5,0.0,0,39,1.80712890625,4096,4096,por_presa,True
Nc=Np*0.5,0.0,0,40,1.863525390625,4096,4096,por_presa,True
Nc=Np*0.5,0.0,0,41,1.8427734375,4096,4096,por_presa,True
Nc=Np*0.5,0.0,0,42,1.8505859375,4096,4096,por_presa,True
Nc=Np*0.5,0.0,0,43,1.83447265625,4096,4096,por_presa,True
Nc=Np*0.5,0.0,0,44,1.850341796875,4096,4096,por_presa,True
Nc=Np*0.5,0.0,0,45,1.812255859375,4096,4096,por_presa,True
Nc=Np*0.5,0.0,0,46,1.84521484375,4096,4096,por_presa,True
Nc=Np*0.5,0.0,0,47,1.825927734375,4096,4096,por_presa,True
Nc=Np*0.5,0.0,0,48,1.838134765625,4096,4096,por_presa,True
Nc=Np*0.5,0.0,0,49,1.827392578125,4096,4096,por_presa,True
Nc=Np*0.5,0.0,0,50,1.835205078125,4096,4096,por_presa,True
Nc=Np*0.5,0.0,0,51,1.818603515625,4096,4096,por_presa,True
Nc=Np*0.5,0.0,0,52,1.83251953125,4096,4096,por_presa,True
Nc=Np*0.5,0.0,0,53,1.82666015625,4096,4096,por_presa,True
Nc=Np*0.5,0.0,0,54,1.821533203125,4096,4096,por_presa,True
Nc=Np*0.5,0.0,0,55,1.862548828125,4096,4096,por_presa,True
Nc=Np*0.5,0.0,0,56,1.83935546875,4096,4096,por_presa,True
Nc=Np*0.5,0.0,0,57,1.8212890625,4096,4096,por_presa,True
Nc=Np*0.5,0.0,0,58,1.833740234375,4096,4096,por_presa,True
Nc=Np*0.5,0.0,0,59,1.843017578125,4096,4096,por_presa,True
Nc=Np*0.5,0.0,0,60,1.8759765625,4096,4096,por_presa,True
Nc=Np*0.5,0.0,0,61,1.818115234375,4096,4096,por_presa,True
Nc=Np*0.5,0.0,0,62,1.821533203125,4096,4096,por_presa,True
Nc=Np*0.5,0.0,0,63,1.809814453125,4096,4096,por_presa,True
Nc=Np*0.5,0.0,0,64,1.843505859375,4096,4096,por_presa,True
Nc=Np*0.5,0.0,0,65,1.812255859375,4096,4096,por_presa,True
Nc=Np*0.5,0.0,0,66,1.8369140625,4096,4096,por_presa,True
Nc=Np*0.5,0.0,0,67,1.824951171875,4096,4096,por_presa,True
Nc=Np*0.5,0.0,0,68,1.831787109375,4096,4096,por_presa,True
Nc=Np*0.5,0.0,0,69,1.858154296875,4096,4096,por_presa,True
Nc=Np*0.5,0.0,0,70,1.830322265625,4096,4096,por_presa,True
Nc=Np*0.5,0.0,0,71,1.84423828125,4096,4096,por_presa,True
Nc=Np*0.5,0.0,0,72,1.823974609375,4096,4096,por_presa,True
Nc=Np*0.5,0.0,0,73,1.825927734375,4096,4096,por_presa,True
Nc=Np*0.5,0.0,0,74,1.855712890625,4096,4096,por_presa,True
Nc=Np*0.5,0.0,0,75,1.835693359375,4096,4096,por_presa,True
Nc=Np*0.5,0.0,0,76,1.84033203125,4096,4096,por_presa,True
Nc=Np*0.5,0.0,0,77,1.812744140625,4096,4096,por_presa,True
Nc=Np*0.5,0.0,0,78,1.84423828125,4096,4096,por_presa,True
Nc=Np*0.5,0.0,0,79,1.8388671875,4096,4096,por_presa,True
Nc=Np*0.5,0.0,0,80,1.83544921875,4096,4096,por_presa,True
Nc=Np*0.5,0.0,0,81,1.8349609375,4096,4096,por_presa,True
Nc=Np*0.5,0.0,0,82,1.807861328125,4096,4096,por_presa,True
Nc=Np*0.5,0.0,0,83,1.83740234375,4096,4096,por_presa,True
Nc=Np*0.5,0.0,0,84,1.84228515625,4096,4096,por_presa,True
Nc=Np*0.5,0.0,0,85,1.81298828125,4096,4096,por_presa,True
Nc=Np*0.5,0.0,0,86,1.828125,4096,4096,por_presa,True
Nc=Np*0.5,0.0,0,87,1.83056640625,4096,4096,por_presa,True
Nc=Np*0.5,0.0,0,88,1.843994140625,4096,4096,por_presa,True
Nc=Np*0.5,0.0,0,89,1.809814453125,4096,4096,por_presa,True
Nc=Np*0.5,0.0,0,90,1.823974609375,4096,4096,por_presa,True
Nc=Np*0.5,0.0,0,91,1.841552734375,4096,4096,por_presa,True
Nc=Np*0.5,0.0,0,92,1.8505859375,4096,4096,por_presa,True
Nc=Np*0.5,0.0,0,93,1.8154296875,4096,4096,por_presa,True
Nc=Np*0.5,0.0,0,94,1.82373046875,4096,4096,por_presa,True
Nc=Np*0.5,0.0,0,95,1.8154296875,4096,4096,por_presa,True
Nc=Np*0.5,0.0,0,96,1.805419921875,4096,4096,por_presa,True
Nc=Np*0.5,0.0,0,97,1.83740234375,4096,4096,por_presa,True
Nc=Np*0.5,0.0,0,98,1.849365234375,4096,4096,por_presa,True
Nc=Np*0.5,0.0,0,99,1.843505859375,4096,4096,por_presa,True
Nc=Np*0.5,0.0999755859375,1638,0,1.9875203472599023,3686,3686,por_presa,True
Nc=Np*0.5,0.0999755859375,1638,1,1.9367878459034182,3686,3686,por_presa,True
Nc=Np*0.5,0.0999755859375,1638,2,1.9259158751696066,3685,3686,por_presa,True
Nc=Np*0.5,0.0999755859375,1638,3,1.9888738127544097,3685,3686,por_presa,True
Nc=Np*0.5,0.0999755859375,1638,4,1.9799185888738127,3685,3686,por_presa,True
Nc=Np*0.5,0.0999755859375,1638,5,1.9378730330982095,3686,3686,por_presa,True
Nc=Np*0.5,0.0999755859375,1638,6,1.9701492537313432,3685,3686,por_presa,True
Nc=Np*0.5,0.0999755859375,1638,7,1.9525230602278894,3686,3686,por_presa,True
Nc=Np*0.5,0.0999755859375,1638,8,1.9641888225718938,3686,3686,por_presa,True
Nc=Np*0.5,0.0999755859375,1638,9,1.9232230059685296,3686,3686,por_presa,True
Nc=Np*0.5,0.0999755859375,1638,10,1.9848073792729246,3686,3686,por_presa,True
Nc=Np*0.5,0.0999755859375,1638,11,1.9709633649932157,3685,3686,por_presa,True
Nc=Np*0.5,0.0999755859375,1638,12,1.9679869777536625,3686,3686,por_presa,True
Nc=Np*0.5,0.0999755859375,1638,13,1.9278350515463918,3686,3686,por_presa,True
Nc=Np*0.5,0.0999755859375,1638,14,1.9869777536625068,3686,3686,por_presa,True
Nc=Np*0.5,0.0999755859375,1638,15,1.9308193163320673,3686,3686,por_presa,True
Nc=Np*0.5,0.0999755859375,1638,16,1.995928338762215,3684,3686,por_presa,True
Nc=Np*0.5,0.0999755859375,1638,17,1.980737927292458,3686,3686,por_presa,True
Nc=Np*0.5,0.0999755859375,1638,18,1.9245794899620186,3686,3686,por_presa,True
Nc=Np*0.5,0.0999755859375,1638,19,1.9517091698317959,3686,3686,por_presa,True
Nc=Np*0.5,0.0999755859375,1638,20,1.9655453065653825,3686,3686,por_presa,True
Nc=Np*0.5,0.0999755859375,1638,21,1.99267498643516,3686,3686,por_presa,True
Nc=Np*0.5,0.0999755859375,1638,22,1.9207813347802496,3686,3686,por_presa,True
Nc=Np*0.5,0.0999755859375,1638,23,2.0040694519804667,3686,3686,por_presa,True
Nc=Np*0.5,0.0999755859375,1638,24,1.9671730873575692,3686,3686,por_presa,True
Nc=Np*0.5,0.0999755859375,1638,25,1.9728703201302225,3686,3686,por_presa,True
Nc=Np*0.5,0.0999755859375,1638,26,1.9506239826370049,3686,3686,por_presa,True
Nc=Np*0.5,0.0999755859375,1638,27,1.994301221166893,3685,3686,por_presa,True
Nc=Np*0.5,0.0999755859375,1638,28,1.9820944112859469,3686,3686,por_presa,True
Nc=Np*0.5,0.0999755859375,1638,29,1.9709633649932157,3685,3686,por_presa,True
Nc=Np*0.5,0.0999755859375,1638,30,1.9462686567164178,3685,3686,por_presa,True
Nc=Np*0.5,0.0999755859375,1638,31,1.9839934888768314,3686,3686,por_presa,True
Nc=Np*0.5,0.0999755859375,1638,32,1.9329896907216495,3686,3686,por_presa,True
Nc=Np*0.5,0.0999755859375,1638,33,1.99755832881172,3686,3686,por_presa,True
Nc=Np*0.5,0.0999755859375,1638,34,1.9573948439620081,3685,3686,por_presa,True
Nc=Np*0.5,0.0999755859375,1638,35,1.940857297883885,3686,3686,por_presa,True
Nc=Np*0.5,0.0999755859375,1638,36,1.9560499186109603,3686,3686,por_presa,True
Nc=Np*0.5,0.0999755859375,1638,37,1.9419267299864316,3685,3686,por_presa,True
Nc=Np*0.5,0.0999755859375,1638,38,1.9701492537313432,3685,3686,por_presa,True
Nc=Np*0.5,0.0999755859375,1638,39,1.9763971785132934,3686,3686,por_presa,True
Nc=Np*0.5,0.0999755859375,1638,40,1.983989145183175,3685,3686,por_presa,True
Nc=Np*0.5,0.0999755859375,1638,41,1.9717774762550881,3685,3686,por_presa,True
Nc=Np*0.5,0.0999755859375,1638,42,1.9519804666304938,3686,3686,por_presa,True
Nc=Np*0.5,0.0999755859375,1638,43,1.960119370591427,3686,3686,por_presa,True
Nc=Np*0.5,0.0999755859375,1638,44,1.9213025780189958,3685,3686,por_presa,True
Nc=Np*0.5,0.0999755859375,1638,45,1.965002712967987,3686,3686,por_presa,True
Nc=Np*0.5,0.0999755859375,1638,46,1.9435702658708627,3686,3686,por_presa,True
Nc=Np*0.5,0.0999755859375,1638,47,1.975854584915898,3686,3686,por_presa,True
Nc=Np*0.5,0.0999755859375,1638,48,1.9345997286295793,3685,3686,por_presa,True
Nc=Np*0.5,0.0999755859375,1638,49,1.990773405698779,3685,3686,por_presa,True
Nc=Np*0.5,0.0999755859375,1638,50,1.9896907216494846,3686,3686,por_presa,True
Nc=Np*0.5,0.0999755859375,1638,51,1.9487249050461204,3686,3686,por_presa,True
Nc=Np*0.5,0.0999755859375,1638,52,1.9302767227346718,3686,3686,por_presa,True
Nc=Np*0.5,0.0999755859375,1638,53,1.9614758545849158,3686,3686,por_presa,True
Nc=Np*0.5,0.0999755859375,1638,54,1.967444384156267,3686,3686,por_presa,True
Nc=Np*0.5,0.0999755859375,1638,55,1.9728703201302225,3686,3686,por_presa,True
Nc=Np*0.5,0.0999755859375,1638,56,1.9530656538252849,3686,3686,por_presa,True
Nc=Np*0.5,0.0999755859375,1638,57,1.975854584915898,3686,3686,por_presa,True
Nc=Np*0.5,0.0999755859375,1638,58,1.9327183939229517,3686,3686,por_presa,True
Nc=Np*0.5,0.0999755859375,1638,59,1.9780189959294436,3685,3686,por_presa,True
Nc=Np*0.5,0.0999755859375,1638,60,1.945740640260445,3686,3686,por_presa,True
Nc=Np*0.5,0.0999755859375,1638,61,1.9177524429967427,3684,3686,por_presa,True
Nc=Np*0.5,0.0999755859375,1638,62,1.922680412371134,3686,3686,por_presa,True
Nc=Np*0.5,0.0999755859375,1638,63,1.9815518176885514,3686,3686,por_presa,True
Nc=Np*0.5,0.0999755859375,1638,64,1.9620184481823115,3686,3686,por_presa,True
Nc=Np*0.5,0.0999755859375,1638,65,1.9815518176885514,3686,3686,por_presa,True
Nc=Np*0.5,0.0999755859375,1638,66,1.9487249050461204,3686,3686,por_presa,True
Nc=Np*0.5,0.0999755859375,1638,67,1.983989145183175,3685,3686,por_presa,True
Nc=Np*0.5,0.0999755859375,1638,68,1.9728703201302225,3686,3686,por_presa,True
Nc=Np*0.5,0.0999755859375,1638,69,1.95359565807327,3685,3686,por_presa,True
Nc=Np*0.5,0.0999755859375,1638,70,1.9739413680781759,3684,3686,por_presa,True
Nc=Np*0.5,0.0999755859375,1638,71,1.9601085481682496,3685,3686,por_presa,True
Nc=Np*0.5,0.0999755859375,1638,72,1.9753119913185024,3686,3686,por_presa,True
Nc=Np*0.5,0.0999755859375,1638,73,1.9598480737927293,3686,3686,por_presa,True
Nc=Np*0.5,0.0999755859375,1638,74,1.963646228974498,3686,3686,por_presa,True
Nc=Np*0.5,0.0999755859375,1638,75,1.9329715061058346,3685,3686,por_presa,True
Nc=Np*0.5,0.0999755859375,1638,76,1.9584915897992403,3686,3686,por_presa,True
Nc=Np*0.5,0.0999755859375,1638,77,1.9495387954422139,3686,3686,por_presa,True
Nc=Np*0.5,0.0999755859375,1638,78,1.9728629579375847,3685,3686,por_presa,True
Nc=Np*0.5,0.0999755859375,1638,79,1.9848073792729246,3686,3686,por_presa,True
Nc=Np*0.5,0.0999755859375,1638,80,1.9557786218122626,3686,3686,por_presa,True
Nc=Np*0.5,0.0999755859375,1638,81,1.9679869777536625,3686,3686,por_presa,True
Nc=Np*0.5,0.0999755859375,1638,82,1.957926167209555,3684,3686,por_presa,True
Nc=Np*0.5,0.0999755859375,1638,83,1.9663591969614758,3686,3686,por_presa,True
Nc=Np*0.5,0.0999755859375,1638,84,1.950325732899023,3684,3686,por_presa,True
Nc=Np*0.5,0.0999755859375,1638,85,1.9948453608247423,3686,3686,por_presa,True
Nc=Np*0.5,0.0999755859375,1638,86,1.950067842605156,3685,3686,por_presa,True
Nc=Np*0.5,0.0999755859375,1638,87,1.987516960651289,3685,3686,por_presa,True
Nc=Np*0.5,0.0999755859375,1638,88,1.9970149253731344,3685,3686,por_presa,True
Nc=Np*0.5,0.0999755859375,1638,89,1.978296256104178,3686,3686,por_presa,True
Nc=Np*0.5,0.0999755859375,1638,90,1.9280868385345997,3685,3686,por_presa,True
Nc=Np*0.5,0.0999755859375,1638,91,1.9598371777476256,3685,3686,por_presa,True
Nc=Np*0.5,0.0999755859375,1638,92,1.9468113975576662,3685,3686,por_presa,True
Nc=Np*0.5,0.0999755859375,1638,93,1.9769397721106892,3686,3686,por_presa,True
Nc=Np*0.5,0.0999755859375,1638,94,1.9365165491047205,3686,3686,por_presa,True
Nc=Np*0.5,0.0999755859375,1638,95,1.9544221378187738,3686,3686,por_presa,True
Nc=Np*0.5,0.0999755859375,1638,96,1.9899620184481823,3686,3686,por_presa,True
Nc=Np*0.5,0.0999755859375,1638,97,1.9896879240162821,3685,3686,por_presa,True
Nc=Np*0.5,0.0999755859375,1638,98,1.930005425935974,3686,3686,por_presa,True
Nc=Np*0.5,0.0999755859375,1638,99,1.9631036353771025,3686,3686,por_presa,True
Nc=Np*0.5,0.199951171875,3276,0,2.133292571079181,3271,3277,por_presa,True
Nc=Np*0.5,0.199951171875,3276,1,2.125916870415648,3272,3277,por_presa,True
Nc=Np*0.5,0.199951171875,3276,2,2.1210268948655258,3272,3277,por_presa,True
Nc=Np*0.5,0.199951171875,3276,3,2.109480122324159,3270,3277,por_presa,True
Nc=Np*0.5,0.199951171875,3276,4,2.1377832210655234,3266,3277,por_presa,True
Nc=Np*0.5,0.199951171875,3276,5,2.1100244498777507,3272,3277,por_presa,True
Nc=Np*0.5,0.199951171875,3276,6,2.1649326805385556,3268,3277,por_presa,True
Nc=Np*0.5,0.199951171875,3276,7,2.1809844084377867,3271,3277,por_presa,True
Nc=Np*0.5,0.199951171875,3276,8,2.1921784295753133,3273,3277,por_presa,True
Nc=Np*0.5,0.199951171875,3276,9,2.158216249236408,3274,3277,por_presa,True
Nc=Np*0.5,0.199951171875,3276,10,2.1219065077910173,3273,3277,por_presa,True
Nc=Np*0.5,0.199951171875,3276,11,2.1531641699786,3271,3277,por_presa,True
Nc=Np*0.5,0.199951171875,3276,12,2.140104007341695,3269,3277,por_presa,True
Nc=Np*0.5,0.199951171875,3276,13,2.1347387717690194,3273,3277,por_presa,True
Nc=Np*0.5,0.199951171875,3276,14,2.142944410507025,3274,3277,por_presa,True
Nc=Np*0.5,0.199951171875,3276,15,2.193518801589728,3271,3277,por_presa,True
Nc=Np*0.5,0.199951171875,3276,16,2.171000305903946,3269,3277,por_presa,True
Nc=Np*0.5,0.199951171875,3276,17,2.15281173594132,3272,3277,por_presa,True
Nc=Np*0.5,0.199951171875,3276,18,2.1228606356968216,3272,3277,por_presa,True
Nc=Np*0.5,0.199951171875,3276,19,2.144998470480269,3269,3277,por_presa,True
Nc=Np*0.5,0.199951171875,3276,20,2.15281173594132,3272,3277,por_presa,True
Nc=Np*0.5,0.199951171875,3276,21,2.1600977696303088,3273,3277,por_presa,True
Nc=Np*0.5,0.199951171875,3276,22,2.1508857666463044,3274,3277,por_presa,True
Nc=Np*0.5,0.199951171875,3276,23,2.1737664725712533,3263,3277,por_presa,True
Nc=Np*0.5,0.199951171875,3276,24,2.1600977696303088,3273,3277,por_presa,True
Nc=Np*0.5,0.199951171875,3276,25,2.1093463653023825,3274,3277,por_presa,True
Nc=Np*0.5,0.199951171875,3276,26,2.173488087965791,3274,3277,por_presa,True
Nc=Np*0.5,0.199951171875,3276,27,2.1642704190884063,3269,3277,por_presa,True
Nc=Np*0.5,0.199951171875,3276,28,2.1241210638948336,3271,3277,por_presa,True
Nc=Np*0.5,0.199951171875,3276,29,2.1549984714154693,3271,3277,por_presa,True
Nc=Np*0.5,0.199951171875,3276,30,2.1781784841075793,3272,3277,por_presa,True
Nc=Np*0.5,0.199951171875,3276,31,2.1091075794621026,3272,3277,por_presa,True
Nc=Np*0.5,0.199951171875,3276,32,2.125878399022304,3273,3277,por_presa,True
Nc=Np*0.5,0.199951171875,3276,33,2.150366748166259,3272,3277,por_presa,True
Nc=Np*0.5,0.199951171875,3276,34,2.1395775941230486,3267,3277,por_presa,True
Nc=Np*0.5,0.199951171875,3276,35,2.1238153469886885,3271,3277,por_presa,True
Nc=Np*0.5,0.199951171875,3276,36,2.1100580862121676,3271,3277,por_presa,True
Nc=Np*0.5,0.199951171875,3276,37,2.1967564259485926,3268,3277,por_presa,True
Nc=Np*0.5,0.199951171875,3276,38,2.1338630806845966,3272,3277,por_presa,True
Nc=Np*0.5,0.199951171875,3276,39,2.116549403487305,3269,3277,por_presa,True
Nc=Np*0.5,0.199951171875,3276,40,2.1434250764525995,3270,3277,por_presa,True
Nc=Np*0.5,0.199951171875,3276,41,2.129663608562691,3270,3277,por_presa,True
Nc=Np*0.5,0.199951171875,3276,42,2.1474457020495565,3269,3277,por_presa,True
Nc=Np*0.5,0.199951171875,3276,43,2.167736021998167,3273,3277,por_presa,True
Nc=Np*0.5,0.199951171875,3276,44,2.1282129742962055,3268,3277,por_presa,True
Nc=Np*0.5,0.199951171875,3276,45,2.1534698868847446,3271,3277,por_presa,True
Nc=Np*0.5,0.199951171875,3276,46,2.1091075794621026,3272,3277,por_presa,True
Nc=Np*0.5,0.199951171875,3276,47,2.1238153469886885,3271,3277,por_presa,True
Nc=Np*0.5,0.199951171875,3276,48,2.196570728720147,3266,3277,por_presa,True
Nc=Np*0.5,0.199951171875,3276,49,2.1642704190884063,3269,3277,por_presa,True
Nc=Np*0.5,0.199951171875,3276,50,2.147571035747021,3273,3277,por_presa,True
Nc=Np*0.5,0.199951171875,3276,51,2.1691131498470946,3270,3277,por_presa,True
Nc=Np*0.5,0.199951171875,3276,52,2.1510241516355855,3271,3277,por_presa,True
Nc=Np*0.5,0.199951171875,3276,53,2.138701775872627,3266,3277,por_presa,True
Nc=Np*0.5,0.199951171875,3276,54,2.1636586111960843,3269,3277,por_presa,True
Nc=Np*0.5,0.199951171875,3276,55,2.1601956588199327,3271,3277,por_presa,True
Nc=Np*0.5,0.199951171875,3276,56,2.1300887664524026,3267,3277,por_presa,True
Nc=Np*0.5,0.199951171875,3276,57,2.171760391198044,3272,3277,por_presa,True
Nc=Np*0.5,0.199951171875,3276,58,2.1870987465606846,3271,3277,por_presa,True
Nc=Np*0.5,0.199951171875,3276,59,2.1238910981951666,3269,3277,por_presa,True
Nc=Np*0.5,0.199951171875,3276,60,2.1238910981951666,3269,3277,por_presa,True
Nc=Np*0.5,0.199951171875,3276,61,2.1561735941320292,3272,3277,por_presa,True
Nc=Np*0.5,0.199951171875,3276,62,2.189238764903699,3271,3277,por_presa,True
Nc=Np*0.5,0.199951171875,3276,63,2.159633027522936,3270,3277,por_presa,True
Nc=Np*0.5,0.199951171875,3276,64,2.15410436374733,3277,3277,por_presa,True
Nc=Np*0.5,0.199951171875,3276,65,2.1811505507955937,3268,3277,por_presa,True
Nc=Np*0.5,0.199951171875,3276,66,2.1519877675840977,3270,3277,por_presa,True
Nc=Np*0.5,0.199951171875,3276,67,2.1427697951696727,3271,3277,por_presa,True
Nc=Np*0.5,0.199951171875,3276,68,2.192237163814181,3272,3277,por_presa,True
Nc=Np*0.5,0.199951171875,3276,69,2.108702290076336,3275,3277,por_presa,True
Nc=Np*0.5,0.199951171875,3276,70,2.16,3275,3277,por_presa,True
Nc=Np*0.5,0.199951171875,3276,71,2.1026894865525674,3272,3277,por_presa,True
Nc=Np*0.5,0.199951171875,3276,72,2.15158924205379,3272,3277,por_presa,True
Nc=Np*0.5,0.199951171875,3276,73,2.116891064871481,3268,3277,por_presa,True
Nc=Np*0.5,0.199951171875,3276,74,2.1444750535659627,3267,3277,por_presa,True
Nc=Np*0.5,0.199951171875,3276,75,2.118457300275482,3267,3277,por_presa,True
Nc=Np*0.5,0.199951171875,3276,76,2.1054078826764435,3273,3277,por_presa,True
Nc=Np*0.5,0.199951171875,3276,77,2.1468702290076336,3275,3277,por_presa,True
Nc=Np*0.5,0.199951171875,3276,78,2.16778728606357,3272,3277,por_presa,True
Nc=Np*0.5,0.199951171875,3276,79,2.1413708690330475,3268,3277,por_presa,True
Nc=Np*0.5,0.199951171875,3276,80,2.149189850198716,3271,3277,por_presa,True
Nc=Np*0.5,0.199951171875,3276,81,2.1984102720880463,3271,3277,por_presa,True
Nc=Np*0.5,0.199951171875,3276,82,2.1542455711667685,3274,3277,por_presa,True
Nc=Np*0.5,0.199951171875,3276,83,2.13661369193154,3272,3277,por_presa,True
Nc=Np*0.5,0.199951171875,3276,84,2.121212121212121,3267,3277,por_presa,True
Nc=Np*0.5,0.199951171875,3276,85,2.105295378022651,3267,3277,por_presa,True
Nc=Np*0.5,0.199951171875,3276,86,2.1481368356750155,3274,3277,por_presa,True
Nc=Np*0.5,0.199951171875,3276,87,2.158007334963325,3272,3277,por_presa,True
Nc=Np*0.5,0.199951171875,3276,88,2.11768311369905,3263,3277,por_presa,True
Nc=Np*0.5,0.199951171875,3276,89,2.170739156994502,3274,3277,por_presa,True
Nc=Np*0.5,0.199951171875,3276,90,2.155140758873929,3268,3277,por_presa,True
Nc=Np*0.5,0.199951171875,3276,91,2.1811505507955937,3268,3277,por_presa,True
Nc=Np*0.5,0.199951171875,3276,92,2.1450824679291385,3274,3277,por_presa,True
Nc=Np*0.5,0.199951171875,3276,93,2.149404216315307,3273,3277,por_presa,True
Nc=Np*0.5,0.199951171875,3276,94,2.1490986862205927,3273,3277,por_presa,True
Nc=Np*0.5,0.199951171875,3276,95,2.1840171463563993,3266,3277,por_presa,True
Nc=Np*0.5,0.199951171875,3276,96,2.1605995717344753,3269,3277,por_presa,True
Nc=Np*0.5,0.199951171875,3276,97,2.1564314084937366,3273,3277,por_presa,True
Nc=Np*0.5,0.199951171875,3276,98,2.1983496332518335,3272,3277,por_presa,True
Nc=Np*0.5,0.199951171875,3276,99,2.1566228204343836,3269,3277,por_presa,True
Nc=Np*0.5,0.29998779296875,4915,0,2.451442646023927,2842,2867,por_presa,True
Nc=Np*0.5,0.29998779296875,4915,1,2.4095744680851063,2820,2867,por_presa,True
Nc=Np*0.5,0.29998779296875,4915,2,2.450193593804998,2841,2867,por_presa,True
Nc=Np*0.5,0.29998779296875,4915,3,2.4646787362442315,2817,2867,por_presa,True
Nc=Np*0.5,0.29998779296875,4915,4,2.454737583656217,2839,2867,por_presa,True
Nc=Np*0.5,0.29998779296875,4915,5,2.3967410556145943,2823,2867,por_presa,True
Nc=Np*0.5,0.29998779296875,4915,6,2.3988684582743987,2828,2867,por_presa,True
Nc=Np*0.5,0.29998779296875,4915,7,2.4289762663832803,2823,2867,por_presa,True
Nc=Np*0.5,0.29998779296875,4915,8,2.4287744227353465,2815,2867,por_presa,True
Nc=Np*0.5,0.29998779296875,4915,9,2.4560226068527022,2831,2867,por_presa,True
Nc=Np*0.5,0.29998779296875,4915,10,2.439591405424445,2839,2867,por_presa,True
Nc=Np*0.5,0.29998779296875,4915,11,2.5102184637068357,2838,2867,por_presa,True
Nc=Np*0.5,0.29998779296875,4915,12,2.4964739069111426,2836,2867,por_presa,True
Nc=Np*0.5,0.29998779296875,4915,13,2.5038979447200567,2822,2867,por_presa,True
Nc=Np*0.5,0.29998779296875,4915,14,2.4085754783841247,2822,2867,por_presa,True
Nc=Np*0.5,0.29998779296875,4915,15,2.3792982456140352,2850,2867,por_presa,True
Nc=Np*0.5,0.29998779296875,4915,16,2.3614542887398517,2833,2867,por_presa,True
Nc=Np*0.5,0.29998779296875,4915,17,2.3644097837646223,2821,2867,por_presa,True
Nc=Np*0.5,0.29998779296875,4915,18,2.4065817409766455,2826,2867,por_presa,True
Nc=Np*0.5,0.29998779296875,4915,19,2.4441311244272117,2837,2867,por_presa,True
Nc=Np*0.5,0.29998779296875,4915,20,2.4512152166255725,2839,2867,por_presa,True
Nc=Np*0.5,0.29998779296875,4915,21,2.400776836158192,2832,2867,por_presa,True
Nc=Np*0.5,0.29998779296875,4915,22,2.4350282485875705,2832,2867,por_presa,True
Nc=Np*0.5,0.29998779296875,4915,23,2.4188998589562765,2836,2867,por_presa,True
Nc=Np*0.5,0.29998779296875,4915,24,2.400988351570773,2833,2867,por_presa,True
Nc=Np*0.5,0.29998779296875,4915,25,2.3731396172927,2822,2867,por_presa,True
Nc=Np*0.5,0.29998779296875,4915,26,2.3664662186062966,2827,2867,por_presa,True
Nc=Np*0.5,0.29998779296875,4915,27,2.3713274336283185,2825,2867,por_presa,True
Nc=Np*0.5,0.29998779296875,4915,28,2.4364601769911505,2825,2867,por_presa,True
Nc=Np*0.5,0.29998779296875,4915,29,2.4839619316179062,2837,2867,por_presa,True
Nc=Np*0.5,0.29998779296875,4915,30,2.4597374955658036,2819,2867,por_presa,True
Nc=Np*0.5,0.29998779296875,4915,31,2.366077738515901,2830,2867,por_presa,True
Nc=Np*0.5,0.29998779296875,4915,32,2.47208480565371,2830,2867,por_presa,True
Nc=Np*0.5,0.29998779296875,4915,33,2.4204384724186703,2828,2867,por_presa,True
Nc=Np*0.5,0.29998779296875,4915,34,2.4046099290780143,2820,2867,por_presa,True
Nc=Np*0.5,0.29998779296875,4915,35,2.474277660324172,2838,2867,por_presa,True
Nc=Np*0.5,0.29998779296875,4915,36,2.449804895352962,2819,2867,por_presa,True
Nc=Np*0.5,0.29998779296875,4915,37,2.4456598447424134,2834,2867,por_presa,True
Nc=Np*0.5,0.29998779296875,4915,38,2.476545842217484,2814,2867,por_presa,True
Nc=Np*0.5,0.29998779296875,4915,39,2.3600990449239476,2827,2867,por_presa,True
Nc=Np*0.5,0.29998779296875,4915,40,2.4917166020444133,2837,2867,por_presa,True
Nc=Np*0.5,0.29998779296875,4915,41,2.448849557522124,2825,2867,por_presa,True
Nc=Np*0.5,0.29998779296875,4915,42,2.4029797800638524,2819,2867,por_presa,True
Nc=Np*0.5,0.29998779296875,4915,43,2.3818117480537864,2826,2867,por_presa,True
Nc=Np*0.5,0.29998779296875,4915,44,2.435626102292769,2835,2867,por_presa,True
Nc=Np*0.5,0.29998779296875,4915,45,2.4614028903771588,2837,2867,por_presa,True
Nc=Np*0.5,0.29998779296875,4915,46,2.468484419263456,2824,2867,por_presa,True
Nc=Np*0.5,0.29998779296875,4915,47,2.391365888181175,2826,2867,por_presa,True
Nc=Np*0.5,0.29998779296875,4915,48,2.4447960618846696,2844,2867,por_presa,True
Nc=Np*0.5,0.29998779296875,4915,49,2.4587902370003536,2827,2867,por_presa,True
Nc=Np*0.5,0.29998779296875,4915,50,2.434874691140134,2833,2867,por_presa,True
Nc=Np*0.5,0.29998779296875,4915,51,2.417164966584594,2843,2867,por_presa,True
Nc=Np*0.5,0.29998779296875,4915,52,2.4846560846560846,2835,2867,por_presa,True
Nc=Np*0.5,0.29998779296875,4915,53,2.3819666311679093,2817,2867,por_presa,True
Nc=Np*0.5,0.29998779296875,4915,54,2.436376454000705,2837,2867,por_presa,True
Nc=Np*0.5,0.29998779296875,4915,55,2.487571022727273,2816,2867,por_presa,True
Nc=Np*0.5,0.29998779296875,4915,56,2.3531493276716207,2826,2867,por_presa,True
Nc=Np*0.5,0.29998779296875,4915,57,2.484452296819788,2830,2867,por_presa,True
Nc=Np*0.5,0.29998779296875,4915,58,2.4606901458555672,2811,2867,por_presa,True
Nc=Np*0.5,0.29998779296875,4915,59,2.3921499292786423,2828,2867,por_presa,True
Nc=Np*0.5,0.29998779296875,4915,60,2.424113475177305,2820,2867,por_presa,True
Nc=Np*0.5,0.29998779296875,4915,61,2.508306822198657,2829,2867,por_presa,True
Nc=Np*0.5,0.29998779296875,4915,62,2.507942110836569,2833,2867,por_presa,True
Nc=Np*0.5,0.29998779296875,4915,63,2.4061289186333217,2839,2867,por_presa,True
Nc=Np*0.5,0.29998779296875,4915,64,2.4297842235585425,2827,2867,por_presa,True
Nc=Np*0.5,0.29998779296875,4915,65,2.453418349273822,2823,2867,por_presa,True
Nc=Np*0.5,0.29998779296875,4915,66,2.4382062146892656,2832,2867,por_presa,True
Nc=Np*0.5,0.29998779296875,4915,67,2.4351819145178384,2831,2867,por_presa,True
Nc=Np*0.5,0.29998779296875,4915,68,2.460401267159451,2841,2867,por_presa,True
Nc=Np*0.5,0.29998779296875,4915,69,2.4447191805015898,2831,2867,por_presa,True
Nc=Np*0.5,0.29998779296875,4915,70,2.419434628975265,2830,2867,por_presa,True
Nc=Np*0.5,0.29998779296875,4915,71,2.4081128747795413,2835,2867,por_presa,True
Nc=Np*0.5,0.29998779296875,4915,72,2.464411557434813,2838,2867,por_presa,True
Nc=Np*0.5,0.29998779296875,4915,73,2.4438938053097345,2825,2867,por_presa,True
Nc=Np*0.5,0.29998779296875,4915,74,2.404518178609248,2833,2867,por_presa,True
Nc=Np*0.5,0.29998779296875,4915,75,2.409975238769013,2827,2867,por_presa,True
Nc=Np*0.5,0.29998779296875,4915,76,2.4693229901269396,2836,2867,por_presa,True
Nc=Np*0.5,0.29998779296875,4915,77,2.4346902654867257,2825,2867,por_presa,True
Nc=Np*0.5,0.29998779296875,4915,78,2.408177652449771,2837,2867,por_presa,True
Nc=Np*0.5,0.29998779296875,4915,79,2.4258474576271185,2832,2867,por_presa,True
Nc=Np*0.5,0.29998779296875,4915,80,2.438800705467372,2835,2867,por_presa,True
Nc=Np*0.5,0.29998779296875,4915,81,2.449275362318841,2829,2867,por_presa,True
Nc=Np*0.5,0.29998779296875,4915,82,2.473721340388007,2835,2867,por_presa,True
Nc=Np*0.5,0.29998779296875,4915,83,2.35807705903146,2829,2867,por_presa,True
Nc=Np*0.5,0.29998779296875,4915,84,2.405462930117063,2819,2867,por_presa,True
Nc=Np*0.5,0.29998779296875,4915,85,2.4258474576271185,2832,2867,por_presa,True
Nc=Np*0.5,0.29998779296875,4915,86,2.376195536663124,2823,2867,por_presa,True
Nc=Np*0.5,0.29998779296875,4915,87,2.4663597733711047,2824,2867,por_presa,True
Nc=Np*0.5,0.29998779296875,4915,88,2.4411764705882355,2822,2867,por_presa,True
Nc=Np*0.5,0.29998779296875,4915,89,2.4678672316384183,2832,2867,por_presa,True
Nc=Np*0.5,0.29998779296875,4915,90,2.3913811374072766,2831,2867,por_presa,True
Nc=Np*0.5,0.29998779296875,4915,91,2.4443659484281173,2831,2867,por_presa,True
Nc=Np*0.5,0.29998779296875,4915,92,2.4446017699115044,2825,2867,por_presa,True
Nc=Np*0.5,0.29998779296875,4915,93,2.450335807705903,2829,2867,por_presa,True
Nc=Np*0.5,0.29998779296875,4915,94,2.417847025495751,2824,2867,por_presa,True
Nc=Np*0.5,0.29998779296875,4915,95,2.4823321554770317,2830,2867,por_presa,True
Nc=Np*0.5,0.29998779296875,4915,96,2.4897308781869687,2824,2867,por_presa,True
Nc=Np*0.5,0.29998779296875,4915,97,2.47485835694051,2824,2867,por_presa,True
Nc=Np*0.5,0.29998779296875,4915,98,2.433875530410184,2828,2867,por_presa,True
Nc=Np*0.5,0.29998779296875,4915,99,2.48070796460177,2825,2867,por_presa,True
Nc=Np*0.5,0.39996337890625,6553,0,2.7491228070175437,2280,2457,por_presa,True
Nc=Np*0.5,0.39996337890625,6553,1,2.8013071895424835,2295,2457,por_presa,True
Nc=Np*0.5,0.39996337890625,6553,2,2.8470639789658194,2282,2457,por_presa,True
Nc=Np*0.5,0.39996337890625,6553,3,2.764857881136951,2322,2457,por_presa,True
Nc=Np*0.5,0.39996337890625,6553,4,2.6805251641137855,2285,2457,por_presa,True
Nc=Np*0.5,0.39996337890625,6553,5,2.820209973753281,2286,2457,por_presa,True
Nc=Np*0.5,0.39996337890625,6553,6,2.8638353765323994,2284,2457,por_presa,True
Nc=Np*0.5,0.39996337890625,6553,7,2.90615451767787,2291,2457,por_presa,True
Nc=Np*0.5,0.39996337890625,6553,8,2.752725686873092,2293,2457,por_presa,True
Nc=Np*0.5,0.39996337890625,6553,9,2.808409189423494,2307,2457,por_presa,True
Nc=Np*0.5,0.39996337890625,6553,10,2.773502404897245,2287,2457,por_presa,True
Nc=Np*0.5,0.39996337890625,6553,11,2.7590987868284227,2308,2457,por_presa,True
Nc=Np*0.5,0.39996337890625,6553,12,2.854284471509352,2299,2457,por_presa,True
Nc=Np*0.5,0.39996337890625,6553,13,2.8832684824902723,2313,2457,por_presa,True
Nc=Np*0.5,0.39996337890625,6553,14,2.9162689804772235,2305,2457,por_presa,True
Nc=Np*0.5,0.39996337890625,6553,15,2.8158798283261803,2330,2457,por_presa,True
Nc=Np*0.5,0.39996337890625,6553,16,2.7294372294372296,2310,2457,por_presa,True
Nc=Np*0.5,0.39996337890625,6553,17,2.785372224640836,2297,2457,por_presa,True
Nc=Np*0.5,0.39996337890625,6553,18,2.8171949630916195,2303,2457,por_presa,True
Nc=Np*0.5,0.39996337890625,6553,19,2.8853669127225356,2303,2457,por_presa,True
Nc=Np*0.5,0.39996337890625,6553,20,2.721240844463593,2321,2457,por_presa,True
Nc=Np*0.5,0.39996337890625,6553,21,2.863102998696219,2301,2457,por_presa,True
Nc=Np*0.5,0.39996337890625,6553,22,2.7675324675324675,2310,2457,por_presa,True
Nc=Np*0.5,0.39996337890625,6553,23,2.7763440860215054,2325,2457,por_presa,True
Nc=Np*0.5,0.39996337890625,6553,24,2.784628745115067,2303,2457,por_presa,True
Nc=Np*0.5,0.39996337890625,6553,25,2.8225876244050196,2311,2457,por_presa,True
Nc=Np*0.5,0.39996337890625,6553,26,2.7398444252376835,2314,2457,por_presa,True
Nc=Np*0.5,0.39996337890625,6553,27,2.772887323943662,2272,2457,por_presa,True
Nc=Np*0.5,0.39996337890625,6553,28,2.756421232876712,2336,2457,por_presa,True
Nc=Np*0.5,0.39996337890625,6553,29,2.8334786399302527,2294,2457,por_presa,True
Nc=Np*0.5,0.39996337890625,6553,30,2.761674008810573,2270,2457,por_presa,True
Nc=Np*0.5,0.39996337890625,6553,31,2.6812418014866637,2287,2457,por_presa,True
Nc=Np*0.5,0.39996337890625,6553,32,2.88383181621153,2307,2457,por_presa,True
Nc=Np*0.5,0.39996337890625,6553,33,2.7728651928912007,2307,2457,por_presa,True
Nc=Np*0.5,0.39996337890625,6553,34,2.810563072893933,2291,2457,por_presa,True
Nc=Np*0.5,0.39996337890625,6553,35,2.771267361111111,2304,2457,por_presa,True
Nc=Np*0.5,0.39996337890625,6553,36,2.866408934707904,2328,2457,por_presa,True
Nc=Np*0.5,0.39996337890625,6553,37,2.7405639913232105,2305,2457,por_presa,True
Nc=Np*0.5,0.39996337890625,6553,38,2.780804150453956,2313,2457,por_presa,True
Nc=Np*0.5,0.39996337890625,6553,39,2.8674750974447814,2309,2457,por_presa,True
Nc=Np*0.5,0.39996337890625,6553,40,2.8427890861844953,2309,2457,por_presa,True
Nc=Np*0.5,0.39996337890625,6553,41,2.797835497835498,2310,2457,por_presa,True
Nc=Np*0.5,0.39996337890625,6553,42,2.7545612510860122,2302,2457,por_presa,True
Nc=Np*0.5,0.39996337890625,6553,43,2.8600608431116905,2301,2457,por_presa,True
Nc=Np*0.5,0.39996337890625,6553,44,2.8164695575996497,2283,2457,por_presa,True
Nc=Np*0.5,0.39996337890625,6553,45,2.729148375768218,2278,2457,por_presa,True
Nc=Np*0.5,0.39996337890625,6553,46,2.8132870169344333,2303,2457,por_presa,True
Nc=Np*0.5,0.39996337890625,6553,47,2.702108963093146,2276,2457,por_presa,True
Nc=Np*0.5,0.39996337890625,6553,48,2.8824546240276576,2314,2457,por_presa,True
Nc=Np*0.5,0.39996337890625,6553,49,2.7830434782608697,2300,2457,por_presa,True
Nc=Np*0.5,0.39996337890625,6553,50,2.9036458333333335,2304,2457,por_presa,True
Nc=Np*0.5,0.39996337890625,6553,51,2.8870274914089347,2328,2457,por_presa,True
Nc=Np*0.5,0.39996337890625,6553,52,2.9440832249674904,2307,2457,por_presa,True
Nc=Np*0.5,0.39996337890625,6553,53,2.764525993883792,2289,2457,por_presa,True
Nc=Np*0.5,0.39996337890625,6553,54,2.7084950409659334,2319,2457,por_presa,True
Nc=Np*0.5,0.39996337890625,6553,55,2.72279792746114,2316,2457,por_presa,True
Nc=Np*0.5,0.39996337890625,6553,56,2.865684575389948,2308,2457,por_presa,True
Nc=Np*0.5,0.39996337890625,6553,57,2.87794245858762,2294,2457,por_presa,True
Nc=Np*0.5,0.39996337890625,6553,58,2.7523727351164795,2318,2457,por_presa,True
Nc=Np*0.5,0.39996337890625,6553,59,2.9210754553339116,2306,2457,por_presa,True
Nc=Np*0.5,0.39996337890625,6553,60,2.713720316622691,2274,2457,por_presa,True
Nc=Np*0.5,0.39996337890625,6553,61,2.794816414686825,2315,2457,por_presa,True
Nc=Np*0.5,0.39996337890625,6553,62,2.825141365811222,2299,2457,por_presa,True
Nc=Np*0.5,0.39996337890625,6553,63,2.752062527138515,2303,2457,por_presa,True
Nc=Np*0.5,0.39996337890625,6553,64,2.6881296539640824,2283,2457,por_presa,True
Nc=Np*0.5,0.39996337890625,6553,65,2.7930732135028498,2281,2457,por_presa,True
Nc=Np*0.5,0.39996337890625,6553,66,2.7736501079913607,2315,2457,por_presa,True
Nc=Np*0.5,0.39996337890625,6553,67,2.836961350510884,2251,2457,por_presa,True
Nc=Np*0.5,0.39996337890625,6553,68,2.752823631624674,2302,2457,por_presa,True
Nc=Np*0.5,0.39996337890625,6553,69,2.7308684436801376,2326,2457,por_presa,True
Nc=Np*0.5,0.39996337890625,6553,70,2.77388672719412,2313,2457,por_presa,True
Nc=Np*0.5,0.39996337890625,6553,71,2.7792436235708005,2274,2457,por_presa,True
Nc=Np*0.5,0.39996337890625,6553,72,2.8154634771465186,2341,2457,por_presa,True
Nc=Np*0.5,0.39996337890625,6553,73,2.689670138888889,2304,2457,por_presa,True
Nc=Np*0.5,0.39996337890625,6553,74,2.8204907447266465,2323,2457,por_presa,True
Nc=Np*0.5,0.39996337890625,6553,75,2.7583951155691233,2293,2457,por_presa,True
Nc=Np*0.5,0.39996337890625,6553,76,2.820200261210274,2297,2457,por_presa,True
Nc=Np*0.5,0.39996337890625,6553,77,2.761511728931364,2302,2457,por_presa,True
Nc=Np*0.5,0.39996337890625,6553,78,2.8160315374507228,2283,2457,por_presa,True
Nc=Np*0.5,0.39996337890625,6553,79,2.855370132648695,2337,2457,por_presa,True
Nc=Np*0.5,0.39996337890625,6553,80,2.7300693240901213,2308,2457,por_presa,True
Nc=Np*0.5,0.39996337890625,6553,81,2.752808988764045,2314,2457,por_presa,True
Nc=Np*0.5,0.39996337890625,6553,82,2.7474791758000876,2281,2457,por_presa,True
Nc=Np*0.5,0.39996337890625,6553,83,2.8396143733567047,2282,2457,por_presa,True
Nc=Np*0.5,0.39996337890625,6553,84,2.7524017467248907,2290,2457,por_presa,True
Nc=Np*0.5,0.39996337890625,6553,85,2.6300350262697023,2284,2457,por_presa,True
Nc=Np*0.5,0.39996337890625,6553,86,2.817906574394464,2312,2457,por_presa,True
Nc=Np*0.5,0.39996337890625,6553,87,2.7457846952010376,2313,2457,por_presa,True
Nc=Np*0.5,0.39996337890625,6553,88,2.746497373029772,2284,2457,por_presa,True
Nc=Np*0.5,0.39996337890625,6553,89,2.696653628857019,2301,2457,por_presa,True
Nc=Np*0.5,0.39996337890625,6553,90,2.8444444444444446,2295,2457,por_presa,True
Nc=Np*0.5,0.39996337890625,6553,91,2.7677029360967187,2316,2457,por_presa,True
Nc=Np*0.5,0.39996337890625,6553,92,2.8769565217391304,2300,2457,por_presa,True
Nc=Np*0.5,0.39996337890625,6553,93,2.831107281344248,2321,2457,por_presa,True
Nc=Np*0.5,0.39996337890625,6553,94,2.742769500438212,2282,2457,por_presa,True
Nc=Np*0.5,0.39996337890625,6553,95,2.863418877772945,2299,2457,por_presa,True
Nc=Np*0.5,0.39996337890625,6553,96,2.767188859878155,2298,2457,por_presa,True
Nc=Np*0.5,0.39996337890625,6553,97,2.8142052836725857,2309,2457,por_presa,True
Nc=Np*0.5,0.39996337890625,6553,98,2.888888888888889,2313,2457,por_presa,True
Nc=Np*0.5,0.39996337890625,6553,99,2.7943107221006565,2285,2457,por_presa,True
Nc=Np*0.5,0.5,8192,0,2.9594594594594597,1628,2048,por_presa,True
Nc=Np*0.5,0.5,8192,1,2.858013406459476,1641,2048,por_presa,True
Nc=Np*0.5,0.5,8192,2,3.1349062310949787,1653,2048,por_presa,True
Nc=Np*0.5,0.5,8192,3,3.0271102895871844,1623,2048,por_presa,True
Nc=Np*0.5,0.5,8192,4,2.926219512195122,1640,2048,por_presa,True
Nc=Np*0.5,0.5,8192,5,2.90375,1600,2048,por_presa,True
Nc=Np*0.5,0.5,8192,6,3.1575342465753424,1606,2048,por_presa,True
Nc=Np*0.5,0.5,8192,7,3.03371462974112,1661,2048,por_presa,True
Nc=Np*0.5,0.5,8192,8,3.069245165315034,1603,2048,por_presa,True
Nc=Np*0.5,0.5,8192,9,2.923851478917558,1589,2048,por_presa,True
Nc=Np*0.5,0.5,8192,10,3.1218461538461537,1625,2048,por_presa,True
Nc=Np*0.5,0.5,8192,11,2.928790669122161,1629,2048,por_presa,True
Nc=Np*0.5,0.5,8192,12,3.014171287738755,1623,2048,por_presa,True
Nc=Np*0.5,0.5,8192,13,2.9860012172854535,1643,2048,por_presa,True
Nc=Np*0.5,0.5,8192,14,3.0743700061462813,1627,2048,por_presa,True
Nc=Np*0.5,0.5,8192,15,3.0511540860885837,1603,2048,por_presa,True
Nc=Np*0.5,0.5,8192,16,3.194168734491315,1612,2048,por_presa,True
Nc=Np*0.5,0.5,8192,17,2.955676988463874,1647,2048,por_presa,True
Nc=Np*0.5,0.5,8192,18,2.8502175264139216,1609,2048,por_presa,True
Nc=Np*0.5,0.5,8192,19,3.0641025641025643,1638,2048,por_presa,True
Nc=Np*0.5,0.5,8192,20,2.970149253731343,1608,2048,por_presa,True
Nc=Np*0.5,0.5,8192,21,2.9835566382460414,1642,2048,por_presa,True
Nc=Np*0.5,0.5,8192,22,3.057871810827629,1607,2048,por_presa,True
Nc=Np*0.5,0.5,8192,23,2.9987333755541483,1579,2048,por_presa,True
Nc=Np*0.5,0.5,8192,24,3.021212121212121,1650,2048,por_presa,True
Nc=Np*0.5,0.5,8192,25,2.8733252131546894,1642,2048,por_presa,True
Nc=Np*0.5,0.5,8192,26,2.9987646695491046,1619,2048,por_presa,True
Nc=Np*0.5,0.5,8192,27,2.9391727493917275,1644,2048,por_presa,True
Nc=Np*0.5,0.5,8192,28,3.0067817509247843,1622,2048,por_presa,True
Nc=Np*0.5,0.5,8192,29,2.995018679950187,1606,2048,por_presa,True
Nc=Np*0.5,0.5,8192,30,2.946749226006192,1615,2048,por_presa,True
Nc=Np*0.5,0.5,8192,31,2.870121561100448,1563,2048,por_presa,True
Nc=Np*0.5,0.5,8192,32,3.118709677419355,1550,2048,por_presa,True
Nc=Np*0.5,0.5,8192,33,2.926873857404022,1641,2048,por_presa,True
Nc=Np*0.5,0.5,8192,34,2.9207735495945104,1603,2048,por_presa,True
Nc=Np*0.5,0.5,8192,35,3.0160493827160493,1620,2048,por_presa,True
Nc=Np*0.5,0.5,8192,36,2.9583592293349907,1609,2048,por_presa,True
Nc=Np*0.5,0.5,8192,37,2.9243379571248425,1586,2048,por_presa,True
Nc=Np*0.5,0.5,8192,38,2.900254129606099,1574,2048,por_presa,True
Nc=Np*0.5,0.5,8192,39,3.0521739130434784,1610,2048,por_presa,True
Nc=Np*0.5,0.5,8192,40,2.9268762026940345,1559,2048,por_presa,True
Nc=Np*0.5,0.5,8192,41,3.028673835125448,1674,2048,por_presa,True
Nc=Np*0.5,0.5,8192,42,3.0310596833130328,1642,2048,por_presa,True
Nc=Np*0.5,0.5,8192,43,2.8916876574307304,1588,2048,por_presa,True
Nc=Np*0.5,0.5,8192,44,2.875244937949053,1531,2048,por_presa,True
Nc=Np*0.5,0.5,8192,45,3.0188794153471377,1642,2048,por_presa,True
Nc=Np*0.5,0.5,8192,46,3.1140897755610975,1604,2048,por_presa,True
Nc=Np*0.5,0.5,8192,47,2.9440688383527966,1627,2048,por_presa,True
Nc=Np*0.5,0.5,8192,48,3.1832298136645965,1610,2048,por_presa,True
Nc=Np*0.5,0.5,8192,49,3.0268582136164897,1601,2048,por_presa,True
Nc=Np*0.5,0.5,8192,50,3.0983810709838107,1606,2048,por_presa,True
Nc=Np*0.5,0.5,8192,51,3.004318322023442,1621,2048,por_presa,True
Nc=Np*0.5,0.5,8192,52,2.9058380414312617,1593,2048,por_presa,True
Nc=Np*0.5,0.5,8192,53,2.9847839318320144,1643,2048,por_presa,True
Nc=Np*0.5,0.5,8192,54,2.933617539585871,1642,2048,por_presa,True
Nc=Np*0.5,0.5,8192,55,3.0902394106813995,1629,2048,por_presa,True
Nc=Np*0.5,0.5,8192,56,3.1747992588017295,1619,2048,por_presa,True
Nc=Np*0.5,0.5,8192,57,3.1936685288640594,1611,2048,por_presa,True
Nc=Np*0.5,0.5,8192,58,3.192093885114268,1619,2048,por_presa,True
Nc=Np*0.5,0.5,8192,59,3.1035520770620106,1661,2048,por_presa,True
Nc=Np*0.5,0.5,8192,60,3.0354141656662663,1666,2048,por_presa,True
Nc=Np*0.5,0.5,8192,61,2.8947368421052633,1596,2048,por_presa,True
Nc=Np*0.5,0.5,8192,62,2.9400611620795107,1635,2048,por_presa,True
Nc=Np*0.5,0.5,8192,63,2.949275362318841,1656,2048,por_presa,True
Nc=Np*0.5,0.5,8192,64,3.0763125763125765,1638,2048,por_presa,True
Nc=Np*0.5,0.5,8192,65,3.0287813839559092,1633,2048,por_presa,True
Nc=Np*0.5,0.5,8192,66,2.8092909535452324,1636,2048,por_presa,True
Nc=Np*0.5,0.5,8192,67,2.8718730933496035,1639,2048,por_presa,True
Nc=Np*0.5,0.5,8192,68,3.0786377708978327,1615,2048,por_presa,True
Nc=Np*0.5,0.5,8192,69,2.951923076923077,1664,2048,por_presa,True
Nc=Np*0.5,0.5,8192,70,3.1248454882571077,1618,2048,por_presa,True
Nc=Np*0.5,0.5,8192,71,2.977132262051916,1618,2048,por_presa,True
Nc=Np*0.5,0.5,8192,72,3.0533088235294117,1632,2048,por_presa,True
Nc=Np*0.5,0.5,8192,73,2.9103831891223733,1618,2048,por_presa,True
Nc=Np*0.5,0.5,8192,74,3.0972877358490565,1696,2048,por_presa,True
Nc=Np*0.5,0.5,8192,75,3.0406153846153847,1625,2048,por_presa,True
Nc=Np*0.5,0.5,8192,76,2.9876007439553627,1613,2048,por_presa,True
Nc=Np*0.5,0.5,8192,77,2.932741116751269,1576,2048,por_presa,True
Nc=Np*0.5,0.5,8192,78,2.996869129618034,1597,2048,por_presa,True
Nc=Np*0.5,0.5,8192,79,2.99636803874092,1652,2048,por_presa,True
Nc=Np*0.5,0.5,8192,80,3.185434516523868,1634,2048,por_presa,True
Nc=Np*0.5,0.5,8192,81,2.87546468401487,1614,2048,por_presa,True
Nc=Np*0.5,0.5,8192,82,3.051948051948052,1617,2048,por_presa,True
Nc=Np*0.5,0.5,8192,83,2.8815628815628815,1638,2048,por_presa,True
Nc=Np*0.5,0.5,8192,84,2.9969733656174333,1652,2048,por_presa,True
Nc=Np*0.5,0.5,8192,85,2.9489281210592684,1586,2048,por_presa,True
Nc=Np*0.5,0.5,8192,86,2.907049282595134,1603,2048,por_presa,True
Nc=Np*0.5,0.5,8192,87,3.152819890842935,1649,2048,por_presa,True
Nc=Np*0.5,0.5,8192,88,3.007845503922752,1657,2048,por_presa,True
Nc=Np*0.5,0.5,8192,89,3.0601127113337507,1597,2048,por_presa,True
Nc=Np*0.5,0.5,8192,90,2.9206833435021355,1639,2048,por_presa,True
Nc=Np*0.5,0.5,8192,91,2.9452395768512756,1607,2048,por_presa,True
Nc=Np*0.5,0.5,8192,92,3.0355361596009973,1604,2048,por_presa,True
Nc=Np*0.5,0.5,8192,93,3.0446756425948593,1634,2048,por_presa,True
Nc=Np*0.5,0.5,8192,94,3.0056639395846445,1589,2048,por_presa,True
Nc=Np*0.5,0.5,8192,95,2.979076923076923,1625,2048,por_presa,True
Nc=Np*0.5,0.5,8192,96,3.010691823899371,1590,2048,por_presa,True
Nc=Np*0.5,0.5,8192,97,2.9178082191780823,1606,2048,por_presa,True
Nc=Np*0.5,0.5,8192,98,2.997452229299363,1570,2048,por_presa,True
Nc=Np*0.5,0.5,8192,99,2.932762836185819,1636,2048,por_presa,True
Nc=Np*0.5,0.5999755859375,9830,0,2.603139013452915,892,1638,por_presa,True
Nc=Np*0.5,0.5999755859375,9830,1,2.7156756756756755,925,1638,por_presa,True
Nc=Np*0.5,0.5999755859375,9830,2,2.713953488372093,860,1638,por_presa,True
Nc=Np*0.5,0.5999755859375,9830,3,2.8942528735632185,870,1638,por_presa,True
Nc=Np*0.5,0.5999755859375,9830,4,2.795966785290629,843,1638,por_presa,True
Nc=Np*0.5,0.5999755859375,9830,5,2.7966480446927373,895,1638,por_presa,True
Nc=Np*0.5,0.5999755859375,9830,6,2.49438202247191,890,1638,por_presa,True
Nc=Np*0.5,0.5999755859375,9830,7,2.701388888888889,864,1638,por_presa,True
Nc=Np*0.5,0.5999755859375,9830,8,2.787325456498389,931,1638,por_presa,True
Nc=Np*0.5,0.5999755859375,9830,9,2.816959669079628,967,1638,por_presa,True
Nc=Np*0.5,0.5999755859375,9830,10,2.783050847457627,885,1638,por_presa,True
Nc=Np*0.5,0.5999755859375,9830,11,2.576923076923077,858,1638,por_presa,True
Nc=Np*0.5,0.5999755859375,9830,12,2.6942604856512142,906,1638,por_presa,True
Nc=Np*0.5,0.5999755859375,9830,13,2.9143798024149286,911,1638,por_presa,True
Nc=Np*0.5,0.5999755859375,9830,14,2.6096385542168674,830,1638,por_presa,True
Nc=Np*0.5,0.5999755859375,9830,15,2.649610678531702,899,1638,por_presa,True
Nc=Np*0.5,0.5999755859375,9830,16,2.7874015748031495,889,1638,por_presa,True
Nc=Np*0.5,0.5999755859375,9830,17,2.5380313199105147,894,1638,por_presa,True
Nc=Np*0.5,0.5999755859375,9830,18,2.65097588978186,871,1638,por_presa,True
Nc=Np*0.5,0.5999755859375,9830,19,2.8272425249169437,903,1638,por_presa,True
Nc=Np*0.5,0.5999755859375,9830,20,2.751357220412595,921,1638,por_presa,True
Nc=Np*0.5,0.5999755859375,9830,21,2.6647331786542923,862,1638,por_presa,True
Nc=Np*0.5,0.5999755859375,9830,22,2.9129464285714284,896,1638,por_presa,True
Nc=Np*0.5,0.5999755859375,9830,23,2.515826494724502,853,1638,por_presa,True
Nc=Np*0.5,0.5999755859375,9830,24,2.850896860986547,892,1638,por_presa,True
Nc=Np*0.5,0.5999755859375,9830,25,2.7119914346895073,934,1638,por_presa,True
Nc=Np*0.5,0.5999755859375,9830,26,2.5981308411214954,856,1638,por_presa,True
Nc=Np*0.5,0.5999755859375,9830,27,2.708240534521158,898,1638,por_presa,True
Nc=Np*0.5,0.5999755859375,9830,28,2.8046218487394956,952,1638,por_presa,True
Nc=Np*0.5,0.5999755859375,9830,29,2.7837837837837838,888,1638,por_presa,True
Nc=Np*0.5,0.5999755859375,9830,30,2.6670416197975255,889,1638,por_presa,True
Nc=Np*0.5,0.5999755859375,9830,31,2.6546840958605666,918,1638,por_presa,True
Nc=Np*0.5,0.5999755859375,9830,32,2.844110854503464,866,1638,por_presa,True
Nc=Np*0.5,0.5999755859375,9830,33,2.7101616628175518,866,1638,por_presa,True
Nc=Np*0.5,0.5999755859375,9830,34,2.513729977116705,874,1638,por_presa,True
Nc=Np*0.5,0.5999755859375,9830,35,2.7827050997782705,902,1638,por_presa,True
Nc=Np*0.5,0.5999755859375,9830,36,2.8739224137931036,928,1638,por_presa,True
Nc=Np*0.5,0.5999755859375,9830,37,2.699124726477024,914,1638,por_presa,True
Nc=Np*0.5,0.5999755859375,9830,38,2.8941176470588235,850,1638,por_presa,True
Nc=Np*0.5,0.5999755859375,9830,39,2.7156970362239297,911,1638,por_presa,True
Nc=Np*0.5,0.5999755859375,9830,40,2.7857142857142856,924,1638,por_presa,True
Nc=Np*0.5,0.5999755859375,9830,41,2.7730646871686107,943,1638,por_presa,True
Nc=Np*0.5,0.5999755859375,9830,42,2.626794258373206,836,1638,por_presa,True
Nc=Np*0.5,0.5999755859375,9830,43,2.7419354838709675,961,1638,por_presa,True
Nc=Np*0.5,0.5999755859375,9830,44,2.8100961538461537,832,1638,por_presa,True
Nc=Np*0.5,0.5999755859375,9830,45,2.5238623751387346,901,1638,por_presa,True
Nc=Np*0.5,0.5999755859375,9830,46,2.8322649572649574,936,1638,por_presa,True
Nc=Np*0.5,0.5999755859375,9830,47,2.6116504854368934,927,1638,por_presa,True
Nc=Np*0.5,0.5999755859375,9830,48,2.622767857142857,896,1638,por_presa,True
Nc=Np*0.5,0.5999755859375,9830,49,2.549342105263158,912,1638,por_presa,True
Nc=Np*0.5,0.5999755859375,9830,50,2.82,900,1638,por_presa,True
Nc=Np*0.5,0.5999755859375,9830,51,2.6140350877192984,855,1638,por_presa,True
Nc=Np*0.5,0.5999755859375,9830,52,2.8163493840985443,893,1638,por_presa,True
Nc=Np*0.5,0.5999755859375,9830,53,2.673446327683616,885,1638,por_presa,True
Nc=Np*0.5,0.5999755859375,9830,54,2.534078212290503,895,1638,por_presa,True
Nc=Np*0.5,0.5999755859375,9830,55,2.862144420131291,914,1638,por_presa,True
Nc=Np*0.5,0.5999755859375,9830,56,2.744908896034298,933,1638,por_presa,True
Nc=Np*0.5,0.5999755859375,9830,57,2.755700325732899,921,1638,por_presa,True
Nc=Np*0.5,0.5999755859375,9830,58,2.4716106604866743,863,1638,por_presa,True
Nc=Np*0.5,0.5999755859375,9830,59,2.7844444444444445,900,1638,por_presa,True
Nc=Np*0.5,0.5999755859375,9830,60,2.8234064785788924,957,1638,por_presa,True
Nc=Np*0.5,0.5999755859375,9830,61,2.9132882882882885,888,1638,por_presa,True
Nc=Np*0.5,0.5999755859375,9830,62,2.6803900325027086,923,1638,por_presa,True
Nc=Np*0.5,0.5999755859375,9830,63,2.525515743756786,921,1638,por_presa,True
Nc=Np*0.5,0.5999755859375,9830,64,2.8446088794926006,946,1638,por_presa,True
Nc=Np*0.5,0.5999755859375,9830,65,2.708803611738149,886,1638,por_presa,True
Nc=Np*0.5,0.5999755859375,9830,66,2.8400435255712733,919,1638,por_presa,True
Nc=Np*0.5,0.5999755859375,9830,67,2.6359447004608296,868,1638,por_presa,True
Nc=Np*0.5,0.5999755859375,9830,68,2.8098663926002057,973,1638,por_presa,True
Nc=Np*0.5,0.5999755859375,9830,69,2.7497291440953413,923,1638,por_presa,True
Nc=Np*0.5,0.5999755859375,9830,70,2.712719298245614,912,1638,por_presa,True
Nc=Np*0.5,0.5999755859375,9830,71,2.8406417112299467,935,1638,por_presa,True
Nc=Np*0.5,0.5999755859375,9830,72,2.8100686498855834,874,1638,por_presa,True
Nc=Np*0.5,0.5999755859375,9830,73,2.701541850220264,908,1638,por_presa,True
Nc=Np*0.5,0.5999755859375,9830,74,2.762443438914027,884,1638,por_presa,True
Nc=Np*0.5,0.5999755859375,9830,75,2.72787610619469,904,1638,por_presa,True
Nc=Np*0.5,0.5999755859375,9830,76,2.6626373626373625,910,1638,por_presa,True
Nc=Np*0.5,0.5999755859375,9830,77,2.738479262672811,868,1638,por_presa,True
Nc=Np*0.5,0.5999755859375,9830,78,2.5907590759075907,909,1638,por_presa,True
Nc=Np*0.5,0.5999755859375,9830,79,2.4741573033707867,890,1638,por_presa,True
Nc=Np*0.5,0.5999755859375,9830,80,2.7362869198312234,948,1638,por_presa,True
Nc=Np*0.5,0.5999755859375,9830,81,2.8031674208144794,884,1638,por_presa,True
Nc=Np*0.5,0.5999755859375,9830,82,2.798523206751055,948,1638,por_presa,True
Nc=Np*0.5,0.5999755859375,9830,83,2.9914529914529915,936,1638,por_presa,True
Nc=Np*0.5,0.5999755859375,9830,84,2.7555309734513274,904,1638,por_presa,True
Nc=Np*0.5,0.5999755859375,9830,85,2.794318181818182,880,1638,por_presa,True
Nc=Np*0.5,0.5999755859375,9830,86,2.6293302540415704,866,1638,por_presa,True
Nc=Np*0.5,0.5999755859375,9830,87,2.7611241217798597,854,1638,por_presa,True
Nc=Np*0.5,0.5999755859375,9830,88,2.698051948051948,924,1638,por_presa,True
Nc=Np*0.5,0.5999755859375,9830,89,2.8057395143487858,906,1638,por_presa,True
Nc=Np*0.5,0.5999755859375,9830,90,2.7859531772575252,897,1638,por_presa,True
Nc=Np*0.5,0.5999755859375,9830,91,2.8063806380638066,909,1638,por_presa,True
Nc=Np*0.5,0.5999755859375,9830,92,2.472413793103448,870,1638,por_presa,True
Nc=Np*0.5,0.5999755859375,9830,93,2.763326226012793,938,1638,por_presa,True
Nc=Np*0.5,0.5999755859375,9830,94,2.541120381406436,839,1638,por_presa,True
Nc=Np*0.5,0.5999755859375,9830,95,2.7278617710583153,926,1638,por_presa,True
Nc=Np*0.5,0.5999755859375,9830,96,2.5896017699115044,904,1638,por_presa,True
Nc=Np*0.5,0.5999755859375,9830,97,2.867986798679868,909,1638,por_presa,True
Nc=Np*0.5,0.5999755859375,9830,98,2.7305045871559632,872,1638,por_presa,True
Nc=Np*0.5,0.5999755859375,9830,99,2.905829596412556,892,1638,por_presa,True
Nc=Np*0.5,0.699951171875,11468,0,2.271356783919598,398,1229,por_presa,True
Nc=Np*0.5,0.699951171875,11468,1,2.224056603773585,424,1229,por_presa,True
Nc=Np*0.5,0.699951171875,11468,2,2.149870801033592,387,1229,por_presa,True
Nc=Np*0.5,0.699951171875,11468,3,2.24330900243309,411,1229,por_presa,True
Nc=Np*0.5,0.699951171875,11468,4,2.211494252873563,435,1229,por_presa,True
Nc=Np*0.5,0.699951171875,11468,5,2.1319261213720315,379,1229,por_presa,True
Nc=Np*0.5,0.699951171875,11468,6,2.1215880893300247,403,1229,por_presa,True
Nc=Np*0.5,0.699951171875,11468,7,2.1809744779582365,431,1229,por_presa,True
Nc=Np*0.5,0.699951171875,11468,8,2.2125,400,1229,por_presa,True
Nc=Np*0.5,0.699951171875,11468,9,2.386138613861386,404,1229,por_presa,True
Nc=Np*0.5,0.699951171875,11468,10,2.2908653846153846,416,1229,por_presa,True
Nc=Np*0.5,0.699951171875,11468,11,2.234042553191489,376,1229,por_presa,True
Nc=Np*0.5,0.699951171875,11468,12,2.136871508379888,358,1229,por_presa,True
Nc=Np*0.5,0.699951171875,11468,13,2.187648456057007,421,1229,por_presa,True
Nc=Np*0.5,0.699951171875,11468,14,2.297674418604651,430,1229,por_presa,True
Nc=Np*0.5,0.699951171875,11468,15,2.1662763466042154,427,1229,por_presa,True
Nc=Np*0.5,0.699951171875,11468,16,2.148051948051948,385,1229,por_presa,True
Nc=Np*0.5,0.699951171875,11468,17,2.312354312354312,429,1229,por_presa,True
Nc=Np*0.5,0.699951171875,11468,18,2.2289719626168223,428,1229,por_presa,True
Nc=Np*0.5,0.699951171875,11468,19,1.9907621247113163,433,1229,por_presa,True
Nc=Np*0.5,0.699951171875,11468,20,2.059620596205962,369,1229,por_presa,True
Nc=Np*0.5,0.699951171875,11468,21,2.1790281329923276,391,1229,por_presa,True
Nc=Np*0.5,0.699951171875,11468,22,2.0803108808290154,386,1229,por_presa,True
Nc=Np*0.5,0.699951171875,11468,23,2.1152815013404824,373,1229,por_presa,True
Nc=Np*0.5,0.699951171875,11468,24,2.180628272251309,382,1229,por_presa,True
Nc=Np*0.5,0.699951171875,11468,25,2.179746835443038,395,1229,por_presa,True
Nc=Np*0.5,0.699951171875,11468,26,2.1973333333333334,375,1229,por_presa,True
Nc=Np*0.5,0.699951171875,11468,27,2.356589147286822,387,1229,por_presa,True
Nc=Np*0.5,0.699951171875,11468,28,2.1354166666666665,384,1229,por_presa,True
Nc=Np*0.5,0.699951171875,11468,29,2.0829145728643215,398,1229,por_presa,True
Nc=Np*0.5,0.699951171875,11468,30,2.191646191646192,407,1229,por_presa,True
Nc=Np*0.5,0.699951171875,11468,31,2.024330900243309,411,1229,por_presa,True
Nc=Np*0.5,0.699951171875,11468,32,2.2063106796116503,412,1229,por_presa,True
Nc=Np*0.5,0.699951171875,11468,33,2.453883495145631,412,1229,por_presa,True
Nc=Np*0.5,0.699951171875,11468,34,2.029177718832891,377,1229,por_presa,True
Nc=Np*0.5,0.699951171875,11468,35,2.026595744680851,376,1229,por_presa,True
Nc=Np*0.5,0.699951171875,11468,36,2.2063882063882065,407,1229,por_presa,True
Nc=Np*0.5,0.699951171875,11468,37,2.2020460358056266,391,1229,por_presa,True
Nc=Np*0.5,0.699951171875,11468,38,2.1575342465753424,438,1229,por_presa,True
Nc=Np*0.5,0.699951171875,11468,39,2.256926952141058,397,1229,por_presa,True
Nc=Np*0.5,0.699951171875,11468,40,2.1259259259259258,405,1229,por_presa,True
Nc=Np*0.5,0.699951171875,11468,41,2.3012345679012345,405,1229,por_presa,True
Nc=Np*0.5,0.699951171875,11468,42,2.2186666666666666,375,1229,por_presa,True
Nc=Np*0.5,0.699951171875,11468,43,2.148241206030151,398,1229,por_presa,True
Nc=Np*0.5,0.699951171875,11468,44,2.171912832929782,413,1229,por_presa,True
Nc=Np*0.5,0.699951171875,11468,45,2.4977477477477477,444,1229,por_presa,True
Nc=Np*0.5,0.699951171875,11468,46,2.0269607843137254,408,1229,por_presa,True
Nc=Np*0.5,0.699951171875,11468,47,2.193548387096774,403,1229,por_presa,True
Nc=Np*0.5,0.699951171875,11468,48,2.110810810810811,370,1229,por_presa,True
Nc=Np*0.5,0.699951171875,11468,49,2.1070496083550916,383,1229,por_presa,True
Nc=Np*0.5,0.699951171875,11468,50,1.9717223650385605,389,1229,por_presa,True
Nc=Np*0.5,0.699951171875,11468,51,2.2216748768472905,406,1229,por_presa,True
Nc=Np*0.5,0.699951171875,11468,52,2.1526315789473682,380,1229,por_presa,True
Nc=Np*0.5,0.699951171875,11468,53,2.1215880893300247,403,1229,por_presa,True
Nc=Np*0.5,0.699951171875,11468,54,2.1173333333333333,375,1229,por_presa,True
Nc=Np*0.5,0.699951171875,11468,55,2.118387909319899,397,1229,por_presa,True
Nc=Np*0.5,0.699951171875,11468,56,2.1188630490956073,387,1229,por_presa,True
Nc=Np*0.5,0.699951171875,11468,57,2.096244131455399,426,1229,por_presa,True
Nc=Np*0.5,0.699951171875,11468,58,2.2517482517482517,429,1229,por_presa,True
Nc=Np*0.5,0.699951171875,11468,59,2.1182266009852215,406,1229,por_presa,True
Nc=Np*0.5,0.699951171875,11468,60,2.33,400,1229,por_presa,True
Nc=Np*0.5,0.699951171875,11468,61,2.093994778067885,383,1229,por_presa,True
Nc=Np*0.5,0.699951171875,11468,62,2.142517814726841,421,1229,por_presa,True
Nc=Np*0.5,0.699951171875,11468,63,2.1237864077669903,412,1229,por_presa,True
Nc=Np*0.5,0.699951171875,11468,64,2.0906976744186045,430,1229,por_presa,True
Nc=Np*0.5,0.699951171875,11468,65,2.0974358974358975,390,1229,por_presa,True
Nc=Np*0.5,0.699951171875,11468,66,2.198966408268734,387,1229,por_presa,True
Nc=Np*0.5,0.699951171875,11468,67,2.0775,400,1229,por_presa,True
Nc=Np*0.5,0.699951171875,11468,68,2.14214463840399,401,1229,por_presa,True
Nc=Np*0.5,0.699951171875,11468,69,2.2541176470588233,425,1229,por_presa,True
Nc=Np*0.5,0.699951171875,11468,70,2.2655086848635237,403,1229,por_presa,True
Nc=Np*0.5,0.699951171875,11468,71,2.2302158273381294,417,1229,por_presa,True
Nc=Np*0.5,0.699951171875,11468,72,2.26980198019802,404,1229,por_presa,True
Nc=Np*0.5,0.699951171875,11468,73,2.1479591836734695,392,1229,por_presa,True
Nc=Np*0.5,0.699951171875,11468,74,2.2095490716180373,377,1229,por_presa,True
Nc=Np*0.5,0.699951171875,11468,75,1.9424657534246574,365,1229,por_presa,True
Nc=Np*0.5,0.699951171875,11468,76,2.0971867007672635,391,1229,por_presa,True
Nc=Np*0.5,0.699951171875,11468,77,2.012690355329949,394,1229,por_presa,True
Nc=Np*0.5,0.699951171875,11468,78,2.290556900726392,413,1229,por_presa,True
Nc=Np*0.5,0.699951171875,11468,79,2.1825,400,1229,por_presa,True
Nc=Np*0.5,0.699951171875,11468,80,2.1853658536585368,410,1229,por_presa,True
Nc=Np*0.5,0.699951171875,11468,81,2.1666666666666665,390,1229,por_presa,True
Nc=Np*0.5,0.699951171875,11468,82,2.2481927710843372,415,1229,por_presa,True
Nc=Np*0.5,0.699951171875,11468,83,2.288135593220339,413,1229,por_presa,True
Nc=Np*0.5,0.699951171875,11468,84,2.223529411764706,425,1229,por_presa,True
Nc=Np*0.5,0.699951171875,11468,85,2.1262135922330097,412,1229,por_presa,True
Nc=Np*0.5,0.699951171875,11468,86,2.272511848341232,422,1229,por_presa,True
Nc=Np*0.5,0.699951171875,11468,87,2.119700748129676,401,1229,por_presa,True
Nc=Np*0.5,0.699951171875,11468,88,2.157142857142857,420,1229,por_presa,True
Nc=Np*0.5,0.699951171875,11468,89,2.276923076923077,390,1229,por_presa,True
Nc=Np*0.5,0.699951171875,11468,90,2.296875,384,1229,por_presa,True
Nc=Np*0.5,0.699951171875,11468,91,2.0966183574879227,414,1229,por_presa,True
Nc=Np*0.5,0.699951171875,11468,92,2.272277227722772,404,1229,por_presa,True
Nc=Np*0.5,0.699951171875,11468,93,2.175,400,1229,por_presa,True
Nc=Np*0.5,0.699951171875,11468,94,2.2324929971988796,357,1229,por_presa,True
Nc=Np*0.5,0.699951171875,11468,95,2.2488584474885847,438,1229,por_presa,True
Nc=Np*0.5,0.699951171875,11468,96,2.2879177377892033,389,1229,por_presa,True
Nc=Np*0.5,0.699951171875,11468,97,2.218045112781955,399,1229,por_presa,True
Nc=Np*0.5,0.699951171875,11468,98,2.093198992443325,397,1229,por_presa,True
Nc=Np*0.5,0.699951171875,11468,99,2.2617283950617284,405,1229,por_presa,True
Nc=Np*0.5,0.79998779296875,13107,0,1.711111111111111,135,819,por_presa,True
Nc=Np*0.5,0.79998779296875,13107,1,1.766990291262136,103,819,por_presa,True
Nc=Np*0.5,0.79998779296875,13107,2,1.5538461538461539,130,819,por_presa,True
Nc=Np*0.5,0.79998779296875,13107,3,1.7741935483870968,155,819,por_presa,True
Nc=Np*0.5,0.79998779296875,13107,4,1.54,150,819,por_presa,True
Nc=Np*0.5,0.79998779296875,13107,5,1.8231292517006803,147,819,por_presa,True
Nc=Np*0.5,0.79998779296875,13107,6,1.7397260273972603,146,819,por_presa,True
Nc=Np*0.5,0.79998779296875,13107,7,1.5284552845528456,123,819,por_presa,True
Nc=Np*0.5,0.79998779296875,13107,8,1.648,125,819,por_presa,True
Nc=Np*0.5,0.79998779296875,13107,9,1.7142857142857142,126,819,por_presa,True
Nc=Np*0.5,0.79998779296875,13107,10,1.6722689075630253,119,819,por_presa,True
Nc=Np*0.5,0.79998779296875,13107,11,1.7971014492753623,138,819,por_presa,True
Nc=Np*0.5,0.79998779296875,13107,12,1.7355371900826446,121,819,por_presa,True
Nc=Np*0.5,0.79998779296875,13107,13,1.6428571428571428,126,819,por_presa,True
Nc=Np*0.5,0.79998779296875,13107,14,1.6830985915492958,142,819,por_presa,True
Nc=Np*0.5,0.79998779296875,13107,15,1.4473684210526316,114,819,por_presa,True
Nc=Np*0.5,0.79998779296875,13107,16,1.6028368794326242,141,819,por_presa,True
Nc=Np*0.5,0.79998779296875,13107,17,1.6333333333333333,150,819,por_presa,True
Nc=Np*0.5,0.79998779296875,13107,18,1.7967479674796747,123,819,por_presa,True
Nc=Np*0.5,0.79998779296875,13107,19,1.5486111111111112,144,819,por_presa,True
Nc=Np*0.5,0.79998779296875,13107,20,1.5746268656716418,134,819,por_presa,True
Nc=Np*0.5,0.79998779296875,13107,21,1.553030303030303,132,819,por_presa,True
Nc=Np*0.5,0.79998779296875,13107,22,1.6832298136645962,161,819,por_presa,True
Nc=Np*0.5,0.79998779296875,13107,23,1.7973856209150327,153,819,por_presa,True
Nc=Np*0.5,0.79998779296875,13107,24,1.6102941176470589,136,819,por_presa,True
Nc=Np*0.5,0.79998779296875,13107,25,1.7105263157894737,114,819,por_presa,True
Nc=Np*0.5,0.79998779296875,13107,26,1.5528455284552845,123,819,por_presa,True
Nc=Np*0.5,0.79998779296875,13107,27,1.6456692913385826,127,819,por_presa,True
Nc=Np*0.5,0.79998779296875,13107,28,1.6335403726708075,161,819,por_presa,True
Nc=Np*0.5,0.79998779296875,13107,29,1.7142857142857142,154,819,por_presa,True
Nc=Np*0.5,0.79998779296875,13107,30,1.8108108108108107,148,819,por_presa,True
Nc=Np*0.5,0.79998779296875,13107,31,1.6524822695035462,141,819,por_presa,True
Nc=Np*0.5,0.79998779296875,13107,32,1.6770186335403727,161,819,por_presa,True
Nc=Np*0.5,0.79998779296875,13107,33,1.6,135,819,por_presa,True
Nc=Np*0.5,0.79998779296875,13107,34,1.5606060606060606,132,819,por_presa,True
Nc=Np*0.5,0.79998779296875,13107,35,1.5905511811023623,127,819,por_presa,True
Nc=Np*0.5,0.79998779296875,13107,36,1.7,120,819,por_presa,True
Nc=Np*0.5,0.79998779296875,13107,37,1.5639097744360901,133,819,por_presa,True
Nc=Np*0.5,0.79998779296875,13107,38,1.5952380952380953,126,819,por_presa,True
Nc=Np*0.5,0.79998779296875,13107,39,1.5533333333333332,150,819,por_presa,True
Nc=Np*0.5,0.79998779296875,13107,40,1.6614173228346456,127,819,por_presa,True
Nc=Np*0.5,0.79998779296875,13107,41,1.6417910447761195,134,819,por_presa,True
Nc=Np*0.5,0.79998779296875,13107,42,1.5583333333333333,120,819,por_presa,True
Nc=Np*0.5,0.79998779296875,13107,43,1.744360902255639,133,819,por_presa,True
Nc=Np*0.5,0.79998779296875,13107,44,1.8355263157894737,152,819,por_presa,True
Nc=Np*0.5,0.79998779296875,13107,45,1.5683453237410072,139,819,por_presa,True
Nc=Np*0.5,0.79998779296875,13107,46,1.6296296296296295,135,819,por_presa,True
Nc=Np*0.5,0.79998779296875,13107,47,1.7533333333333334,150,819,por_presa,True
Nc=Np*0.5,0.79998779296875,13107,48,1.584,125,819,por_presa,True
Nc=Np*0.5,0.79998779296875,13107,49,1.7985611510791366,139,819,por_presa,True
Nc=Np*0.5,0.79998779296875,13107,50,1.6923076923076923,143,819,por_presa,True
Nc=Np*0.5,0.79998779296875,13107,51,1.474074074074074,135,819,por_presa,True
Nc=Np*0.5,0.79998779296875,13107,52,1.6153846153846154,143,819,por_presa,True
Nc=Np*0.5,0.79998779296875,13107,53,1.56875,160,819,por_presa,True
Nc=Np*0.5,0.79998779296875,13107,54,1.670807453416149,161,819,por_presa,True
Nc=Np*0.5,0.79998779296875,13107,55,1.640625,128,819,por_presa,True
Nc=Np*0.5,0.79998779296875,13107,56,1.6933333333333334,150,819,por_presa,True
Nc=Np*0.5,0.79998779296875,13107,57,1.6814814814814816,135,819,por_presa,True
Nc=Np*0.5,0.79998779296875,13107,58,1.81875,160,819,por_presa,True
Nc=Np*0.5,0.79998779296875,13107,59,1.7105263157894737,152,819,por_presa,True
Nc=Np*0.5,0.79998779296875,13107,60,1.704,125,819,por_presa,True
Nc=Np*0.5,0.79998779296875,13107,61,1.5177304964539007,141,819,por_presa,True
Nc=Np*0.5,0.79998779296875,13107,62,1.6506849315068493,146,819,por_presa,True
Nc=Np*0.5,0.79998779296875,13107,63,1.5925925925925926,135,819,por_presa,True
Nc=Np*0.5,0.79998779296875,13107,64,1.5928571428571427,140,819,por_presa,True
Nc=Np*0.5,0.79998779296875,13107,65,1.5084745762711864,118,819,por_presa,True
Nc=Np*0.5,0.79998779296875,13107,66,1.7933333333333332,150,819,por_presa,True
Nc=Np*0.5,0.79998779296875,13107,67,1.5538461538461539,130,819,por_presa,True
Nc=Np*0.5,0.79998779296875,13107,68,2.022727272727273,132,819,por_presa,True
Nc=Np*0.5,0.79998779296875,13107,69,1.6542056074766356,107,819,por_presa,True
Nc=Np*0.5,0.79998779296875,13107,70,1.6090225563909775,133,819,por_presa,True
Nc=Np*0.5,0.79998779296875,13107,71,1.6136363636363635,132,819,por_presa,True
Nc=Np*0.5,0.79998779296875,13107,72,1.8270676691729324,133,819,por_presa,True
Nc=Np*0.5,0.79998779296875,13107,73,1.7,110,819,por_presa,True
Nc=Np*0.5,0.79998779296875,13107,74,1.63013698630137,146,819,por_presa,True
Nc=Np*0.5,0.79998779296875,13107,75,1.6048387096774193,124,819,por_presa,True
Nc=Np*0.5,0.79998779296875,13107,76,1.6209150326797386,153,819,por_presa,True
Nc=Np*0.5,0.79998779296875,13107,77,1.6971830985915493,142,819,por_presa,True
Nc=Np*0.5,0.79998779296875,13107,78,1.6713286713286712,143,819,por_presa,True
Nc=Np*0.5,0.79998779296875,13107,79,1.9017857142857142,112,819,por_presa,True
Nc=Np*0.5,0.79998779296875,13107,80,1.7310344827586206,145,819,por_presa,True
Nc=Np*0.5,0.79998779296875,13107,81,1.5625,128,819,por_presa,True
Nc=Np*0.5,0.79998779296875,13107,82,1.635036496350365,137,819,por_presa,True
Nc=Np*0.5,0.79998779296875,13107,83,1.5447154471544715,123,819,por_presa,True
Nc=Np*0.5,0.79998779296875,13107,84,1.573643410852713,129,819,por_presa,True
Nc=Np*0.5,0.79998779296875,13107,85,1.7716535433070866,127,819,por_presa,True
Nc=Np*0.5,0.79998779296875,13107,86,1.6357615894039734,151,819,por_presa,True
Nc=Np*0.5,0.79998779296875,13107,87,1.6689189189189189,148,819,por_presa,True
Nc=Np*0.5,0.79998779296875,13107,88,1.8166666666666667,120,819,por_presa,True
Nc=Np*0.5,0.79998779296875,13107,89,1.6875,128,819,por_presa,True
Nc=Np*0.5,0.79998779296875,13107,90,1.6646341463414633,164,819,por_presa,True
Nc=Np*0.5,0.79998779296875,13107,91,1.8128654970760234,171,819,por_presa,True
Nc=Np*0.5,0.79998779296875,13107,92,1.7122302158273381,139,819,por_presa,True
Nc=Np*0.5,0.79998779296875,13107,93,1.7414965986394557,147,819,por_presa,True
Nc=Np*0.5,0.79998779296875,13107,94,1.662162162162162,148,819,por_presa,True
Nc=Np*0.5,0.79998779296875,13107,95,1.7391304347826086,138,819,por_presa,True
Nc=Np*0.5,0.79998779296875,13107,96,1.6594202898550725,138,819,por_presa,True
Nc=Np*0.5,0.79998779296875,13107,97,1.5909090909090908,132,819,por_presa,True
Nc=Np*0.5,0.79998779296875,13107,98,1.5694444444444444,144,819,por_presa,True
Nc=Np*0.5,0.79998779296875,13107,99,1.713235294117647,136,819,por_presa,True
Nc=Np*0.5,0.89996337890625,14745,0,1.1,20,409,por_presa,True
Nc=Np*0.5,0.89996337890625,14745,1,1.1904761904761905,21,409,por_presa,True
Nc=Np*0.5,0.89996337890625,14745,2,1.0526315789473684,19,409,por_presa,True
Nc=Np*0.5,0.89996337890625,14745,3,1.393939393939394,33,409,por_presa,True
Nc=Np*0.5,0.89996337890625,14745,4,1.4,25,409,por_presa,True
Nc=Np*0.5,0.89996337890625,14745,5,1.2592592592592593,27,409,por_presa,True
Nc=Np*0.5,0.89996337890625,14745,6,1.2758620689655173,29,409,por_presa,True
Nc=Np*0.5,0.89996337890625,14745,7,1.2307692307692308,13,409,por_presa,True
Nc=Np*0.5,0.89996337890625,14745,8,1.2777777777777777,18,409,por_presa,True
Nc=Np*0.5,0.89996337890625,14745,9,1.45,20,409,por_presa,True
Nc=Np*0.5,0.89996337890625,14745,10,1.064516129032258,31,409,por_presa,True
Nc=Np*0.5,0.89996337890625,14745,11,1.434782608695652,23,409,por_presa,True
Nc=Np*0.5,0.89996337890625,14745,12,1.4,25,409,por_presa,True
Nc=Np*0.5,0.89996337890625,14745,13,1.16,25,409,por_presa,True
Nc=Np*0.5,0.89996337890625,14745,14,1.4411764705882353,34,409,por_presa,True
Nc=Np*0.5,0.89996337890625,14745,15,1.35,20,409,por_presa,True
Nc=Np*0.5,0.89996337890625,14745,16,1.24,25,409,por_presa,True
Nc=Np*0.5,0.89996337890625,14745,17,1.25,20,409,por_presa,True
Nc=Np*0.5,0.89996337890625,14745,18,1.2,20,409,por_presa,True
Nc=Np*0.5,0.89996337890625,14745,19,1.2222222222222223,18,409,por_presa,True
Nc=Np*0.5,0.89996337890625,14745,20,1.1666666666666667,36,409,por_presa,True
Nc=Np*0.5,0.89996337890625,14745,21,1.4782608695652173,23,409,por_presa,True
Nc=Np*0.5,0.89996337890625,14745,22,1.2758620689655173,29,409,por_presa,True
Nc=Np*0.5,0.89996337890625,14745,23,1.3846153846153846,26,409,por_presa,True
Nc=Np*0.5,0.89996337890625,14745,24,1.2857142857142858,28,409,por_presa,True
Nc=Np*0.5,0.89996337890625,14745,25,1.5,34,409,por_presa,True
Nc=Np*0.5,0.89996337890625,14745,26,1.2666666666666666,30,409,por_presa,True
Nc=Np*0.5,0.89996337890625,14745,27,1.2758620689655173,29,409,por_presa,True
Nc=Np*0.5,0.89996337890625,14745,28,1.3157894736842106,19,409,por_presa,True
Nc=Np*0.5,0.89996337890625,14745,29,1.3333333333333333,33,409,por_presa,True
Nc=Np*0.5,0.89996337890625,14745,30,1.25,16,409,por_presa,True
Nc=Np*0.5,0.89996337890625,14745,31,1.2413793103448276,29,409,por_presa,True
Nc=Np*0.5,0.89996337890625,14745,32,1.4,35,409,por_presa,True
Nc=Np*0.5,0.89996337890625,14745,33,1.3043478260869565,23,409,por_presa,True
Nc=Np*0.5,0.89996337890625,14745,34,1.2352941176470589,34,409,por_presa,True
Nc=Np*0.5,0.89996337890625,14745,35,1.3333333333333333,27,409,por_presa,True
Nc=Np*0.5,0.89996337890625,14745,36,1.1935483870967742,31,409,por_presa,True
Nc=Np*0.5,0.89996337890625,14745,37,1.3333333333333333,21,409,por_presa,True
Nc=Np*0.5,0.89996337890625,14745,38,1.5,26,409,por_presa,True
Nc=Np*0.5,0.89996337890625,14745,39,1.4,20,409,por_presa,True
Nc=Np*0.5,0.89996337890625,14745,40,1.4137931034482758,29,409,por_presa,True
Nc=Np*0.5,0.89996337890625,14745,41,1.0909090909090908,22,409,por_presa,True
Nc=Np*0.5,0.89996337890625,14745,42,1.2,25,409,por_presa,True
Nc=Np*0.5,0.89996337890625,14745,43,1.0625,16,409,por_presa,True
Nc=Np*0.5,0.89996337890625,14745,44,1.25,16,409,por_presa,True
Nc=Np*0.5,0.89996337890625,14745,45,1.3043478260869565,23,409,por_presa,True
Nc=Np*0.5,0.89996337890625,14745,46,1.3333333333333333,15,409,por_presa,True
Nc=Np*0.5,0.89996337890625,14745,47,1.2758620689655173,29,409,por_presa,True
Nc=Np*0.5,0.89996337890625,14745,48,1.2962962962962963,27,409,por_presa,True
Nc=Np*0.5,0.89996337890625,14745,49,1.2916666666666667,24,409,por_presa,True
Nc=Np*0.5,0.89996337890625,14745,50,1.2142857142857142,28,409,por_presa,True
Nc=Np*0.5,0.89996337890625,14745,51,1.3428571428571427,35,409,por_presa,True
Nc=Np*0.5,0.89996337890625,14745,52,1.2222222222222223,27,409,por_presa,True
Nc=Np*0.5,0.89996337890625,14745,53,1.3333333333333333,24,409,por_presa,True
Nc=Np*0.5,0.89996337890625,14745,54,1.2,25,409,por_presa,True
Nc=Np*0.5,0.89996337890625,14745,55,1.2916666666666667,24,409,por_presa,True
Nc=Np*0.5,0.89996337890625,14745,56,1.36,25,409,por_presa,True
Nc=Np*0.5,0.89996337890625,14745,57,1.3571428571428572,28,409,por_presa,True
Nc=Np*0.5,0.89996337890625,14745,58,1.5862068965517242,29,409,por_presa,True
Nc=Np*0.5,0.89996337890625,14745,59,1.2857142857142858,21,409,por_presa,True
Nc=Np*0.5,0.89996337890625,14745,60,1.0869565217391304,23,409,por_presa,True
Nc=Np*0.5,0.89996337890625,14745,61,1.25,28,409,por_presa,True
Nc=Np*0.5,0.89996337890625,14745,62,1.2857142857142858,21,409,por_presa,True
Nc=Np*0.5,0.89996337890625,14745,63,1.0952380952380953,21,409,por_presa,True
Nc=Np*0.5,0.89996337890625,14745,64,1.3611111111111112,36,409,por_presa,True
Nc=Np*0.5,0.89996337890625,14745,65,1.2380952380952381,21,409,por_presa,True
Nc=Np*0.5,0.89996337890625,14745,66,1.3783783783783783,37,409,por_presa,True
Nc=Np*0.5,0.89996337890625,14745,67,1.3448275862068966,29,409,por_presa,True
Nc=Np*0.5,0.89996337890625,14745,68,1.2857142857142858,21,409,por_presa,True
Nc=Np*0.5,0.89996337890625,14745,69,1.1724137931034482,29,409,por_presa,True
Nc=Np*0.5,0.89996337890625,14745,70,1.2222222222222223,18,409,por_presa,True
Nc=Np*0.5,0.89996337890625,14745,71,1.3846153846153846,26,409,por_presa,True
Nc=Np*0.5,0.89996337890625,14745,72,1.36,25,409,por_presa,True
Nc=Np*0.5,0.89996337890625,14745,73,1.2142857142857142,28,409,por_presa,True
Nc=Np*0.5,0.89996337890625,14745,74,1.1666666666666667,18,409,por_presa,True
Nc=Np*0.5,0.89996337890625,14745,75,1.2580645161290323,31,409,por_presa,True
Nc=Np*0.5,0.89996337890625,14745,76,1.34375,32,409,por_presa,True
Nc=Np*0.5,0.89996337890625,14745,77,1.3571428571428572,28,409,por_presa,True
Nc=Np*0.5,0.89996337890625,14745,78,1.3793103448275863,29,409,por_presa,True
Nc=Np*0.5,0.89996337890625,14745,79,1.2,20,409,por_presa,True
Nc=Np*0.5,0.89996337890625,14745,80,1.2173913043478262,23,409,por_presa,True
Nc=Np*0.5,0.89996337890625,14745,81,1.4,35,409,por_presa,True
Nc=Np*0.5,0.89996337890625,14745,82,1.1304347826086956,23,409,por_presa,True
Nc=Np*0.5,0.89996337890625,14745,83,1.4054054054054055,37,409,por_presa,True
Nc=Np*0.5,0.89996337890625,14745,84,1.2083333333333333,24,409,por_presa,True
Nc=Np*0.5,0.89996337890625,14745,85,1.434782608695652,23,409,por_presa,True
Nc=Np*0.5,0.89996337890625,14745,86,1.3333333333333333,30,409,por_presa,True
Nc=Np*0.5,0.89996337890625,14745,87,1.5,28,409,por_presa,True
Nc=Np*0.5,0.89996337890625,14745,88,1.32,25,409,por_presa,True
Nc=Np*0.5,0.89996337890625,14745,89,1.24,25,409,por_presa,True
Nc=Np*0.5,0.89996337890625,14745,90,1.25,20,409,por_presa,True
Nc=Np*0.5,0.89996337890625,14745,91,1.28,25,409,por_presa,True
Nc=Np*0.5,0.89996337890625,14745,92,1.0952380952380953,21,409,por_presa,True
Nc=Np*0.5,0.89996337890625,14745,93,1.2083333333333333,24,409,por_presa,True
Nc=Np*0.5,0.89996337890625,14745,94,1.1538461538461537,26,409,por_presa,True
Nc=Np*0.5,0.89996337890625,14745,95,1.1363636363636365,22,409,por_presa,True
Nc=Np*0.5,0.89996337890625,14745,96,1.4137931034482758,29,409,por_presa,True
Nc=Np*0.5,0.89996337890625,14745,97,1.3333333333333333,27,409,por_presa,True
Nc=Np*0.5,0.89996337890625,14745,98,1.4054054054054055,37,409,por_presa,True
Nc=Np*0.5,0.89996337890625,14745,99,1.3043478260869565,23,409,por_presa,True
Nc=Np*0.8,0.0,0,0,1.482666015625,4096,4096,por_presa,True
Nc=Np*0.8,0.0,0,1,1.49853515625,4096,4096,por_presa,True
Nc=Np*0.8,0.0,0,2,1.480224609375,4096,4096,por_presa,True
Nc=Np*0.8,0.0,0,3,1.494140625,4096,4096,por_presa,True
Nc=Np*0.8,0.0,0,4,1.485595703125,4096,4096,por_presa,True
Nc=Np*0.8,0.0,0,5,1.495849609375,4096,4096,por_presa,True
Nc=Np*0.8,0.0,0,6,1.48876953125,4096,4096,por_presa,True
Nc=Np*0.8,0.0,0,7,1.479248046875,4096,4096,por_presa,True
Nc=Np*0.8,0.0,0,8,1.47998046875,4096,4096,por_presa,True
Nc=Np*0.8,0.0,0,9,1.489990234375,4096,4096,por_presa,True
Nc=Np*0.8,0.0,0,10,1.497802734375,4096,4096,por_presa,True
Nc=Np*0.8,0.0,0,11,1.4814453125,4096,4096,por_presa,True
Nc=Np*0.8,0.0,0,12,1.485595703125,4096,4096,por_presa,True
Nc=Np*0.8,0.0,0,13,1.473388671875,4096,4096,por_presa,True
Nc=Np*0.8,0.0,0,14,1.512451171875,4096,4096,por_presa,True
Nc=Np*0.8,0.0,0,15,1.47802734375,4096,4096,por_presa,True
Nc=Np*0.8,0.0,0,16,1.458984375,4096,4096,por_presa,True
Nc=Np*0.8,0.0,0,17,1.49072265625,4096,4096,por_presa,True
Nc=Np*0.8,0.0,0,18,1.509521484375,4096,4096,por_presa,True
Nc=Np*0.8,0.0,0,19,1.490234375,4096,4096,por_presa,True
Nc=Np*0.8,0.0,0,20,1.486572265625,4096,4096,por_presa,True
Nc=Np*0.8,0.0,0,21,1.4814453125,4096,4096,por_presa,True
Nc=Np*0.8,0.0,0,22,1.488525390625,4096,4096,por_presa,True
Nc=Np*0.8,0.0,0,23,1.4853515625,4096,4096,por_presa,True
Nc=Np*0.8,0.0,0,24,1.484130859375,4096,4096,por_presa,True
Nc=Np*0.8,0.0,0,25,1.49609375,4096,4096,por_presa,True
Nc=Np*0.8,0.0,0,26,1.458251953125,4096,4096,por_presa,True
Nc=Np*0.8,0.0,0,27,1.484130859375,4096,4096,por_presa,True
Nc=Np*0.8,0.0,0,28,1.475830078125,4096,4096,por_presa,True
Nc=Np*0.8,0.0,0,29,1.493896484375,4096,4096,por_presa,True
Nc=Np*0.8,0.0,0,30,1.495361328125,4096,4096,por_presa,True
Nc=Np*0.8,0.0,0,31,1.47900390625,4096,4096,por_presa,True
Nc=Np*0.8,0.0,0,32,1.48095703125,4096,4096,por_presa,True
Nc=Np*0.8,0.0,0,33,1.478515625,4096,4096,por_presa,True
Nc=Np*0.8,0.0,0,34,1.484375,4096,4096,por_presa,True
Nc=Np*0.8,0.0,0,35,1.48681640625,4096,4096,por_presa,True
Nc=Np*0.8,0.0,0,36,1.483154296875,4096,4096,por_presa,True
Nc=Np*0.8,0.0,0,37,1.483642578125,4096,4096,por_presa,True
Nc=Np*0.8,0.0,0,38,1.476318359375,4096,4096,por_presa,True
Nc=Np*0.8,0.0,0,39,1.479248046875,4096,4096,por_presa,True
Nc=Np*0.8,0.0,0,40,1.484130859375,4096,4096,por_presa,True
Nc=Np*0.8,0.0,0,41,1.493896484375,4096,4096,por_presa,True
Nc=Np*0.8,0.0,0,42,1.51318359375,4096,4096,por_presa,True
Nc=Np*0.8,0.0,0,43,1.485595703125,4096,4096,por_presa,True
Nc=Np*0.8,0.0,0,44,1.48876953125,4096,4096,por_presa,True
Nc=Np*0.8,0.0,0,45,1.493408203125,4096,4096,por_presa,True
Nc=Np*0.8,0.0,0,46,1.478759765625,4096,4096,por_presa,True
Nc=Np*0.8,0.0,0,47,1.473876953125,4096,4096,por_presa,True
Nc=Np*0.8,0.0,0,48,1.48828125,4096,4096,por_presa,True
Nc=Np*0.8,0.0,0,49,1.46923828125,4096,4096,por_presa,True
Nc=Np*0.8,0.0,0,50,1.493896484375,4096,4096,por_presa,True
Nc=Np*0.8,0.0,0,51,1.48974609375,4096,4096,por_presa,True
Nc=Np*0.8,0.0,0,52,1.468994140625,4096,4096,por_presa,True
Nc=Np*0.8,0.0,0,53,1.48681640625,4096,4096,por_presa,True
Nc=Np*0.8,0.0,0,54,1.48779296875,4096,4096,por_presa,True
Nc=Np*0.8,0.0,0,55,1.47802734375,4096,4096,por_presa,True
Nc=Np*0.8,0.0,0,56,1.4814453125,4096,4096,por_presa,True
Nc=Np*0.8,0.0,0,57,1.4775390625,4096,4096,por_presa,True
Nc=Np*0.8,0.0,0,58,1.4755859375,4096,4096,por_presa,True
Nc=Np*0.8,0.0,0,59,1.4990234375,4096,4096,por_presa,True
Nc=Np*0.8,0.0,0,60,1.45556640625,4096,4096,por_presa,True
Nc=Np*0.8,0.0,0,61,1.494140625,4096,4096,por_presa,True
Nc=Np*0.8,0.0,0,62,1.47021484375,4096,4096,por_presa,True
Nc=Np*0.8,0.0,0,63,1.484130859375,4096,4096,por_presa,True
Nc=Np*0.8,0.0,0,64,1.48974609375,4096,4096,por_presa,True
Nc=Np*0.8,0.0,0,65,1.4970703125,4096,4096,por_presa,True
Nc=Np*0.8,0.0,0,66,1.47705078125,4096,4096,por_presa,True
Nc=Np*0.8,0.0,0,67,1.483154296875,4096,4096,por_presa,True
Nc=Np*0.8,0.0,0,68,1.4853515625,4096,4096,por_presa,True
Nc=Np*0.8,0.0,0,69,1.4931640625,4096,4096,por_presa,True
Nc=Np*0.8,0.0,0,70,1.48046875,4096,4096,por_presa,True
Nc=Np*0.8,0.0,0,71,1.48291015625,4096,4096,por_presa,True
Nc=Np*0.8,0.0,0,72,1.4814453125,4096,4096,por_presa,True
Nc=Np*0.8,0.0,0,73,1.48388671875,4096,4096,por_presa,True
Nc=Np*0.8,0.0,0,74,1.476806640625,4096,4096,por_presa,True
Nc=Np*0.8,0.0,0,75,1.47802734375,4096,4096,por_presa,True
Nc=Np*0.8,0.0,0,76,1.50830078125,4096,4096,por_presa,True
Nc=Np*0.8,0.0,0,77,1.490966796875,4096,4096,por_presa,True
Nc=Np*0.8,0.0,0,78,1.485107421875,4096,4096,por_presa,True
Nc=Np*0.8,0.0,0,79,1.491943359375,4096,4096,por_presa,True
Nc=Np*0.8,0.0,0,80,1.48828125,4096,4096,por_presa,True
Nc=Np*0.8,0.0,0,81,1.49072265625,4096,4096,por_presa,True
Nc=Np*0.8,0.0,0,82,1.474853515625,4096,4096,por_presa,True
Nc=Np*0.8,0.0,0,83,1.47998046875,4096,4096,por_presa,True
Nc=Np*0.8,0.0,0,84,1.4990234375,4096,4096,por_presa,True
Nc=Np*0.8,0.0,0,85,1.47607421875,4096,4096,por_presa,True
Nc=Np*0.8,0.0,0,86,1.4638671875,4096,4096,por_presa,True
Nc=Np*0.8,0.0,0,87,1.499755859375,4096,4096,por_presa,True
Nc=Np*0.8,0.0,0,88,1.470947265625,4096,4096,por_presa,True
Nc=Np*0.8,0.0,0,89,1.487548828125,4096,4096,por_presa,True
Nc=Np*0.8,0.0,0,90,1.47265625,4096,4096,por_presa,True
Nc=Np*0.8,0.0,0,91,1.481201171875,4096,4096,por_presa,True
Nc=Np*0.8,0.0,0,92,1.472900390625,4096,4096,por_presa,True
Nc=Np*0.8,0.0,0,93,1.48388671875,4096,4096,por_presa,True
Nc=Np*0.8,0.0,0,94,1.47705078125,4096,4096,por_presa,True
Nc=Np*0.8,0.0,0,95,1.47607421875,4096,4096,por_presa,True
Nc=Np*0.8,0.0,0,96,1.47900390625,4096,4096,por_presa,True
Nc=Np*0.8,0.0,0,97,1.4853515625,4096,4096,por_presa,True
Nc=Np*0.8,0.0,0,98,1.49560546875,4096,4096,por_presa,True
Nc=Np*0.8,0.0,0,99,1.49951171875,4096,4096,por_presa,True
Nc=Np*0.8,0.0999755859375,1638,0,1.5710797612588172,3686,3686,por_presa,True
Nc=Np*0.8,0.0999755859375,1638,1,1.5668928086838534,3685,3686,por_presa,True
Nc=Np*0.8,0.0999755859375,1638,2,1.577319587628866,3686,3686,por_presa,True
Nc=Np*0.8,0.0999755859375,1638,3,1.545331161780673,3684,3686,por_presa,True
Nc=Np*0.8,0.0999755859375,1638,4,1.5834464043419267,3685,3686,por_presa,True
Nc=Np*0.8,0.0999755859375,1638,5,1.562669560499186,3686,3686,por_presa,True
Nc=Np*0.8,0.0999755859375,1638,6,1.5780189959294437,3685,3686,por_presa,True
Nc=Np*0.8,0.0999755859375,1638,7,1.5613130765056973,3686,3686,por_presa,True
Nc=Np*0.8,0.0999755859375,1638,8,1.5749185667752443,3684,3686,por_presa,True
Nc=Np*0.8,0.0999755859375,1638,9,1.5816603364080304,3686,3686,por_presa,True
Nc=Np*0.8,0.0999755859375,1638,10,1.5765472312703583,3684,3686,por_presa,True
Nc=Np*0.8,0.0999755859375,1638,11,1.600108518719479,3686,3686,por_presa,True
Nc=Np*0.8,0.0999755859375,1638,12,1.5922409115572436,3686,3686,por_presa,True
Nc=Np*0.8,0.0999755859375,1638,13,1.5691806836679327,3686,3686,por_presa,True
Nc=Np*0.8,0.0999755859375,1638,14,1.568909386869235,3686,3686,por_presa,True
Nc=Np*0.8,0.0999755859375,1638,15,1.5523602821486706,3686,3686,por_presa,True
Nc=Np*0.8,0.0999755859375,1638,16,1.5607704829083018,3686,3686,por_presa,True
Nc=Np*0.8,0.0999755859375,1638,17,1.5708084644601195,3686,3686,por_presa,True
Nc=Np*0.8,0.0999755859375,1638,18,1.574877916440586,3686,3686,por_presa,True
Nc=Np*0.8,0.0999755859375,1638,19,1.5705371676614215,3686,3686,por_presa,True
Nc=Np*0.8,0.0999755859375,1638,20,1.5604991861096038,3686,3686,por_presa,True
Nc=Np*0.8,0.0999755859375,1638,21,1.5718936516549105,3686,3686,por_presa,True
Nc=Np*0.8,0.0999755859375,1638,22,1.5867028493894166,3685,3686,por_presa,True
Nc=Np*0.8,0.0999755859375,1638,23,1.5839891451831751,3685,3686,por_presa,True
Nc=Np*0.8,0.0999755859375,1638,24,1.591044776119403,3685,3686,por_presa,True
Nc=Np*0.8,0.0999755859375,1638,25,1.5584803256445048,3685,3686,por_presa,True
Nc=Np*0.8,0.0999755859375,1638,26,1.582202930005426,3686,3686,por_presa,True
Nc=Np*0.8,0.0999755859375,1638,27,1.5774762550881953,3685,3686,por_presa,True
Nc=Np*0.8,0.0999755859375,1638,28,1.574877916440586,3686,3686,por_presa,True
Nc=Np*0.8,0.0999755859375,1638,29,1.594139989148128,3686,3686,por_presa,True
Nc=Np*0.8,0.0999755859375,1638,30,1.582202930005426,3686,3686,por_presa,True
Nc=Np*0.8,0.0999755859375,1638,31,1.567552902875746,3686,3686,por_presa,True
Nc=Np*0.8,0.0999755859375,1638,32,1.5765056972327727,3686,3686,por_presa,True
Nc=Np*0.8,0.0999755859375,1638,33,1.5491047205642974,3686,3686,por_presa,True
Nc=Np*0.8,0.0999755859375,1638,34,1.5914270211611503,3686,3686,por_presa,True
Nc=Np*0.8,0.0999755859375,1638,35,1.557786218122626,3686,3686,por_presa,True
Nc=Np*0.8,0.0999755859375,1638,36,1.5897992403689636,3686,3686,por_presa,True
Nc=Np*0.8,0.0999755859375,1638,37,1.5889853499728703,3686,3686,por_presa,True
Nc=Np*0.8,0.0999755859375,1638,38,1.5609226594301222,3685,3686,por_presa,True
Nc=Np*0.8,0.0999755859375,1638,39,1.5781334780249594,3686,3686,por_presa,True
Nc=Np*0.8,0.0999755859375,1638,40,1.5659251220835595,3686,3686,por_presa,True
Nc=Np*0.8,0.0999755859375,1638,41,1.5735214324470972,3686,3686,por_presa,True
Nc=Np*0.8,0.0999755859375,1638,42,1.5557666214382633,3685,3686,por_presa,True
Nc=Np*0.8,0.0999755859375,1638,43,1.5691806836679327,3686,3686,por_presa,True
Nc=Np*0.8,0.0999755859375,1638,44,1.5765056972327727,3686,3686,por_presa,True
Nc=Np*0.8,0.0999755859375,1638,45,1.542073832790445,3684,3686,por_presa,True
Nc=Np*0.8,0.0999755859375,1638,46,1.5678610206297503,3684,3686,por_presa,True
Nc=Np*0.8,0.0999755859375,1638,47,1.564026044492675,3686,3686,por_presa,True
Nc=Np*0.8,0.0999755859375,1638,48,1.5495251017639078,3685,3686,por_presa,True
Nc=Np*0.8,0.0999755859375,1638,49,1.585729788388497,3686,3686,por_presa,True
Nc=Np*0.8,0.0999755859375,1638,50,1.574877916440586,3686,3686,por_presa,True
Nc=Np*0.8,0.0999755859375,1638,51,1.5438263229308005,3685,3686,por_presa,True
Nc=Np*0.8,0.0999755859375,1638,52,1.5722041259500543,3684,3686,por_presa,True
Nc=Np*0.8,0.0999755859375,1638,53,1.5712347354138398,3685,3686,por_presa,True
Nc=Np*0.8,0.0999755859375,1638,54,1.5623982637004883,3686,3686,por_presa,True
Nc=Np*0.8,0.0999755859375,1638,55,1.568909386869235,3686,3686,por_presa,True
Nc=Np*0.8,0.0999755859375,1638,56,1.556701030927835,3686,3686,por_presa,True
Nc=Np*0.8,0.0999755859375,1638,57,1.5534454693434618,3686,3686,por_presa,True
Nc=Np*0.8,0.0999755859375,1638,58,1.5895279435702658,3686,3686,por_presa,True
Nc=Np*0.8,0.0999755859375,1638,59,1.5594139989148128,3686,3686,por_presa,True
Nc=Np*0.8,0.0999755859375,1638,60,1.5887140531741726,3686,3686,por_presa,True
Nc=Np*0.8,0.0999755859375,1638,61,1.560227889310906,3686,3686,por_presa,True
Nc=Np*0.8,0.0999755859375,1638,62,1.5723202170963364,3685,3686,por_presa,True
Nc=Np*0.8,0.0999755859375,1638,63,1.5694519804666305,3686,3686,por_presa,True
Nc=Np*0.8,0.0999755859375,1638,64,1.5704206241519674,3685,3686,por_presa,True
Nc=Np*0.8,0.0999755859375,1638,65,1.559023066485753,3685,3686,por_presa,True
Nc=Np*0.8,0.0999755859375,1638,66,1.5526315789473684,3686,3686,por_presa,True
Nc=Np*0.8,0.0999755859375,1638,67,1.5903908794788273,3684,3686,por_presa,True
Nc=Np*0.8,0.0999755859375,1638,68,1.5843733043950081,3686,3686,por_presa,True
Nc=Np*0.8,0.0999755859375,1638,69,1.5720488466757123,3685,3686,por_presa,True
Nc=Np*0.8,0.0999755859375,1638,70,1.5971242539338035,3686,3686,por_presa,True
Nc=Np*0.8,0.0999755859375,1638,71,1.5781334780249594,3686,3686,por_presa,True
Nc=Np*0.8,0.0999755859375,1638,72,1.5666214382632293,3685,3686,por_presa,True
Nc=Np*0.8,0.0999755859375,1638,73,1.5732501356483994,3686,3686,por_presa,True
Nc=Np*0.8,0.0999755859375,1638,74,1.574877916440586,3686,3686,por_presa,True
Nc=Np*0.8,0.0999755859375,1638,75,1.5586001085187196,3686,3686,por_presa,True
Nc=Np*0.8,0.0999755859375,1638,76,1.5712347354138398,3685,3686,por_presa,True
Nc=Np*0.8,0.0999755859375,1638,77,1.5539880629408573,3686,3686,por_presa,True
Nc=Np*0.8,0.0999755859375,1638,78,1.5746066196418882,3686,3686,por_presa,True
Nc=Np*0.8,0.0999755859375,1638,79,1.5805751492132394,3686,3686,por_presa,True
Nc=Np*0.8,0.0999755859375,1638,80,1.5583288117200218,3686,3686,por_presa,True
Nc=Np*0.8,0.0999755859375,1638,81,1.571351058057515,3686,3686,por_presa,True
Nc=Np*0.8,0.0999755859375,1638,82,1.5747625508819538,3685,3686,por_presa,True
Nc=Np*0.8,0.0999755859375,1638,83,1.5824742268041236,3686,3686,por_presa,True
Nc=Np*0.8,0.0999755859375,1638,84,1.560227889310906,3686,3686,por_presa,True
Nc=Np*0.8,0.0999755859375,1638,85,1.5812754409769336,3685,3686,por_presa,True
Nc=Np*0.8,0.0999755859375,1638,86,1.5782903663500678,3685,3686,por_presa,True
Nc=Np*0.8,0.0999755859375,1638,87,1.578676071622355,3686,3686,por_presa,True
Nc=Np*0.8,0.0999755859375,1638,88,1.5746066196418882,3686,3686,por_presa,True
Nc=Np*0.8,0.0999755859375,1638,89,1.5680954964731417,3686,3686,por_presa,True
Nc=Np*0.8,0.0999755859375,1638,90,1.5789473684210527,3686,3686,por_presa,True
Nc=Np*0.8,0.0999755859375,1638,91,1.5694519804666305,3686,3686,por_presa,True
Nc=Np*0.8,0.0999755859375,1638,92,1.5805751492132394,3686,3686,por_presa,True
Nc=Np*0.8,0.0999755859375,1638,93,1.5723202170963364,3685,3686,por_presa,True
Nc=Np*0.8,0.0999755859375,1638,94,1.5550732501356483,3686,3686,por_presa,True
Nc=Np*0.8,0.0999755859375,1638,95,1.5629750271444083,3684,3686,por_presa,True
Nc=Np*0.8,0.0999755859375,1638,96,1.5613130765056973,3686,3686,por_presa,True
Nc=Np*0.8,0.0999755859375,1638,97,1.5599565925122083,3686,3686,por_presa,True
Nc=Np*0.8,0.0999755859375,1638,98,1.5959294436906377,3685,3686,por_presa,True
Nc=Np*0.8,0.0999755859375,1638,99,1.556701030927835,3686,3686,por_presa,True
Nc=Np*0.8,0.199951171875,3276,0,1.6764525993883792,3270,3277,por_presa,True
Nc=Np*0.8,0.199951171875,3276,1,1.712671755725191,3275,3277,por_presa,True
Nc=Np*0.8,0.199951171875,3276,2,1.6827480916030535,3275,3277,por_presa,True
Nc=Np*0.8,0.199951171875,3276,3,1.69550596147967,3271,3277,por_presa,True
Nc=Np*0.8,0.199951171875,3276,4,1.6968215158924205,3272,3277,por_presa,True
Nc=Np*0.8,0.199951171875,3276,5,1.6938837920489296,3270,3277,por_presa,True
Nc=Np*0.8,0.199951171875,3276,6,1.6879019908116386,3265,3277,por_presa,True
Nc=Np*0.8,0.199951171875,3276,7,1.6913429183236464,3269,3277,por_presa,True
Nc=Np*0.8,0.199951171875,3276,8,1.7,3270,3277,por_presa,True
Nc=Np*0.8,0.199951171875,3276,9,1.7124502906087489,3269,3277,por_presa,True
Nc=Np*0.8,0.199951171875,3276,10,1.6671760391198045,3272,3277,por_presa,True
Nc=Np*0.8,0.199951171875,3276,11,1.6954795357361025,3274,3277,por_presa,True
Nc=Np*0.8,0.199951171875,3276,12,1.7003058103975535,3270,3277,por_presa,True
Nc=Np*0.8,0.199951171875,3276,13,1.6803303762618538,3269,3277,por_presa,True
Nc=Np*0.8,0.199951171875,3276,14,1.6708435207823962,3272,3277,por_presa,True
Nc=Np*0.8,0.199951171875,3276,15,1.7076828895010714,3267,3277,por_presa,True
Nc=Np*0.8,0.199951171875,3276,16,1.6781784841075795,3272,3277,por_presa,True
Nc=Np*0.8,0.199951171875,3276,17,1.698257413634974,3271,3277,por_presa,True
Nc=Np*0.8,0.199951171875,3276,18,1.699388379204893,3270,3277,por_presa,True
Nc=Np*0.8,0.199951171875,3276,19,1.7022317334148578,3271,3277,por_presa,True
Nc=Np*0.8,0.199951171875,3276,20,1.7074289208193214,3271,3277,por_presa,True
Nc=Np*0.8,0.199951171875,3276,21,1.7138489758483644,3271,3277,por_presa,True
Nc=Np*0.8,0.199951171875,3276,22,1.691743119266055,3270,3277,por_presa,True
Nc=Np*0.8,0.199951171875,3276,23,1.6565749235474005,3270,3277,por_presa,True
Nc=Np*0.8,0.199951171875,3276,24,1.7171655467318265,3274,3277,por_presa,True
Nc=Np*0.8,0.199951171875,3276,25,1.702876376988984,3268,3277,por_presa,True
Nc=Np*0.8,0.199951171875,3276,26,1.6849189354542673,3269,3277,por_presa,True
Nc=Np*0.8,0.199951171875,3276,27,1.7070336391437309,3270,3277,por_presa,True
Nc=Np*0.8,0.199951171875,3276,28,1.7041908840624045,3269,3277,por_presa,True
Nc=Np*0.8,0.199951171875,3276,29,1.690920207887496,3271,3277,por_presa,True
Nc=Np*0.8,0.199951171875,3276,30,1.7166004280036686,3271,3277,por_presa,True
Nc=Np*0.8,0.199951171875,3276,31,1.6829715683277284,3271,3277,por_presa,True
Nc=Np*0.8,0.199951171875,3276,32,1.6862205927283838,3273,3277,por_presa,True
Nc=Np*0.8,0.199951171875,3276,33,1.7208307880268785,3274,3277,por_presa,True
Nc=Np*0.8,0.199951171875,3276,34,1.6988062442607896,3267,3277,por_presa,True
Nc=Np*0.8,0.199951171875,3276,35,1.6692119731215638,3274,3277,por_presa,True
Nc=Np*0.8,0.199951171875,3276,36,1.7241590214067277,3270,3277,por_presa,True
Nc=Np*0.8,0.199951171875,3276,37,1.7230722154222766,3268,3277,por_presa,True
Nc=Np*0.8,0.199951171875,3276,38,1.6662591687041566,3272,3277,por_presa,True
Nc=Np*0.8,0.199951171875,3276,39,1.6973402629165393,3271,3277,por_presa,True
Nc=Np*0.8,0.199951171875,3276,40,1.691225924793641,3271,3277,por_presa,True
Nc=Np*0.8,0.199951171875,3276,41,1.6893916233567716,3271,3277,por_presa,True
Nc=Np*0.8,0.199951171875,3276,42,1.677172582619339,3268,3277,por_presa,True
Nc=Np*0.8,0.199951171875,3276,43,1.6951070336391438,3270,3277,por_presa,True
Nc=Np*0.8,0.199951171875,3276,44,1.6660550458715597,3270,3277,por_presa,True
Nc=Np*0.8,0.199951171875,3276,45,1.6992044063647491,3268,3277,por_presa,True
Nc=Np*0.8,0.199951171875,3276,46,1.6996325780771586,3266,3277,por_presa,True
Nc=Np*0.8,0.199951171875,3276,47,1.7126261082237848,3271,3277,por_presa,True
Nc=Np*0.8,0.199951171875,3276,48,1.6874617737003057,3270,3277,por_presa,True
Nc=Np*0.8,0.199951171875,3276,49,1.7185298621745788,3265,3277,por_presa,True
Nc=Np*0.8,0.199951171875,3276,50,1.6981940618304254,3267,3277,por_presa,True
Nc=Np*0.8,0.199951171875,3276,51,1.673388328750382,3273,3277,por_presa,True
Nc=Np*0.8,0.199951171875,3276,52,1.6938837920489296,3270,3277,por_presa,True
Nc=Np*0.8,0.199951171875,3276,53,1.693390452876377,3268,3277,por_presa,True
Nc=Np*0.8,0.199951171875,3276,54,1.69256653410829,3269,3277,por_presa,True
Nc=Np*0.8,0.199951171875,3276,55,1.6960244648318044,3270,3277,por_presa,True
Nc=Np*0.8,0.199951171875,3276,56,1.714329361442102,3273,3277,por_presa,True
Nc=Np*0.8,0.199951171875,3276,57,1.7327823691460056,3267,3277,por_presa,True
Nc=Np*0.8,0.199951171875,3276,58,1.7255501222493888,3272,3277,por_presa,True
Nc=Np*0.8,0.199951171875,3276,59,1.7217470983506413,3274,3277,por_presa,True
Nc=Np*0.8,0.199951171875,3276,60,1.688875305623472,3272,3277,por_presa,True
Nc=Np*0.8,0.199951171875,3276,61,1.6806234718826405,3272,3277,por_presa,True
Nc=Np*0.8,0.199951171875,3276,62,1.6820544176092938,3271,3277,por_presa,True
Nc=Np*0.8,0.199951171875,3276,63,1.6781890486387274,3269,3277,por_presa,True
Nc=Np*0.8,0.199951171875,3276,64,1.7010088657902782,3271,3277,por_presa,True
Nc=Np*0.8,0.199951171875,3276,65,1.7169522643818849,3268,3277,por_presa,True
Nc=Np*0.8,0.199951171875,3276,66,1.6674809160305344,3275,3277,por_presa,True
Nc=Np*0.8,0.199951171875,3276,67,1.6959314775160599,3269,3277,por_presa,True
Nc=Np*0.8,0.199951171875,3276,68,1.6987473266116713,3273,3277,por_presa,True
Nc=Np*0.8,0.199951171875,3276,69,1.7031823745410037,3268,3277,por_presa,True
Nc=Np*0.8,0.199951171875,3276,70,1.7391569945021381,3274,3277,por_presa,True
Nc=Np*0.8,0.199951171875,3276,71,1.6653410828999695,3269,3277,por_presa,True
Nc=Np*0.8,0.199951171875,3276,72,1.6636057545148455,3267,3277,por_presa,True
Nc=Np*0.8,0.199951171875,3276,73,1.7173047473200613,3265,3277,por_presa,True
Nc=Np*0.8,0.199951171875,3276,74,1.6779816513761467,3270,3277,por_presa,True
Nc=Np*0.8,0.199951171875,3276,75,1.694775435380385,3273,3277,por_presa,True
Nc=Np*0.8,0.199951171875,3276,76,1.6643249847281614,3274,3277,por_presa,True
Nc=Np*0.8,0.199951171875,3276,77,1.6833740831295843,3272,3277,por_presa,True
Nc=Np*0.8,0.199951171875,3276,78,1.6736938588450962,3273,3277,por_presa,True
Nc=Np*0.8,0.199951171875,3276,79,1.691225924793641,3271,3277,por_presa,True
Nc=Np*0.8,0.199951171875,3276,80,1.6973402629165393,3271,3277,por_presa,True
Nc=Np*0.8,0.199951171875,3276,81,1.6904470300061236,3266,3277,por_presa,True
Nc=Np*0.8,0.199951171875,3276,82,1.7037377450980393,3264,3277,por_presa,True
Nc=Np*0.8,0.199951171875,3276,83,1.700794621026895,3272,3277,por_presa,True
Nc=Np*0.8,0.199951171875,3276,84,1.7010403916768666,3268,3277,por_presa,True
Nc=Np*0.8,0.199951171875,3276,85,1.7135416666666667,3264,3277,por_presa,True
Nc=Np*0.8,0.199951171875,3276,86,1.6705414499847049,3269,3277,por_presa,True
Nc=Np*0.8,0.199951171875,3276,87,1.6928484107579462,3272,3277,por_presa,True
Nc=Np*0.8,0.199951171875,3276,88,1.6842909535452322,3272,3277,por_presa,True
Nc=Np*0.8,0.199951171875,3276,89,1.6888004895960833,3268,3277,por_presa,True
Nc=Np*0.8,0.199951171875,3276,90,1.696090409285278,3274,3277,por_presa,True
Nc=Np*0.8,0.199951171875,3276,91,1.6723768736616702,3269,3277,por_presa,True
Nc=Np*0.8,0.199951171875,3276,92,1.674411494955671,3271,3277,por_presa,True
Nc=Np*0.8,0.199951171875,3276,93,1.6944019577852554,3269,3277,por_presa,True
Nc=Np*0.8,0.199951171875,3276,94,1.695692025664528,3273,3277,por_presa,True
Nc=Np*0.8,0.199951171875,3276,95,1.6852248394004283,3269,3277,por_presa,True
Nc=Np*0.8,0.199951171875,3276,96,1.7091743119266054,3270,3277,por_presa,True
Nc=Np*0.8,0.199951171875,3276,97,1.7252141982864138,3268,3277,por_presa,True
Nc=Np*0.8,0.199951171875,3276,98,1.6855134474327629,3272,3277,por_presa,True
Nc=Np*0.8,0.199951171875,3276,99,1.691131498470948,3270,3277,por_presa,True
Nc=Np*0.8,0.29998779296875,4915,0,1.8732792093187434,2833,2867,por_presa,True
Nc=Np*0.8,0.29998779296875,4915,1,1.9106638418079096,2832,2867,por_presa,True
Nc=Np*0.8,0.29998779296875,4915,2,1.8758815232722144,2836,2867,por_presa,True
Nc=Np*0.8,0.29998779296875,4915,3,1.892340275326509,2833,2867,por_presa,True
Nc=Np*0.8,0.29998779296875,4915,4,1.8375616631430585,2838,2867,por_presa,True
Nc=Np*0.8,0.29998779296875,4915,5,1.8576487252124645,2824,2867,por_presa,True
Nc=Np*0.8,0.29998779296875,4915,6,1.8718672785033534,2833,2867,por_presa,True
Nc=Np*0.8,0.29998779296875,4915,7,1.8810868031051518,2834,2867,por_presa,True
Nc=Np*0.8,0.29998779296875,4915,8,1.8525980911983033,2829,2867,por_presa,True
Nc=Np*0.8,0.29998779296875,4915,9,1.882726951607206,2831,2867,por_presa,True
Nc=Np*0.8,0.29998779296875,4915,10,1.8480028278543654,2829,2867,por_presa,True
Nc=Np*0.8,0.29998779296875,4915,11,1.893361581920904,2832,2867,por_presa,True
Nc=Np*0.8,0.29998779296875,4915,12,1.8849557522123894,2825,2867,por_presa,True
Nc=Np*0.8,0.29998779296875,4915,13,1.8451499118165784,2835,2867,por_presa,True
Nc=Np*0.8,0.29998779296875,4915,14,1.8718220338983051,2832,2867,por_presa,True
Nc=Np*0.8,0.29998779296875,4915,15,1.8453644727530079,2826,2867,por_presa,True
Nc=Np*0.8,0.29998779296875,4915,16,1.860768417342263,2837,2867,por_presa,True
Nc=Np*0.8,0.29998779296875,4915,17,1.9115670321896003,2827,2867,por_presa,True
Nc=Np*0.8,0.29998779296875,4915,18,1.848816672553868,2831,2867,por_presa,True
Nc=Np*0.8,0.29998779296875,4915,19,1.8773784355179703,2838,2867,por_presa,True
Nc=Np*0.8,0.29998779296875,4915,20,1.8775150017649136,2833,2867,por_presa,True
Nc=Np*0.8,0.29998779296875,4915,21,1.8575982996811902,2823,2867,por_presa,True
Nc=Np*0.8,0.29998779296875,4915,22,1.8629799225079253,2839,2867,por_presa,True
Nc=Np*0.8,0.29998779296875,4915,23,1.8904157857646229,2838,2867,por_presa,True
Nc=Np*0.8,0.29998779296875,4915,24,1.8842477876106194,2825,2867,por_presa,True
Nc=Np*0.8,0.29998779296875,4915,25,1.871858407079646,2825,2867,por_presa,True
Nc=Np*0.8,0.29998779296875,4915,26,1.8831214689265536,2832,2867,por_presa,True
Nc=Np*0.8,0.29998779296875,4915,27,1.873851590106007,2830,2867,por_presa,True
Nc=Np*0.8,0.29998779296875,4915,28,1.8898275255191834,2841,2867,por_presa,True
Nc=Np*0.8,0.29998779296875,4915,29,1.8959068454481298,2834,2867,por_presa,True
Nc=Np*0.8,0.29998779296875,4915,30,1.9165192783869827,2827,2867,por_presa,True
Nc=Np*0.8,0.29998779296875,4915,31,1.855528081949841,2831,2867,por_presa,True
Nc=Np*0.8,0.29998779296875,4915,32,1.8470215015861826,2837,2867,por_presa,True
Nc=Np*0.8,0.29998779296875,4915,33,1.8870396600566572,2824,2867,por_presa,True
Nc=Np*0.8,0.29998779296875,4915,34,1.8731053930207966,2837,2867,por_presa,True
Nc=Np*0.8,0.29998779296875,4915,35,1.8643588837866478,2831,2867,por_presa,True
Nc=Np*0.8,0.29998779296875,4915,36,1.8092383638928067,2836,2867,por_presa,True
Nc=Np*0.8,0.29998779296875,4915,37,1.8079774091069538,2833,2867,por_presa,True
Nc=Np*0.8,0.29998779296875,4915,38,1.906393500529848,2831,2867,por_presa,True
Nc=Np*0.8,0.29998779296875,4915,39,1.8807760141093475,2835,2867,por_presa,True
Nc=Np*0.8,0.29998779296875,4915,40,1.9004237288135593,2832,2867,por_presa,True
Nc=Np*0.8,0.29998779296875,4915,41,1.8903771589707437,2837,2867,por_presa,True
Nc=Np*0.8,0.29998779296875,4915,42,1.8909734513274337,2825,2867,por_presa,True
Nc=Np*0.8,0.29998779296875,4915,43,1.9025677101653182,2843,2867,por_presa,True
Nc=Np*0.8,0.29998779296875,4915,44,1.861365235749472,2842,2867,por_presa,True
Nc=Np*0.8,0.29998779296875,4915,45,1.8696573648887318,2831,2867,por_presa,True
Nc=Np*0.8,0.29998779296875,4915,46,1.8514467184191954,2834,2867,por_presa,True
Nc=Np*0.8,0.29998779296875,4915,47,1.839802399435427,2834,2867,por_presa,True
Nc=Np*0.8,0.29998779296875,4915,48,1.8734578780401834,2837,2867,por_presa,True
Nc=Np*0.8,0.29998779296875,4915,49,1.8501582835033414,2843,2867,por_presa,True
Nc=Np*0.8,0.29998779296875,4915,50,1.7995058242146136,2833,2867,por_presa,True
Nc=Np*0.8,0.29998779296875,4915,51,1.8826855123674913,2830,2867,por_presa,True
Nc=Np*0.8,0.29998779296875,4915,52,1.8597603946441155,2838,2867,por_presa,True
Nc=Np*0.8,0.29998779296875,4915,53,1.8502994011976048,2839,2867,por_presa,True
Nc=Np*0.8,0.29998779296875,4915,54,1.9186704384724187,2828,2867,por_presa,True
Nc=Np*0.8,0.29998779296875,4915,55,1.876547576936682,2827,2867,por_presa,True
Nc=Np*0.8,0.29998779296875,4915,56,1.9033509700176368,2835,2867,por_presa,True
Nc=Np*0.8,0.29998779296875,4915,57,1.8875968992248062,2838,2867,por_presa,True
Nc=Np*0.8,0.29998779296875,4915,58,1.8648936170212767,2820,2867,por_presa,True
Nc=Np*0.8,0.29998779296875,4915,59,1.896830985915493,2840,2867,por_presa,True
Nc=Np*0.8,0.29998779296875,4915,60,1.8720765414599574,2822,2867,por_presa,True
Nc=Np*0.8,0.29998779296875,4915,61,1.8648076244264031,2833,2867,por_presa,True
Nc=Np*0.8,0.29998779296875,4915,62,1.9094446409621506,2827,2867,por_presa,True
Nc=Np*0.8,0.29998779296875,4915,63,1.8757042253521128,2840,2867,por_presa,True
Nc=Np*0.8,0.29998779296875,4915,64,1.8880649717514124,2832,2867,por_presa,True
Nc=Np*0.8,0.29998779296875,4915,65,1.878691983122363,2844,2867,por_presa,True
Nc=Np*0.8,0.29998779296875,4915,66,1.8422913719943423,2828,2867,por_presa,True
Nc=Np*0.8,0.29998779296875,4915,67,1.8960763520678685,2829,2867,por_presa,True
Nc=Np*0.8,0.29998779296875,4915,68,1.8724004229820232,2837,2867,por_presa,True
Nc=Np*0.8,0.29998779296875,4915,69,1.8630763815557903,2841,2867,por_presa,True
Nc=Np*0.8,0.29998779296875,4915,70,1.807488519957612,2831,2867,por_presa,True
Nc=Np*0.8,0.29998779296875,4915,71,1.8379711165903487,2839,2867,por_presa,True
Nc=Np*0.8,0.29998779296875,4915,72,1.8580508474576272,2832,2867,por_presa,True
Nc=Np*0.8,0.29998779296875,4915,73,1.8900671615411806,2829,2867,por_presa,True
Nc=Np*0.8,0.29998779296875,4915,74,1.8622144112478032,2845,2867,por_presa,True
Nc=Np*0.8,0.29998779296875,4915,75,1.8487839266831159,2837,2867,por_presa,True
Nc=Np*0.8,0.29998779296875,4915,76,1.8355633802816902,2840,2867,por_presa,True
Nc=Np*0.8,0.29998779296875,4915,77,1.8447666195190948,2828,2867,por_presa,True
Nc=Np*0.8,0.29998779296875,4915,78,1.8468848996832101,2841,2867,por_presa,True
Nc=Np*0.8,0.29998779296875,4915,79,1.8596614950634698,2836,2867,por_presa,True
Nc=Np*0.8,0.29998779296875,4915,80,1.8918345705196182,2829,2867,por_presa,True
Nc=Np*0.8,0.29998779296875,4915,81,1.8399718011984492,2837,2867,por_presa,True
Nc=Np*0.8,0.29998779296875,4915,82,1.8673469387755102,2842,2867,por_presa,True
Nc=Np*0.8,0.29998779296875,4915,83,1.8975988700564972,2832,2867,por_presa,True
Nc=Np*0.8,0.29998779296875,4915,84,1.8731501057082451,2838,2867,por_presa,True
Nc=Np*0.8,0.29998779296875,4915,85,1.8320422535211267,2840,2867,por_presa,True
Nc=Np*0.8,0.29998779296875,4915,86,1.8605309734513273,2825,2867,por_presa,True
Nc=Np*0.8,0.29998779296875,4915,87,1.8721299894030379,2831,2867,por_presa,True
Nc=Np*0.8,0.29998779296875,4915,88,1.8823943661971831,2840,2867,por_presa,True
Nc=Np*0.8,0.29998779296875,4915,89,1.9037037037037037,2835,2867,por_presa,True
Nc=Np*0.8,0.29998779296875,4915,90,1.8413089373680507,2842,2867,por_presa,True
Nc=Np*0.8,0.29998779296875,4915,91,1.8629117959617427,2823,2867,por_presa,True
Nc=Np*0.8,0.29998779296875,4915,92,1.8661723163841808,2832,2867,por_presa,True
Nc=Np*0.8,0.29998779296875,4915,93,1.9026111503175724,2834,2867,por_presa,True
Nc=Np*0.8,0.29998779296875,4915,94,1.8529619181946404,2836,2867,por_presa,True
Nc=Np*0.8,0.29998779296875,4915,95,1.9119408242338851,2839,2867,por_presa,True
Nc=Np*0.8,0.29998779296875,4915,96,1.8614840989399293,2830,2867,por_presa,True
Nc=Np*0.8,0.29998779296875,4915,97,1.887005649717514,2832,2867,por_presa,True
Nc=Np*0.8,0.29998779296875,4915,98,1.8462354188759278,2829,2867,por_presa,True
Nc=Np*0.8,0.29998779296875,4915,99,1.937080240367621,2829,2867,por_presa,True
Nc=Np*0.8,0.39996337890625,6553,0,2.076824034334764,2330,2457,por_presa,True
Nc=Np*0.8,0.39996337890625,6553,1,2.1103565365025467,2356,2457,por_presa,True
Nc=Np*0.8,0.39996337890625,6553,2,2.1006423982869378,2335,2457,por_presa,True
Nc=Np*0.8,0.39996337890625,6553,3,2.10456679470764,2343,2457,por_presa,True
Nc=Np*0.8,0.39996337890625,6553,4,2.1006451612903225,2325,2457,por_presa,True
Nc=Np*0.8,0.39996337890625,6553,5,2.011202068074106,2321,2457,por_presa,True
Nc=Np*0.8,0.39996337890625,6553,6,2.080790717662226,2327,2457,por_presa,True
Nc=Np*0.8,0.39996337890625,6553,7,2.153713298791019,2316,2457,por_presa,True
Nc=Np*0.8,0.39996337890625,6553,8,2.058645968089694,2319,2457,por_presa,True
Nc=Np*0.8,0.39996337890625,6553,9,2.0753102267864785,2337,2457,por_presa,True
Nc=Np*0.8,0.39996337890625,6553,10,2.127751402675874,2317,2457,por_presa,True
Nc=Np*0.8,0.39996337890625,6553,11,2.106850495476088,2321,2457,por_presa,True
Nc=Np*0.8,0.39996337890625,6553,12,2.205432937181664,2356,2457,por_presa,True
Nc=Np*0.8,0.39996337890625,6553,13,2.0890792291220555,2335,2457,por_presa,True
Nc=Np*0.8,0.39996337890625,6553,14,2.130752688172043,2325,2457,por_presa,True
Nc=Np*0.8,0.39996337890625,6553,15,2.0715816545220744,2333,2457,por_presa,True
Nc=Np*0.8,0.39996337890625,6553,16,2.0901287553648067,2330,2457,por_presa,True
Nc=Np*0.8,0.39996337890625,6553,17,2.1450577663671373,2337,2457,por_presa,True
Nc=Np*0.8,0.39996337890625,6553,18,2.104725415070243,2349,2457,por_presa,True
Nc=Np*0.8,0.39996337890625,6553,19,2.0841520717642035,2341,2457,por_presa,True
Nc=Np*0.8,0.39996337890625,6553,20,2.110823630875377,2319,2457,por_presa,True
Nc=Np*0.8,0.39996337890625,6553,21,2.0988869863013697,2336,2457,por_presa,True
Nc=Np*0.8,0.39996337890625,6553,22,2.086715079026057,2341,2457,por_presa,True
Nc=Np*0.8,0.39996337890625,6553,23,1.980232058444349,2327,2457,por_presa,True
Nc=Np*0.8,0.39996337890625,6553,24,2.1558608844997855,2329,2457,por_presa,True
Nc=Np*0.8,0.39996337890625,6553,25,2.1267241379310344,2320,2457,por_presa,True
Nc=Np*0.8,0.39996337890625,6553,26,2.1144578313253013,2324,2457,por_presa,True
Nc=Np*0.8,0.39996337890625,6553,27,2.0655666521927922,2303,2457,por_presa,True
Nc=Np*0.8,0.39996337890625,6553,28,2.038944180008654,2311,2457,por_presa,True
Nc=Np*0.8,0.39996337890625,6553,29,2.091025641025641,2340,2457,por_presa,True
Nc=Np*0.8,0.39996337890625,6553,30,2.1160409556313993,2344,2457,por_presa,True
Nc=Np*0.8,0.39996337890625,6553,31,2.090909090909091,2321,2457,por_presa,True
Nc=Np*0.8,0.39996337890625,6553,32,2.123222748815166,2321,2457,por_presa,True
Nc=Np*0.8,0.39996337890625,6553,33,2.086095566078347,2323,2457,por_presa,True
Nc=Np*0.8,0.39996337890625,6553,34,2.118256365990505,2317,2457,por_presa,True
Nc=Np*0.8,0.39996337890625,6553,35,2.0788684097728245,2333,2457,por_presa,True
Nc=Np*0.8,0.39996337890625,6553,36,2.025064822817632,2314,2457,por_presa,True
Nc=Np*0.8,0.39996337890625,6553,37,1.9944420692603677,2339,2457,por_presa,True
Nc=Np*0.8,0.39996337890625,6553,38,2.0784648187633263,2345,2457,por_presa,True
Nc=Np*0.8,0.39996337890625,6553,39,2.028436018957346,2321,2457,por_presa,True
Nc=Np*0.8,0.39996337890625,6553,40,2.079623287671233,2336,2457,por_presa,True
Nc=Np*0.8,0.39996337890625,6553,41,2.0584720443875373,2343,2457,por_presa,True
Nc=Np*0.8,0.39996337890625,6553,42,2.064957264957265,2340,2457,por_presa,True
Nc=Np*0.8,0.39996337890625,6553,43,2.1481639624252775,2342,2457,por_presa,True
Nc=Np*0.8,0.39996337890625,6553,44,2.193645341348218,2329,2457,por_presa,True
Nc=Np*0.8,0.39996337890625,6553,45,2.0692438402718776,2354,2457,por_presa,True
Nc=Np*0.8,0.39996337890625,6553,46,2.0364963503649633,2329,2457,por_presa,True
Nc=Np*0.8,0.39996337890625,6553,47,2.083834909716251,2326,2457,por_presa,True
Nc=Np*0.8,0.39996337890625,6553,48,2.069737408523461,2323,2457,por_presa,True
Nc=Np*0.8,0.39996337890625,6553,49,2.081967213114754,2318,2457,por_presa,True
Nc=Np*0.8,0.39996337890625,6553,50,2.093242087254063,2338,2457,por_presa,True
Nc=Np*0.8,0.39996337890625,6553,51,2.0708191126279862,2344,2457,por_presa,True
Nc=Np*0.8,0.39996337890625,6553,52,2.056595744680851,2350,2457,por_presa,True
Nc=Np*0.8,0.39996337890625,6553,53,2.112736660929432,2324,2457,por_presa,True
Nc=Np*0.8,0.39996337890625,6553,54,2.1655913978494623,2325,2457,por_presa,True
Nc=Np*0.8,0.39996337890625,6553,55,2.096760443307758,2346,2457,por_presa,True
Nc=Np*0.8,0.39996337890625,6553,56,2.1040955631399316,2344,2457,por_presa,True
Nc=Np*0.8,0.39996337890625,6553,57,2.044987146529563,2334,2457,por_presa,True
Nc=Np*0.8,0.39996337890625,6553,58,2.100815100815101,2331,2457,por_presa,True
Nc=Np*0.8,0.39996337890625,6553,59,2.102093122597181,2341,2457,por_presa,True
Nc=Np*0.8,0.39996337890625,6553,60,2.0838323353293413,2338,2457,por_presa,True
Nc=Np*0.8,0.39996337890625,6553,61,2.106419646704007,2321,2457,por_presa,True
Nc=Np*0.8,0.39996337890625,6553,62,2.039473684210526,2356,2457,por_presa,True
Nc=Np*0.8,0.39996337890625,6553,63,2.1301369863013697,2336,2457,por_presa,True
Nc=Np*0.8,0.39996337890625,6553,64,1.9918279569892474,2325,2457,por_presa,True
Nc=Np*0.8,0.39996337890625,6553,65,2.1172443303380404,2337,2457,por_presa,True
Nc=Np*0.8,0.39996337890625,6553,66,2.1096359743040685,2335,2457,por_presa,True
Nc=Np*0.8,0.39996337890625,6553,67,2.1073275862068965,2320,2457,por_presa,True
Nc=Np*0.8,0.39996337890625,6553,68,2.0584970111016228,2342,2457,por_presa,True
Nc=Np*0.8,0.39996337890625,6553,69,2.0378006872852232,2328,2457,por_presa,True
Nc=Np*0.8,0.39996337890625,6553,70,2.1320272572402046,2348,2457,por_presa,True
Nc=Np*0.8,0.39996337890625,6553,71,2.12494614390349,2321,2457,por_presa,True
Nc=Np*0.8,0.39996337890625,6553,72,2.12015503875969,2322,2457,por_presa,True
Nc=Np*0.8,0.39996337890625,6553,73,2.086081370449679,2335,2457,por_presa,True
Nc=Np*0.8,0.39996337890625,6553,74,2.065180102915952,2332,2457,por_presa,True
Nc=Np*0.8,0.39996337890625,6553,75,2.1334763948497852,2330,2457,por_presa,True
Nc=Np*0.8,0.39996337890625,6553,76,2.0548236294092646,2353,2457,por_presa,True
Nc=Np*0.8,0.39996337890625,6553,77,2.0899698665518724,2323,2457,por_presa,True
Nc=Np*0.8,0.39996337890625,6553,78,2.068581225889413,2333,2457,por_presa,True
Nc=Np*0.8,0.39996337890625,6553,79,2.12087441063009,2333,2457,por_presa,True
Nc=Np*0.8,0.39996337890625,6553,80,2.0623119896862914,2327,2457,por_presa,True
Nc=Np*0.8,0.39996337890625,6553,81,2.1344178082191783,2336,2457,por_presa,True
Nc=Np*0.8,0.39996337890625,6553,82,2.0665521683125805,2329,2457,por_presa,True
Nc=Np*0.8,0.39996337890625,6553,83,2.098744045041143,2309,2457,por_presa,True
Nc=Np*0.8,0.39996337890625,6553,84,2.1180764276513524,2329,2457,por_presa,True
Nc=Np*0.8,0.39996337890625,6553,85,2.1053310404127257,2326,2457,por_presa,True
Nc=Np*0.8,0.39996337890625,6553,86,2.102067183462532,2322,2457,por_presa,True
Nc=Np*0.8,0.39996337890625,6553,87,2.0913379073756433,2332,2457,por_presa,True
Nc=Np*0.8,0.39996337890625,6553,88,2.0952380952380953,2310,2457,por_presa,True
Nc=Np*0.8,0.39996337890625,6553,89,2.0521776627856836,2319,2457,por_presa,True
Nc=Np*0.8,0.39996337890625,6553,90,2.0821566110397947,2337,2457,por_presa,True
Nc=Np*0.8,0.39996337890625,6553,91,2.1374570446735395,2328,2457,por_presa,True
Nc=Np*0.8,0.39996337890625,6553,92,2.0992756710694502,2347,2457,por_presa,True
Nc=Np*0.8,0.39996337890625,6553,93,2.1166666666666667,2340,2457,por_presa,True
Nc=Np*0.8,0.39996337890625,6553,94,2.124946695095949,2345,2457,por_presa,True
Nc=Np*0.8,0.39996337890625,6553,95,2.1449957228400343,2338,2457,por_presa,True
Nc=Np*0.8,0.39996337890625,6553,96,2.102180418982471,2339,2457,por_presa,True
Nc=Np*0.8,0.39996337890625,6553,97,2.1761412575366066,2322,2457,por_presa,True
Nc=Np*0.8,0.39996337890625,6553,98,2.1685248713550602,2332,2457,por_presa,True
Nc=Np*0.8,0.39996337890625,6553,99,2.1323654995730146,2342,2457,por_presa,True
Nc=Np*0.8,0.5,8192,0,2.167065868263473,1670,2048,por_presa,True
Nc=Np*0.8,0.5,8192,1,2.323342939481268,1735,2048,por_presa,True
Nc=Np*0.8,0.5,8192,2,2.228211009174312,1744,2048,por_presa,True
Nc=Np*0.8,0.5,8192,3,2.27262044653349,1702,2048,por_presa,True
Nc=Np*0.8,0.5,8192,4,2.23289246693502,1739,2048,por_presa,True
Nc=Np*0.8,0.5,8192,5,2.297156123041207,1723,2048,por_presa,True
Nc=Np*0.8,0.5,8192,6,2.222794959908362,1746,2048,por_presa,True
Nc=Np*0.8,0.5,8192,7,2.2586805555555554,1728,2048,por_presa,True
Nc=Np*0.8,0.5,8192,8,2.3511586452762923,1683,2048,por_presa,True
Nc=Np*0.8,0.5,8192,9,2.2631884057971012,1725,2048,por_presa,True
Nc=Np*0.8,0.5,8192,10,2.1809744779582365,1724,2048,por_presa,True
Nc=Np*0.8,0.5,8192,11,2.279789719626168,1712,2048,por_presa,True
Nc=Np*0.8,0.5,8192,12,2.169070975187536,1733,2048,por_presa,True
Nc=Np*0.8,0.5,8192,13,2.2476905311778292,1732,2048,por_presa,True
Nc=Np*0.8,0.5,8192,14,2.2551963048498846,1732,2048,por_presa,True
Nc=Np*0.8,0.5,8192,15,2.147531572904707,1742,2048,por_presa,True
Nc=Np*0.8,0.5,8192,16,2.329824561403509,1710,2048,por_presa,True
Nc=Np*0.8,0.5,8192,17,2.345486111111111,1728,2048,por_presa,True
Nc=Np*0.8,0.5,8192,18,2.3039906103286385,1704,2048,por_presa,True
Nc=Np*0.8,0.5,8192,19,2.290960451977401,1770,2048,por_presa,True
Nc=Np*0.8,0.5,8192,20,2.282758620689655,1740,2048,por_presa,True
Nc=Np*0.8,0.5,8192,21,2.29851598173516,1752,2048,por_presa,True
Nc=Np*0.8,0.5,8192,22,2.21432664756447,1745,2048,por_presa,True
Nc=Np*0.8,0.5,8192,23,2.300794551645857,1762,2048,por_presa,True
Nc=Np*0.8,0.5,8192,24,2.3250737463126843,1695,2048,por_presa,True
Nc=Np*0.8,0.5,8192,25,2.3057025279247503,1701,2048,por_presa,True
Nc=Np*0.8,0.5,8192,26,2.3091872791519434,1698,2048,por_presa,True
Nc=Np*0.8,0.5,8192,27,2.162037037037037,1728,2048,por_presa,True
Nc=Np*0.8,0.5,8192,28,2.3163972286374133,1732,2048,por_presa,True
Nc=Np*0.8,0.5,8192,29,2.2709302325581397,1720,2048,por_presa,True
Nc=Np*0.8,0.5,8192,30,2.3254608294930876,1736,2048,por_presa,True
Nc=Np*0.8,0.5,8192,31,2.2255244755244754,1716,2048,por_presa,True
Nc=Np*0.8,0.5,8192,32,2.1946072684642437,1706,2048,por_presa,True
Nc=Np*0.8,0.5,8192,33,2.250291715285881,1714,2048,por_presa,True
Nc=Np*0.8,0.5,8192,34,2.1792009400705052,1702,2048,por_presa,True
Nc=Np*0.8,0.5,8192,35,2.31199538638985,1734,2048,por_presa,True
Nc=Np*0.8,0.5,8192,36,2.2783861671469743,1735,2048,por_presa,True
Nc=Np*0.8,0.5,8192,37,2.3810344827586207,1740,2048,por_presa,True
Nc=Np*0.8,0.5,8192,38,2.218569780853518,1734,2048,por_presa,True
Nc=Np*0.8,0.5,8192,39,2.288165680473373,1690,2048,por_presa,True
Nc=Np*0.8,0.5,8192,40,2.2819634703196345,1752,2048,por_presa,True
Nc=Np*0.8,0.5,8192,41,2.235854675402025,1679,2048,por_presa,True
Nc=Np*0.8,0.5,8192,42,2.2416953035509737,1746,2048,por_presa,True
Nc=Np*0.8,0.5,8192,43,2.1449444769140853,1711,2048,por_presa,True
Nc=Np*0.8,0.5,8192,44,2.297723292469352,1713,2048,por_presa,True
Nc=Np*0.8,0.5,8192,45,2.2204270051933066,1733,2048,por_presa,True
Nc=Np*0.8,0.5,8192,46,2.226470588235294,1700,2048,por_presa,True
Nc=Np*0.8,0.5,8192,47,2.2024221453287196,1734,2048,por_presa,True
Nc=Np*0.8,0.5,8192,48,2.1792343387471,1724,2048,por_presa,True
Nc=Np*0.8,0.5,8192,49,2.2498570611778157,1749,2048,por_presa,True
Nc=Np*0.8,0.5,8192,50,2.2940835266821344,1724,2048,por_presa,True
Nc=Np*0.8,0.5,8192,51,2.272938443670151,1722,2048,por_presa,True
Nc=Np*0.8,0.5,8192,52,2.293409742120344,1745,2048,por_presa,True
Nc=Np*0.8,0.5,8192,53,2.1760932944606415,1715,2048,por_presa,True
Nc=Np*0.8,0.5,8192,54,2.239884393063584,1730,2048,por_presa,True
Nc=Np*0.8,0.5,8192,55,2.3100686498855834,1748,2048,por_presa,True
Nc=Np*0.8,0.5,8192,56,2.2347472399767576,1721,2048,por_presa,True
Nc=Np*0.8,0.5,8192,57,2.2695402298850573,1740,2048,por_presa,True
Nc=Np*0.8,0.5,8192,58,2.1777389277389276,1716,2048,por_presa,True
Nc=Np*0.8,0.5,8192,59,2.2566686425607587,1687,2048,por_presa,True
Nc=Np*0.8,0.5,8192,60,2.403225806451613,1736,2048,por_presa,True
Nc=Np*0.8,0.5,8192,61,2.1380331753554502,1688,2048,por_presa,True
Nc=Np*0.8,0.5,8192,62,2.251451800232288,1722,2048,por_presa,True
Nc=Np*0.8,0.5,8192,63,2.1524741081703107,1738,2048,por_presa,True
Nc=Np*0.8,0.5,8192,64,2.2937720329024676,1702,2048,por_presa,True
Nc=Np*0.8,0.5,8192,65,2.348161328588375,1686,2048,por_presa,True
Nc=Np*0.8,0.5,8192,66,2.279670975323149,1702,2048,por_presa,True
Nc=Np*0.8,0.5,8192,67,2.2114512471655328,1764,2048,por_presa,True
Nc=Np*0.8,0.5,8192,68,2.2866132723112127,1748,2048,por_presa,True
Nc=Np*0.8,0.5,8192,69,2.192671394799054,1692,2048,por_presa,True
Nc=Np*0.8,0.5,8192,70,2.248995983935743,1743,2048,por_presa,True
Nc=Np*0.8,0.5,8192,71,2.2108362779740873,1698,2048,por_presa,True
Nc=Np*0.8,0.5,8192,72,2.24465008675535,1729,2048,por_presa,True
Nc=Np*0.8,0.5,8192,73,2.2849770642201834,1744,2048,por_presa,True
Nc=Np*0.8,0.5,8192,74,2.2924693520140105,1713,2048,por_presa,True
Nc=Np*0.8,0.5,8192,75,2.1666666666666665,1704,2048,por_presa,True
Nc=Np*0.8,0.5,8192,76,2.3120608899297426,1708,2048,por_presa,True
Nc=Np*0.8,0.5,8192,77,2.276098117512835,1753,2048,por_presa,True
Nc=Np*0.8,0.5,8192,78,2.256203115983843,1733,2048,por_presa,True
Nc=Np*0.8,0.5,8192,79,2.3215102974828374,1748,2048,por_presa,True
Nc=Np*0.8,0.5,8192,80,2.203802733214498,1683,2048,por_presa,True
Nc=Np*0.8,0.5,8192,81,2.2743259085580303,1706,2048,por_presa,True
Nc=Np*0.8,0.5,8192,82,2.2228163992869874,1683,2048,por_presa,True
Nc=Np*0.8,0.5,8192,83,2.303622771707878,1739,2048,por_presa,True
Nc=Np*0.8,0.5,8192,84,2.3179156908665104,1708,2048,por_presa,True
Nc=Np*0.8,0.5,8192,85,2.264340626848019,1691,2048,por_presa,True
Nc=Np*0.8,0.5,8192,86,2.2253521126760565,1704,2048,por_presa,True
Nc=Np*0.8,0.5,8192,87,2.2765830346475506,1674,2048,por_presa,True
Nc=Np*0.8,0.5,8192,88,2.3418512208972175,1761,2048,por_presa,True
Nc=Np*0.8,0.5,8192,89,2.300351288056206,1708,2048,por_presa,True
Nc=Np*0.8,0.5,8192,90,2.344807802639128,1743,2048,por_presa,True
Nc=Np*0.8,0.5,8192,91,2.2294322132097335,1726,2048,por_presa,True
Nc=Np*0.8,0.5,8192,92,2.167249417249417,1716,2048,por_presa,True
Nc=Np*0.8,0.5,8192,93,2.2742415229030337,1681,2048,por_presa,True
Nc=Np*0.8,0.5,8192,94,2.1746122917863295,1741,2048,por_presa,True
Nc=Np*0.8,0.5,8192,95,2.2974868497954413,1711,2048,por_presa,True
Nc=Np*0.8,0.5,8192,96,2.1864306784660767,1695,2048,por_presa,True
Nc=Np*0.8,0.5,8192,97,2.3656588705077013,1753,2048,por_presa,True
Nc=Np*0.8,0.5,8192,98,2.3408705483323913,1769,2048,por_presa,True
Nc=Np*0.8,0.5,8192,99,2.2815076560659597,1698,2048,por_presa,True
Nc=Np*0.8,0.5999755859375,9830,0,2.186471663619744,1094,1638,por_presa,True
Nc=Np*0.8,0.5999755859375,9830,1,2.3137962128043283,1109,1638,por_presa,True
Nc=Np*0.8,0.5999755859375,9830,2,2.115727002967359,1011,1638,por_presa,True
Nc=Np*0.8,0.5999755859375,9830,3,2.1899907321594068,1079,1638,por_presa,True
Nc=Np*0.8,0.5999755859375,9830,4,2.2124444444444444,1125,1638,por_presa,True
Nc=Np*0.8,0.5999755859375,9830,5,2.1940700808625335,1113,1638,por_presa,True
Nc=Np*0.8,0.5999755859375,9830,6,2.1948529411764706,1088,1638,por_presa,True
Nc=Np*0.8,0.5999755859375,9830,7,2.1511520737327188,1085,1638,por_presa,True
Nc=Np*0.8,0.5999755859375,9830,8,2.250915750915751,1092,1638,por_presa,True
Nc=Np*0.8,0.5999755859375,9830,9,2.1619318181818183,1056,1638,por_presa,True
Nc=Np*0.8,0.5999755859375,9830,10,2.2293233082706765,1064,1638,por_presa,True
Nc=Np*0.8,0.5999755859375,9830,11,2.1358950328022495,1067,1638,por_presa,True
Nc=Np*0.8,0.5999755859375,9830,12,2.0672985781990523,1055,1638,por_presa,True
Nc=Np*0.8,0.5999755859375,9830,13,2.1209829867674856,1058,1638,por_presa,True
Nc=Np*0.8,0.5999755859375,9830,14,2.1363636363636362,1100,1638,por_presa,True
Nc=Np*0.8,0.5999755859375,9830,15,2.1973180076628354,1044,1638,por_presa,True
Nc=Np*0.8,0.5999755859375,9830,16,2.2,1075,1638,por_presa,True
Nc=Np*0.8,0.5999755859375,9830,17,2.1343283582089554,1072,1638,por_presa,True
Nc=Np*0.8,0.5999755859375,9830,18,2.14804469273743,1074,1638,por_presa,True
Nc=Np*0.8,0.5999755859375,9830,19,2.2781222320637733,1129,1638,por_presa,True
Nc=Np*0.8,0.5999755859375,9830,20,2.142857142857143,1064,1638,por_presa,True
Nc=Np*0.8,0.5999755859375,9830,21,2.2781335773101556,1093,1638,por_presa,True
Nc=Np*0.8,0.5999755859375,9830,22,2.1722272317403064,1109,1638,por_presa,True
Nc=Np*0.8,0.5999755859375,9830,23,2.1297852474323062,1071,1638,por_presa,True
Nc=Np*0.8,0.5999755859375,9830,24,2.1929499072356213,1078,1638,por_presa,True
Nc=Np*0.8,0.5999755859375,9830,25,2.212627669452182,1077,1638,por_presa,True
Nc=Np*0.8,0.5999755859375,9830,26,2.2069297401347447,1039,1638,por_presa,True
Nc=Np*0.8,0.5999755859375,9830,27,2.143,1000,1638,por_presa,True
Nc=Np*0.8,0.5999755859375,9830,28,2.2490601503759398,1064,1638,por_presa,True
Nc=Np*0.8,0.5999755859375,9830,29,2.2744739249771273,1093,1638,por_presa,True
Nc=Np*0.8,0.5999755859375,9830,30,2.2095588235294117,1088,1638,por_presa,True
Nc=Np*0.8,0.5999755859375,9830,31,2.1551219512195123,1025,1638,por_presa,True
Nc=Np*0.8,0.5999755859375,9830,32,2.113259668508287,1086,1638,por_presa,True
Nc=Np*0.8,0.5999755859375,9830,33,2.2131147540983607,1098,1638,por_presa,True
Nc=Np*0.8,0.5999755859375,9830,34,2.284637134778511,1061,1638,por_presa,True
Nc=Np*0.8,0.5999755859375,9830,35,2.0826210826210825,1053,1638,por_presa,True
Nc=Np*0.8,0.5999755859375,9830,36,2.2325800376647833,1062,1638,por_presa,True
Nc=Np*0.8,0.5999755859375,9830,37,2.097132284921369,1081,1638,por_presa,True
Nc=Np*0.8,0.5999755859375,9830,38,2.169459962756052,1074,1638,por_presa,True
Nc=Np*0.8,0.5999755859375,9830,39,2.1346863468634685,1084,1638,por_presa,True
Nc=Np*0.8,0.5999755859375,9830,40,2.1927710843373496,1079,1638,por_presa,True
Nc=Np*0.8,0.5999755859375,9830,41,2.025145067698259,1034,1638,por_presa,True
Nc=Np*0.8,0.5999755859375,9830,42,2.090909090909091,1067,1638,por_presa,True
Nc=Np*0.8,0.5999755859375,9830,43,2.156844106463878,1052,1638,por_presa,True
Nc=Np*0.8,0.5999755859375,9830,44,2.109004739336493,1055,1638,por_presa,True
Nc=Np*0.8,0.5999755859375,9830,45,2.2414104882459314,1106,1638,por_presa,True
Nc=Np*0.8,0.5999755859375,9830,46,2.2389635316698655,1042,1638,por_presa,True
Nc=Np*0.8,0.5999755859375,9830,47,2.1728515625,1024,1638,por_presa,True
Nc=Np*0.8,0.5999755859375,9830,48,2.1901608325449384,1057,1638,por_presa,True
Nc=Np*0.8,0.5999755859375,9830,49,2.136576239476146,1069,1638,por_presa,True
Nc=Np*0.8,0.5999755859375,9830,50,2.101825168107589,1041,1638,por_presa,True
Nc=Np*0.8,0.5999755859375,9830,51,2.1070038910505837,1028,1638,por_presa,True
Nc=Np*0.8,0.5999755859375,9830,52,2.2511984659635664,1043,1638,por_presa,True
Nc=Np*0.8,0.5999755859375,9830,53,2.116964285714286,1120,1638,por_presa,True
Nc=Np*0.8,0.5999755859375,9830,54,2.2557497700091997,1087,1638,por_presa,True
Nc=Np*0.8,0.5999755859375,9830,55,2.167315175097276,1028,1638,por_presa,True
Nc=Np*0.8,0.5999755859375,9830,56,2.108549471661864,1041,1638,por_presa,True
Nc=Np*0.8,0.5999755859375,9830,57,2.109375,1088,1638,por_presa,True
Nc=Np*0.8,0.5999755859375,9830,58,2.074001947419669,1027,1638,por_presa,True
Nc=Np*0.8,0.5999755859375,9830,59,2.273401297497683,1079,1638,por_presa,True
Nc=Np*0.8,0.5999755859375,9830,60,2.0595121951219513,1025,1638,por_presa,True
Nc=Np*0.8,0.5999755859375,9830,61,2.119514472455649,1071,1638,por_presa,True
Nc=Np*0.8,0.5999755859375,9830,62,2.1183098591549294,1065,1638,por_presa,True
Nc=Np*0.8,0.5999755859375,9830,63,2.1469465648854964,1048,1638,por_presa,True
Nc=Np*0.8,0.5999755859375,9830,64,2.257088846880907,1058,1638,por_presa,True
Nc=Np*0.8,0.5999755859375,9830,65,2.149532710280374,1070,1638,por_presa,True
Nc=Np*0.8,0.5999755859375,9830,66,2.168807339449541,1090,1638,por_presa,True
Nc=Np*0.8,0.5999755859375,9830,67,2.2083333333333335,1056,1638,por_presa,True
Nc=Np*0.8,0.5999755859375,9830,68,2.1185185185185187,1080,1638,por_presa,True
Nc=Np*0.8,0.5999755859375,9830,69,2.182247403210576,1059,1638,por_presa,True
Nc=Np*0.8,0.5999755859375,9830,70,2.2196261682242993,1070,1638,por_presa,True
Nc=Np*0.8,0.5999755859375,9830,71,2.1741996233521657,1062,1638,por_presa,True
Nc=Np*0.8,0.5999755859375,9830,72,2.1364503816793894,1048,1638,por_presa,True
Nc=Np*0.8,0.5999755859375,9830,73,2.1298076923076925,1040,1638,por_presa,True
Nc=Np*0.8,0.5999755859375,9830,74,2.146455223880597,1072,1638,por_presa,True
Nc=Np*0.8,0.5999755859375,9830,75,2.1504102096627165,1097,1638,por_presa,True
Nc=Np*0.8,0.5999755859375,9830,76,2.274787535410765,1059,1638,por_presa,True
Nc=Np*0.8,0.5999755859375,9830,77,2.2063492063492065,1071,1638,por_presa,True
Nc=Np*0.8,0.5999755859375,9830,78,2.222018348623853,1090,1638,por_presa,True
Nc=Np*0.8,0.5999755859375,9830,79,2.1797540208136237,1057,1638,por_presa,True
Nc=Np*0.8,0.5999755859375,9830,80,2.219084712755599,1027,1638,por_presa,True
Nc=Np*0.8,0.5999755859375,9830,81,2.08203125,1024,1638,por_presa,True
Nc=Np*0.8,0.5999755859375,9830,82,2.140151515151515,1056,1638,por_presa,True
Nc=Np*0.8,0.5999755859375,9830,83,2.181395348837209,1075,1638,por_presa,True
Nc=Np*0.8,0.5999755859375,9830,84,2.1878402903811254,1102,1638,por_presa,True
Nc=Np*0.8,0.5999755859375,9830,85,2.1792975970425137,1082,1638,por_presa,True
Nc=Np*0.8,0.5999755859375,9830,86,2.137799043062201,1045,1638,por_presa,True
Nc=Np*0.8,0.5999755859375,9830,87,2.169187145557656,1058,1638,por_presa,True
Nc=Np*0.8,0.5999755859375,9830,88,2.1699530516431924,1065,1638,por_presa,True
Nc=Np*0.8,0.5999755859375,9830,89,2.1453831041257367,1018,1638,por_presa,True
Nc=Np*0.8,0.5999755859375,9830,90,2.180780209324453,1051,1638,por_presa,True
Nc=Np*0.8,0.5999755859375,9830,91,2.110344827586207,1015,1638,por_presa,True
Nc=Np*0.8,0.5999755859375,9830,92,2.128502415458937,1035,1638,por_presa,True
Nc=Np*0.8,0.5999755859375,9830,93,2.1522793404461686,1031,1638,por_presa,True
Nc=Np*0.8,0.5999755859375,9830,94,2.1377694470477975,1067,1638,por_presa,True
Nc=Np*0.8,0.5999755859375,9830,95,2.15607476635514,1070,1638,por_presa,True
Nc=Np*0.8,0.5999755859375,9830,96,2.256704980842912,1044,1638,por_presa,True
Nc=Np*0.8,0.5999755859375,9830,97,2.182755388940956,1067,1638,por_presa,True
Nc=Np*0.8,0.5999755859375,9830,98,2.1735849056603773,1060,1638,por_presa,True
Nc=Np*0.8,0.5999755859375,9830,99,2.078139534883721,1075,1638,por_presa,True
Nc=Np*0.8,0.699951171875,11468,0,1.9298245614035088,513,1229,por_presa,True
Nc=Np*0.8,0.699951171875,11468,1,1.9661319073083778,561,1229,por_presa,True
Nc=Np*0.8,0.699951171875,11468,2,1.9046762589928057,556,1229,por_presa,True
Nc=Np*0.8,0.699951171875,11468,3,1.8447937131630647,509,1229,por_presa,True
Nc=Np*0.8,0.699951171875,11468,4,1.9350649350649352,539,1229,por_presa,True
Nc=Np*0.8,0.699951171875,11468,5,1.8568807339449542,545,1229,por_presa,True
Nc=Np*0.8,0.699951171875,11468,6,1.882462686567164,536,1229,por_presa,True
Nc=Np*0.8,0.699951171875,11468,7,1.930232558139535,516,1229,por_presa,True
Nc=Np*0.8,0.699951171875,11468,8,1.9455645161290323,496,1229,por_presa,True
Nc=Np*0.8,0.699951171875,11468,9,1.9551656920077973,513,1229,por_presa,True
Nc=Np*0.8,0.699951171875,11468,10,1.9027777777777777,504,1229,por_presa,True
Nc=Np*0.8,0.699951171875,11468,11,1.9336823734729494,573,1229,por_presa,True
Nc=Np*0.8,0.699951171875,11468,12,1.8462929475587704,553,1229,por_presa,True
Nc=Np*0.8,0.699951171875,11468,13,1.8596153846153847,520,1229,por_presa,True
Nc=Np*0.8,0.699951171875,11468,14,1.862962962962963,540,1229,por_presa,True
Nc=Np*0.8,0.699951171875,11468,15,1.9536178107606679,539,1229,por_presa,True
Nc=Np*0.8,0.699951171875,11468,16,1.9224806201550388,516,1229,por_presa,True
Nc=Np*0.8,0.699951171875,11468,17,1.900763358778626,524,1229,por_presa,True
Nc=Np*0.8,0.699951171875,11468,18,1.9612546125461254,542,1229,por_presa,True
Nc=Np*0.8,0.699951171875,11468,19,1.9018181818181819,550,1229,por_presa,True
Nc=Np*0.8,0.699951171875,11468,20,2.0,537,1229,por_presa,True
Nc=Np*0.8,0.699951171875,11468,21,1.9264990328820115,517,1229,por_presa,True
Nc=Np*0.8,0.699951171875,11468,22,1.8847517730496455,564,1229,por_presa,True
Nc=Np*0.8,0.699951171875,11468,23,1.8074766355140186,535,1229,por_presa,True
Nc=Np*0.8,0.699951171875,11468,24,1.7771739130434783,552,1229,por_presa,True
Nc=Np*0.8,0.699951171875,11468,25,1.8403669724770642,545,1229,por_presa,True
Nc=Np*0.8,0.699951171875,11468,26,1.9247104247104247,518,1229,por_presa,True
Nc=Np*0.8,0.699951171875,11468,27,1.9242424242424243,528,1229,por_presa,True
Nc=Np*0.8,0.699951171875,11468,28,1.7684630738522955,501,1229,por_presa,True
Nc=Np*0.8,0.699951171875,11468,29,1.8743068391866913,541,1229,por_presa,True
Nc=Np*0.8,0.699951171875,11468,30,1.848030018761726,533,1229,por_presa,True
Nc=Np*0.8,0.699951171875,11468,31,1.947080291970803,548,1229,por_presa,True
Nc=Np*0.8,0.699951171875,11468,32,1.8606701940035273,567,1229,por_presa,True
Nc=Np*0.8,0.699951171875,11468,33,1.8018181818181818,550,1229,por_presa,True
Nc=Np*0.8,0.699951171875,11468,34,1.9415204678362572,513,1229,por_presa,True
Nc=Np*0.8,0.699951171875,11468,35,1.8638059701492538,536,1229,por_presa,True
Nc=Np*0.8,0.699951171875,11468,36,1.8333333333333333,534,1229,por_presa,True
Nc=Np*0.8,0.699951171875,11468,37,1.9069767441860466,516,1229,por_presa,True
Nc=Np*0.8,0.699951171875,11468,38,1.9438202247191012,534,1229,por_presa,True
Nc=Np*0.8,0.699951171875,11468,39,1.8745318352059925,534,1229,por_presa,True
Nc=Np*0.8,0.699951171875,11468,40,1.8503937007874016,508,1229,por_presa,True
Nc=Np*0.8,0.699951171875,11468,41,1.9168316831683168,505,1229,por_presa,True
Nc=Np*0.8,0.699951171875,11468,42,1.9419237749546279,551,1229,por_presa,True
Nc=Np*0.8,0.699951171875,11468,43,1.8841911764705883,544,1229,por_presa,True
Nc=Np*0.8,0.699951171875,11468,44,1.880514705882353,544,1229,por_presa,True
Nc=Np*0.8,0.699951171875,11468,45,1.8642201834862386,545,1229,por_presa,True
Nc=Np*0.8,0.699951171875,11468,46,1.809145129224652,503,1229,por_presa,True
Nc=Np*0.8,0.699951171875,11468,47,2.0414414414414415,555,1229,por_presa,True
Nc=Np*0.8,0.699951171875,11468,48,1.95,540,1229,por_presa,True
Nc=Np*0.8,0.699951171875,11468,49,1.83609576427256,543,1229,por_presa,True
Nc=Np*0.8,0.699951171875,11468,50,1.8732943469785575,513,1229,por_presa,True
Nc=Np*0.8,0.699951171875,11468,51,1.745631067961165,515,1229,por_presa,True
Nc=Np*0.8,0.699951171875,11468,52,1.8315018315018314,546,1229,por_presa,True
Nc=Np*0.8,0.699951171875,11468,53,2.0719557195571956,542,1229,por_presa,True
Nc=Np*0.8,0.699951171875,11468,54,1.9037433155080214,561,1229,por_presa,True
Nc=Np*0.8,0.699951171875,11468,55,1.9707724425887265,479,1229,por_presa,True
Nc=Np*0.8,0.699951171875,11468,56,1.9474708171206225,514,1229,por_presa,True
Nc=Np*0.8,0.699951171875,11468,57,1.7970204841713222,537,1229,por_presa,True
Nc=Np*0.8,0.699951171875,11468,58,1.9339285714285714,560,1229,por_presa,True
Nc=Np*0.8,0.699951171875,11468,59,1.9853747714808043,547,1229,por_presa,True
Nc=Np*0.8,0.699951171875,11468,60,1.8012958963282937,463,1229,por_presa,True
Nc=Np*0.8,0.699951171875,11468,61,1.8545780969479353,557,1229,por_presa,True
Nc=Np*0.8,0.699951171875,11468,62,1.9786821705426356,516,1229,por_presa,True
Nc=Np*0.8,0.699951171875,11468,63,1.8990654205607476,535,1229,por_presa,True
Nc=Np*0.8,0.699951171875,11468,64,1.8003913894324852,511,1229,por_presa,True
Nc=Np*0.8,0.699951171875,11468,65,1.8764478764478765,518,1229,por_presa,True
Nc=Np*0.8,0.699951171875,11468,66,1.996330275229358,545,1229,por_presa,True
Nc=Np*0.8,0.699951171875,11468,67,1.8919413919413919,546,1229,por_presa,True
Nc=Np*0.8,0.699951171875,11468,68,1.9851851851851852,540,1229,por_presa,True
Nc=Np*0.8,0.699951171875,11468,69,1.8726235741444868,526,1229,por_presa,True
Nc=Np*0.8,0.699951171875,11468,70,1.8743169398907105,549,1229,por_presa,True
Nc=Np*0.8,0.699951171875,11468,71,1.7867203219315895,497,1229,por_presa,True
Nc=Np*0.8,0.699951171875,11468,72,1.8662900188323917,531,1229,por_presa,True
Nc=Np*0.8,0.699951171875,11468,73,1.885981308411215,535,1229,por_presa,True
Nc=Np*0.8,0.699951171875,11468,74,1.926923076923077,520,1229,por_presa,True
Nc=Np*0.8,0.699951171875,11468,75,1.9405940594059405,505,1229,por_presa,True
Nc=Np*0.8,0.699951171875,11468,76,1.9365384615384615,520,1229,por_presa,True
Nc=Np*0.8,0.699951171875,11468,77,1.9539347408829175,521,1229,por_presa,True
Nc=Np*0.8,0.699951171875,11468,78,1.8690265486725663,565,1229,por_presa,True
Nc=Np*0.8,0.699951171875,11468,79,1.9817518248175183,548,1229,por_presa,True
Nc=Np*0.8,0.699951171875,11468,80,1.827977315689981,529,1229,por_presa,True
Nc=Np*0.8,0.699951171875,11468,81,1.8740601503759398,532,1229,por_presa,True
Nc=Np*0.8,0.699951171875,11468,82,1.7568134171907757,477,1229,por_presa,True
Nc=Np*0.8,0.699951171875,11468,83,1.8669354838709677,496,1229,por_presa,True
Nc=Np*0.8,0.699951171875,11468,84,1.945386064030132,531,1229,por_presa,True
Nc=Np*0.8,0.699951171875,11468,85,1.8137082601054482,569,1229,por_presa,True
Nc=Np*0.8,0.699951171875,11468,86,1.7623762376237624,505,1229,por_presa,True
Nc=Np*0.8,0.699951171875,11468,87,1.851923076923077,520,1229,por_presa,True
Nc=Np*0.8,0.699951171875,11468,88,1.8092485549132948,519,1229,por_presa,True
Nc=Np*0.8,0.699951171875,11468,89,1.9269162210338682,561,1229,por_presa,True
Nc=Np*0.8,0.699951171875,11468,90,1.8660377358490565,530,1229,por_presa,True
Nc=Np*0.8,0.699951171875,11468,91,1.85,540,1229,por_presa,True
Nc=Np*0.8,0.699951171875,11468,92,1.7729083665338645,502,1229,por_presa,True
Nc=Np*0.8,0.699951171875,11468,93,1.8352941176470587,510,1229,por_presa,True
Nc=Np*0.8,0.699951171875,11468,94,1.7230483271375465,538,1229,por_presa,True
Nc=Np*0.8,0.699951171875,11468,95,1.879182156133829,538,1229,por_presa,True
Nc=Np*0.8,0.699951171875,11468,96,1.974910394265233,558,1229,por_presa,True
Nc=Np*0.8,0.699951171875,11468,97,1.913919413919414,546,1229,por_presa,True
Nc=Np*0.8,0.699951171875,11468,98,1.9155470249520155,521,1229,por_presa,True
Nc=Np*0.8,0.699951171875,11468,99,1.945692883895131,534,1229,por_presa,True
Nc=Np*0.8,0.79998779296875,13107,0,1.541899441340782,179,819,por_presa,True
Nc=Np*0.8,0.79998779296875,13107,1,1.4673366834170853,199,819,por_presa,True
Nc=Np*0.8,0.79998779296875,13107,2,1.4901960784313726,204,819,por_presa,True
Nc=Np*0.8,0.79998779296875,13107,3,1.48471615720524,229,819,por_presa,True
Nc=Np*0.8,0.79998779296875,13107,4,1.5315789473684212,190,819,por_presa,True
Nc=Np*0.8,0.79998779296875,13107,5,1.6363636363636365,209,819,por_presa,True
Nc=Np*0.8,0.79998779296875,13107,6,1.4427083333333333,192,819,por_presa,True
Nc=Np*0.8,0.79998779296875,13107,7,1.510752688172043,186,819,por_presa,True
Nc=Np*0.8,0.79998779296875,13107,8,1.5743589743589743,195,819,por_presa,True
Nc=Np*0.8,0.79998779296875,13107,9,1.5707964601769913,226,819,por_presa,True
Nc=Np*0.8,0.79998779296875,13107,10,1.5376344086021505,186,819,por_presa,True
Nc=Np*0.8,0.79998779296875,13107,11,1.643979057591623,191,819,por_presa,True
Nc=Np*0.8,0.79998779296875,13107,12,1.488888888888889,180,819,por_presa,True
Nc=Np*0.8,0.79998779296875,13107,13,1.6222222222222222,180,819,por_presa,True
Nc=Np*0.8,0.79998779296875,13107,14,1.6084905660377358,212,819,por_presa,True
Nc=Np*0.8,0.79998779296875,13107,15,1.621212121212121,198,819,por_presa,True
Nc=Np*0.8,0.79998779296875,13107,16,1.6235294117647059,170,819,por_presa,True
Nc=Np*0.8,0.79998779296875,13107,17,1.614213197969543,197,819,por_presa,True
Nc=Np*0.8,0.79998779296875,13107,18,1.49,200,819,por_presa,True
Nc=Np*0.8,0.79998779296875,13107,19,1.5416666666666667,192,819,por_presa,True
Nc=Np*0.8,0.79998779296875,13107,20,1.5384615384615385,195,819,por_presa,True
Nc=Np*0.8,0.79998779296875,13107,21,1.4898989898989898,198,819,por_presa,True
Nc=Np*0.8,0.79998779296875,13107,22,1.4438202247191012,178,819,por_presa,True
Nc=Np*0.8,0.79998779296875,13107,23,1.4658385093167703,161,819,por_presa,True
Nc=Np*0.8,0.79998779296875,13107,24,1.6187845303867403,181,819,por_presa,True
Nc=Np*0.8,0.79998779296875,13107,25,1.5454545454545454,187,819,por_presa,True
Nc=Np*0.8,0.79998779296875,13107,26,1.566326530612245,196,819,por_presa,True
Nc=Np*0.8,0.79998779296875,13107,27,1.521505376344086,186,819,por_presa,True
Nc=Np*0.8,0.79998779296875,13107,28,1.4343434343434343,198,819,por_presa,True
Nc=Np*0.8,0.79998779296875,13107,29,1.4248704663212435,193,819,por_presa,True
Nc=Np*0.8,0.79998779296875,13107,30,1.5333333333333334,210,819,por_presa,True
Nc=Np*0.8,0.79998779296875,13107,31,1.570048309178744,207,819,por_presa,True
Nc=Np*0.8,0.79998779296875,13107,32,1.7142857142857142,210,819,por_presa,True
Nc=Np*0.8,0.79998779296875,13107,33,1.4703196347031964,219,819,por_presa,True
Nc=Np*0.8,0.79998779296875,13107,34,1.5126903553299493,197,819,por_presa,True
Nc=Np*0.8,0.79998779296875,13107,35,1.5305164319248827,213,819,por_presa,True
Nc=Np*0.8,0.79998779296875,13107,36,1.4232804232804233,189,819,por_presa,True
Nc=Np*0.8,0.79998779296875,13107,37,1.5449735449735449,189,819,por_presa,True
Nc=Np*0.8,0.79998779296875,13107,38,1.5576923076923077,208,819,por_presa,True
Nc=Np*0.8,0.79998779296875,13107,39,1.492537313432836,201,819,por_presa,True
Nc=Np*0.8,0.79998779296875,13107,40,1.5922330097087378,206,819,por_presa,True
Nc=Np*0.8,0.79998779296875,13107,41,1.56,200,819,por_presa,True
Nc=Np*0.8,0.79998779296875,13107,42,1.6816143497757847,223,819,por_presa,True
Nc=Np*0.8,0.79998779296875,13107,43,1.5657142857142856,175,819,por_presa,True
Nc=Np*0.8,0.79998779296875,13107,44,1.5,188,819,por_presa,True
Nc=Np*0.8,0.79998779296875,13107,45,1.7374301675977655,179,819,por_presa,True
Nc=Np*0.8,0.79998779296875,13107,46,1.529126213592233,206,819,por_presa,True
Nc=Np*0.8,0.79998779296875,13107,47,1.526946107784431,167,819,por_presa,True
Nc=Np*0.8,0.79998779296875,13107,48,1.5625,192,819,por_presa,True
Nc=Np*0.8,0.79998779296875,13107,49,1.5408163265306123,196,819,por_presa,True
Nc=Np*0.8,0.79998779296875,13107,50,1.7216494845360826,194,819,por_presa,True
Nc=Np*0.8,0.79998779296875,13107,51,1.6030150753768844,199,819,por_presa,True
Nc=Np*0.8,0.79998779296875,13107,52,1.5078534031413613,191,819,por_presa,True
Nc=Np*0.8,0.79998779296875,13107,53,1.5495049504950495,202,819,por_presa,True
Nc=Np*0.8,0.79998779296875,13107,54,1.569767441860465,172,819,por_presa,True
Nc=Np*0.8,0.79998779296875,13107,55,1.4947368421052631,190,819,por_presa,True
Nc=Np*0.8,0.79998779296875,13107,56,1.4679802955665024,203,819,por_presa,True
Nc=Np*0.8,0.79998779296875,13107,57,1.6968325791855203,221,819,por_presa,True
Nc=Np*0.8,0.79998779296875,13107,58,1.4619883040935673,171,819,por_presa,True
Nc=Np*0.8,0.79998779296875,13107,59,1.5685279187817258,197,819,por_presa,True
Nc=Np*0.8,0.79998779296875,13107,60,1.483695652173913,184,819,por_presa,True
Nc=Np*0.8,0.79998779296875,13107,61,1.467032967032967,182,819,por_presa,True
Nc=Np*0.8,0.79998779296875,13107,62,1.5870646766169154,201,819,por_presa,True
Nc=Np*0.8,0.79998779296875,13107,63,1.5309278350515463,194,819,por_presa,True
Nc=Np*0.8,0.79998779296875,13107,64,1.4870466321243523,193,819,por_presa,True
Nc=Np*0.8,0.79998779296875,13107,65,1.5405405405405406,185,819,por_presa,True
Nc=Np*0.8,0.79998779296875,13107,66,1.6237113402061856,194,819,por_presa,True
Nc=Np*0.8,0.79998779296875,13107,67,1.4598930481283423,187,819,por_presa,True
Nc=Np*0.8,0.79998779296875,13107,68,1.561904761904762,210,819,por_presa,True
Nc=Np*0.8,0.79998779296875,13107,69,1.5916230366492146,191,819,por_presa,True
Nc=Np*0.8,0.79998779296875,13107,70,1.665137614678899,218,819,por_presa,True
Nc=Np*0.8,0.79998779296875,13107,71,1.4545454545454546,209,819,por_presa,True
Nc=Np*0.8,0.79998779296875,13107,72,1.5639810426540284,211,819,por_presa,True
Nc=Np*0.8,0.79998779296875,13107,73,1.49,200,819,por_presa,True
Nc=Np*0.8,0.79998779296875,13107,74,1.6153846153846154,195,819,por_presa,True
Nc=Np*0.8,0.79998779296875,13107,75,1.4857142857142858,175,819,por_presa,True
Nc=Np*0.8,0.79998779296875,13107,76,1.569060773480663,181,819,por_presa,True
Nc=Np*0.8,0.79998779296875,13107,77,1.5454545454545454,187,819,por_presa,True
Nc=Np*0.8,0.79998779296875,13107,78,1.5319148936170213,188,819,por_presa,True
Nc=Np*0.8,0.79998779296875,13107,79,1.5748792270531402,207,819,por_presa,True
Nc=Np*0.8,0.79998779296875,13107,80,1.6850828729281768,181,819,por_presa,True
Nc=Np*0.8,0.79998779296875,13107,81,1.5714285714285714,189,819,por_presa,True
Nc=Np*0.8,0.79998779296875,13107,82,1.5147058823529411,204,819,por_presa,True
Nc=Np*0.8,0.79998779296875,13107,83,1.4926829268292683,205,819,por_presa,True
Nc=Np*0.8,0.79998779296875,13107,84,1.5535714285714286,224,819,por_presa,True
Nc=Np*0.8,0.79998779296875,13107,85,1.6020408163265305,196,819,por_presa,True
Nc=Np*0.8,0.79998779296875,13107,86,1.453125,192,819,por_presa,True
Nc=Np*0.8,0.79998779296875,13107,87,1.462962962962963,216,819,por_presa,True
Nc=Np*0.8,0.79998779296875,13107,88,1.5990338164251208,207,819,por_presa,True
Nc=Np*0.8,0.79998779296875,13107,89,1.5047169811320755,212,819,por_presa,True
Nc=Np*0.8,0.79998779296875,13107,90,1.541899441340782,179,819,por_presa,True
Nc=Np*0.8,0.79998779296875,13107,91,1.439153439153439,189,819,por_presa,True
Nc=Np*0.8,0.79998779296875,13107,92,1.5637254901960784,204,819,por_presa,True
Nc=Np*0.8,0.79998779296875,13107,93,1.5650224215246638,223,819,por_presa,True
Nc=Np*0.8,0.79998779296875,13107,94,1.5025641025641026,195,819,por_presa,True
Nc=Np*0.8,0.79998779296875,13107,95,1.4896907216494846,194,819,por_presa,True
Nc=Np*0.8,0.79998779296875,13107,96,1.6040609137055837,197,819,por_presa,True
Nc=Np*0.8,0.79998779296875,13107,97,1.6866359447004609,217,819,por_presa,True
Nc=Np*0.8,0.79998779296875,13107,98,1.638095238095238,210,819,por_presa,True
Nc=Np*0.8,0.79998779296875,13107,99,1.5208333333333333,192,819,por_presa,True
Nc=Np*0.8,0.89996337890625,14745,0,1.1944444444444444,36,409,por_presa,True
Nc=Np*0.8,0.89996337890625,14745,1,1.1951219512195121,41,409,por_presa,True
Nc=Np*0.8,0.89996337890625,14745,2,1.1290322580645162,31,409,por_presa,True
Nc=Np*0.8,0.89996337890625,14745,3,1.1372549019607843,51,409,por_presa,True
Nc=Np*0.8,0.89996337890625,14745,4,1.3,30,409,por_presa,True
Nc=Np*0.8,0.89996337890625,14745,5,1.36,50,409,por_presa,True
Nc=Np*0.8,0.89996337890625,14745,6,1.2222222222222223,45,409,por_presa,True
Nc=Np*0.8,0.89996337890625,14745,7,1.1891891891891893,37,409,por_presa,True
Nc=Np*0.8,0.89996337890625,14745,8,1.2790697674418605,43,409,por_presa,True
Nc=Np*0.8,0.89996337890625,14745,9,1.25,40,409,por_presa,True
Nc=Np*0.8,0.89996337890625,14745,10,1.2727272727272727,44,409,por_presa,True
Nc=Np*0.8,0.89996337890625,14745,11,1.3076923076923077,39,409,por_presa,True
Nc=Np*0.8,0.89996337890625,14745,12,1.2307692307692308,39,409,por_presa,True
Nc=Np*0.8,0.89996337890625,14745,13,1.2820512820512822,39,409,por_presa,True
Nc=Np*0.8,0.89996337890625,14745,14,1.15,40,409,por_presa,True
Nc=Np*0.8,0.89996337890625,14745,15,1.2258064516129032,31,409,por_presa,True
Nc=Np*0.8,0.89996337890625,14745,16,1.1764705882352942,34,409,por_presa,True
Nc=Np*0.8,0.89996337890625,14745,17,1.3333333333333333,33,409,por_presa,True
Nc=Np*0.8,0.89996337890625,14745,18,1.2571428571428571,35,409,por_presa,True
Nc=Np*0.8,0.89996337890625,14745,19,1.3181818181818181,44,409,por_presa,True
Nc=Np*0.8,0.89996337890625,14745,20,1.1951219512195121,41,409,por_presa,True
Nc=Np*0.8,0.89996337890625,14745,21,1.4054054054054055,37,409,por_presa,True
Nc=Np*0.8,0.89996337890625,14745,22,1.2608695652173914,46,409,por_presa,True
Nc=Np*0.8,0.89996337890625,14745,23,1.34375,32,409,por_presa,True
Nc=Np*0.8,0.89996337890625,14745,24,1.2222222222222223,36,409,por_presa,True
Nc=Np*0.8,0.89996337890625,14745,25,1.511111111111111,45,409,por_presa,True
Nc=Np*0.8,0.89996337890625,14745,26,1.2972972972972974,37,409,por_presa,True
Nc=Np*0.8,0.89996337890625,14745,27,1.1875,32,409,por_presa,True
Nc=Np*0.8,0.89996337890625,14745,28,1.25,48,409,por_presa,True
Nc=Np*0.8,0.89996337890625,14745,29,1.3181818181818181,44,409,por_presa,True
Nc=Np*0.8,0.89996337890625,14745,30,1.2432432432432432,37,409,por_presa,True
Nc=Np*0.8,0.89996337890625,14745,31,1.4054054054054055,37,409,por_presa,True
Nc=Np*0.8,0.89996337890625,14745,32,1.255813953488372,43,409,por_presa,True
Nc=Np*0.8,0.89996337890625,14745,33,1.2653061224489797,49,409,por_presa,True
Nc=Np*0.8,0.89996337890625,14745,34,1.0416666666666667,48,409,por_presa,True
Nc=Np*0.8,0.89996337890625,14745,35,1.175,40,409,por_presa,True
Nc=Np*0.8,0.89996337890625,14745,36,1.2121212121212122,33,409,por_presa,True
Nc=Np*0.8,0.89996337890625,14745,37,1.2571428571428571,35,409,por_presa,True
Nc=Np*0.8,0.89996337890625,14745,38,1.131578947368421,38,409,por_presa,True
Nc=Np*0.8,0.89996337890625,14745,39,1.1891891891891893,37,409,por_presa,True
Nc=Np*0.8,0.89996337890625,14745,40,1.2156862745098038,51,409,por_presa,True
Nc=Np*0.8,0.89996337890625,14745,41,1.2790697674418605,43,409,por_presa,True
Nc=Np*0.8,0.89996337890625,14745,42,1.1388888888888888,36,409,por_presa,True
Nc=Np*0.8,0.89996337890625,14745,43,1.175,40,409,por_presa,True
Nc=Np*0.8,0.89996337890625,14745,44,1.3125,32,409,por_presa,True
Nc=Np*0.8,0.89996337890625,14745,45,1.2083333333333333,48,409,por_presa,True
Nc=Np*0.8,0.89996337890625,14745,46,1.0625,32,409,por_presa,True
Nc=Np*0.8,0.89996337890625,14745,47,1.0857142857142856,35,409,por_presa,True
Nc=Np*0.8,0.89996337890625,14745,48,1.2352941176470589,34,409,por_presa,True
Nc=Np*0.8,0.89996337890625,14745,49,1.5116279069767442,43,409,por_presa,True
Nc=Np*0.8,0.89996337890625,14745,50,1.3333333333333333,42,409,por_presa,True
Nc=Np*0.8,0.89996337890625,14745,51,1.2380952380952381,42,409,por_presa,True
Nc=Np*0.8,0.89996337890625,14745,52,1.162162162162162,37,409,por_presa,True
Nc=Np*0.8,0.89996337890625,14745,53,1.0909090909090908,33,409,por_presa,True
Nc=Np*0.8,0.89996337890625,14745,54,1.173913043478261,46,409,por_presa,True
Nc=Np*0.8,0.89996337890625,14745,55,1.2592592592592593,27,409,por_presa,True
Nc=Np*0.8,0.89996337890625,14745,56,1.2666666666666666,45,409,por_presa,True
Nc=Np*0.8,0.89996337890625,14745,57,1.2727272727272727,44,409,por_presa,True
Nc=Np*0.8,0.89996337890625,14745,58,1.1944444444444444,36,409,por_presa,True
Nc=Np*0.8,0.89996337890625,14745,59,1.1388888888888888,36,409,por_presa,True
Nc=Np*0.8,0.89996337890625,14745,60,1.2285714285714286,35,409,por_presa,True
Nc=Np*0.8,0.89996337890625,14745,61,1.2173913043478262,46,409,por_presa,True
Nc=Np*0.8,0.89996337890625,14745,62,1.3529411764705883,51,409,por_presa,True
Nc=Np*0.8,0.89996337890625,14745,63,1.1666666666666667,36,409,por_presa,True
Nc=Np*0.8,0.89996337890625,14745,64,1.3488372093023255,43,409,por_presa,True
Nc=Np*0.8,0.89996337890625,14745,65,1.4166666666666667,36,409,por_presa,True
Nc=Np*0.8,0.89996337890625,14745,66,1.4230769230769231,52,409,por_presa,True
Nc=Np*0.8,0.89996337890625,14745,67,1.2291666666666667,48,409,por_presa,True
Nc=Np*0.8,0.89996337890625,14745,68,1.0689655172413792,29,409,por_presa,True
Nc=Np*0.8,0.89996337890625,14745,69,1.2045454545454546,44,409,por_presa,True
Nc=Np*0.8,0.89996337890625,14745,70,1.375,40,409,por_presa,True
Nc=Np*0.8,0.89996337890625,14745,71,1.1914893617021276,47,409,por_presa,True
Nc=Np*0.8,0.89996337890625,14745,72,1.34,50,409,por_presa,True
Nc=Np*0.8,0.89996337890625,14745,73,1.1818181818181819,44,409,por_presa,True
Nc=Np*0.8,0.89996337890625,14745,74,1.2439024390243902,41,409,por_presa,True
Nc=Np*0.8,0.89996337890625,14745,75,1.2702702702702702,37,409,por_presa,True
Nc=Np*0.8,0.89996337890625,14745,76,1.325,40,409,por_presa,True
Nc=Np*0.8,0.89996337890625,14745,77,1.2258064516129032,31,409,por_presa,True
Nc=Np*0.8,0.89996337890625,14745,78,1.2142857142857142,42,409,por_presa,True
Nc=Np*0.8,0.89996337890625,14745,79,1.4,35,409,por_presa,True
Nc=Np*0.8,0.89996337890625,14745,80,1.2682926829268293,41,409,por_presa,True
Nc=Np*0.8,0.89996337890625,14745,81,1.3243243243243243,37,409,por_presa,True
Nc=Np*0.8,0.89996337890625,14745,82,1.1081081081081081,37,409,por_presa,True
Nc=Np*0.8,0.89996337890625,14745,83,1.375,40,409,por_presa,True
Nc=Np*0.8,0.89996337890625,14745,84,1.475,40,409,por_presa,True
Nc=Np*0.8,0.89996337890625,14745,85,1.2162162162162162,37,409,por_presa,True
Nc=Np*0.8,0.89996337890625,14745,86,1.1794871794871795,39,409,por_presa,True
Nc=Np*0.8,0.89996337890625,14745,87,1.2127659574468086,47,409,por_presa,True
Nc=Np*0.8,0.89996337890625,14745,88,1.1176470588235294,34,409,por_presa,True
Nc=Np*0.8,0.89996337890625,14745,89,1.3513513513513513,37,409,por_presa,True
Nc=Np*0.8,0.89996337890625,14745,90,1.1891891891891893,37,409,por_presa,True
Nc=Np*0.8,0.89996337890625,14745,91,1.2826086956521738,46,409,por_presa,True
Nc=Np*0.8,0.89996337890625,14745,92,1.1956521739130435,46,409,por_presa,True
Nc=Np*0.8,0.89996337890625,14745,93,1.1470588235294117,34,409,por_presa,True
Nc=Np*0.8,0.89996337890625,14745,94,1.1666666666666667,42,409,por_presa,True
Nc=Np*0.8,0.89996337890625,14745,95,1.1111111111111112,36,409,por_presa,True
Nc=Np*0.8,0.89996337890625,14745,96,1.1395348837209303,43,409,por_presa,True
Nc=Np*0.8,0.89996337890625,14745,97,1.1428571428571428,35,409,por_presa,True
Nc=Np*0.8,0.89996337890625,14745,98,1.0857142857142856,35,409,por_presa,True
Nc=Np*0.8,0.89996337890625,14745,99,1.3142857142857143,35,409,por_presa,True
