scenario,phi,num_obs,tau_run
Nc=Np,0.0,0,0.5536710213693494
Nc=Np,0.0,0,0.6050281506272467
Nc=Np,0.0,0,0.5640754342893588
Nc=Np,0.0,0,0.6071702800923864
Nc=Np,0.0,0,0.5767594988190402
Nc=Np,0.0,0,0.5648522117127397
Nc=Np,0.0,0,0.5948370421479008
Nc=Np,0.0,0,0.5912340983820743
Nc=Np,0.0,0,0.5763793308180887
Nc=Np,0.0,0,0.6022036033660596
Nc=Np,0.0,0,0.5753567714175831
Nc=Np,0.0,0,0.5959518291960162
Nc=Np,0.0,0,0.5844386554925017
Nc=Np,0.0,0,0.565851310191672
Nc=Np,0.0,0,0.5620463157791287
Nc=Np,0.0,0,0.536675007949481
Nc=Np,0.0,0,0.6150037849637817
Nc=Np,0.0,0,0.5842150952993843
Nc=Np,0.0,0,0.5652422567588713
Nc=Np,0.0,0,0.5661397980970599
Nc=Np,0.0,0,0.5746733440947732
Nc=Np,0.0,0,0.5857539968747644
Nc=Np,0.0,0,0.5859087480279145
Nc=Np,0.0,0,0.54783131775104
Nc=Np,0.0,0,0.5702072644610935
Nc=Np,0.0,0,0.5809458100536216
Nc=Np,0.0,0,0.6107887909558436
Nc=Np,0.0,0,0.5684663528005567
Nc=Np,0.0,0,0.5364248186181376
Nc=Np,0.0,0,0.541822355368425
Nc=Np,0.0,0,0.5807839306954223
Nc=Np,0.0,0,0.564564473800493
Nc=Np,0.0,0,0.5792459007568076
Nc=Np,0.0,0,0.5944313021105986
Nc=Np,0.0,0,0.565797957974721
Nc=Np,0.0,0,0.5894197708495463
Nc=Np,0.0,0,0.5498582288185538
Nc=Np,0.0,0,0.6009957042588958
Nc=Np,0.0,0,0.5617503845669838
Nc=Np,0.0,0,0.5829123824472523
Nc=Np,0.0,0,0.6178674389496631
Nc=Np,0.0,0,0.5662383945698521
Nc=Np,0.0,0,0.5374567735058727
Nc=Np,0.0,0,0.6067271712348825
Nc=Np,0.0,0,0.5847796183052332
Nc=Np,0.0,0,0.5833834828423693
Nc=Np,0.0,0,0.562577206046322
Nc=Np,0.0,0,0.5616424253298727
Nc=Np,0.0,0,0.5750702710700036
Nc=Np,0.0,0,0.5988992624055579
Nc=Np,0.0,0,0.5999059080865546
Nc=Np,0.0,0,0.5386445195179822
Nc=Np,0.0,0,0.6172188357303203
Nc=Np,0.0,0,0.6023038943704462
Nc=Np,0.0,0,0.5874584431648082
Nc=Np,0.0,0,0.5636343509663959
Nc=Np,0.0,0,0.6082822432894386
Nc=Np,0.0,0,0.5784563265753032
Nc=Np,0.0,0,0.5889026427161542
Nc=Np,0.0,0,0.5258205813287609
Nc=Np,0.0,0,0.5932433535626704
Nc=Np,0.0,0,0.5837122586452814
Nc=Np,0.0,0,0.598743162754367
Nc=Np,0.0,0,0.597181909739255
Nc=Np,0.0,0,0.597033444697769
Nc=Np,0.0,0,0.5836332166048542
Nc=Np,0.0,0,0.6173623593368759
Nc=Np,0.0,0,0.5904932401005929
Nc=Np,0.0,0,0.5986086397789636
Nc=Np,0.0,0,0.576902805264685
Nc=Np,0.0,0,0.6151188948936462
Nc=Np,0.0,0,0.5712939012733825
Nc=Np,0.0,0,0.6071457869783254
Nc=Np,0.0,0,0.5348697135694644
Nc=Np,0.0,0,0.5698445574869228
Nc=Np,0.0,0,0.5847586282962546
Nc=Np,0.0,0,0.5774380114567748
Nc=Np,0.0,0,0.5566680832636767
Nc=Np,0.0,0,0.5812934265673642
Nc=Np,0.0,0,0.5371645754322624
Nc=Np,0.0,0,0.5464234278381589
Nc=Np,0.0,0,0.5559245587318764
Nc=Np,0.0,0,0.5843902878956372
Nc=Np,0.0,0,0.6109935808274758
Nc=Np,0.0,0,0.554457658043628
Nc=Np,0.0,0,0.5988333797079672
Nc=Np,0.0,0,0.5714789653780674
Nc=Np,0.0,0,0.5741383570787756
Nc=Np,0.0,0,0.5913613106626485
Nc=Np,0.0,0,0.5894012361852369
Nc=Np,0.0,0,0.5740977121663847
Nc=Np,0.0,0,0.5696618128039825
Nc=Np,0.0,0,0.5842084211290619
Nc=Np,0.0,0,0.5770172953087346
Nc=Np,0.0,0,0.5459451269463971
Nc=Np,0.0,0,0.5847839027102372
Nc=Np,0.0,0,0.5582079368799934
Nc=Np,0.0,0,0.5852736114068676
Nc=Np,0.0,0,0.5465106977839296
Nc=Np,0.0,0,0.5936214926462701
Nc=Np,0.0999755859375,1638,0.6230888157237565
Nc=Np,0.0999755859375,1638,0.6675096393094004
Nc=Np,0.0999755859375,1638,0.6511351714444922
Nc=Np,0.0999755859375,1638,0.6376057651180891
Nc=Np,0.0999755859375,1638,0.6588618308380686
Nc=Np,0.0999755859375,1638,0.669451596073468
Nc=Np,0.0999755859375,1638,0.6788131456739075
Nc=Np,0.0999755859375,1638,0.6679100997076157
Nc=Np,0.0999755859375,1638,0.6945043225052612
Nc=Np,0.0999755859375,1638,0.6554358660508445
Nc=Np,0.0999755859375,1638,0.6810194710147895
Nc=Np,0.0999755859375,1638,0.6829133065539147
Nc=Np,0.0999755859375,1638,0.6335705795256965
Nc=Np,0.0999755859375,1638,0.6551423010677146
Nc=Np,0.0999755859375,1638,0.6692299369225889
Nc=Np,0.0999755859375,1638,0.6346524917186956
Nc=Np,0.0999755859375,1638,0.6487508832052312
Nc=Np,0.0999755859375,1638,0.6515809025241437
Nc=Np,0.0999755859375,1638,0.7158242824020844
Nc=Np,0.0999755859375,1638,0.6973671348503765
Nc=Np,0.0999755859375,1638,0.713231510799673
Nc=Np,0.0999755859375,1638,0.6423390636789325
Nc=Np,0.0999755859375,1638,0.685986603562079
Nc=Np,0.0999755859375,1638,0.6534324915174384
Nc=Np,0.0999755859375,1638,0.7630284335059054
Nc=Np,0.0999755859375,1638,0.677896510933291
Nc=Np,0.0999755859375,1638,0.682166868774455
Nc=Np,0.0999755859375,1638,0.687824681818206
Nc=Np,0.0999755859375,1638,0.7113902231407225
Nc=Np,0.0999755859375,1638,0.6578025188352256
Nc=Np,0.0999755859375,1638,0.6608095207777731
Nc=Np,0.0999755859375,1638,0.6393230555601972
Nc=Np,0.0999755859375,1638,0.6578500826931478
Nc=Np,0.0999755859375,1638,0.6269919513734009
Nc=Np,0.0999755859375,1638,0.6696716865970346
Nc=Np,0.0999755859375,1638,0.6825350113567276
Nc=Np,0.0999755859375,1638,0.6314617589524196
Nc=Np,0.0999755859375,1638,0.6855673917352798
Nc=Np,0.0999755859375,1638,0.6963657802099699
Nc=Np,0.0999755859375,1638,0.6438202326853112
Nc=Np,0.0999755859375,1638,0.7069416535769264
Nc=Np,0.0999755859375,1638,0.6652989217118184
Nc=Np,0.0999755859375,1638,0.6675569267241774
Nc=Np,0.0999755859375,1638,0.6908676710435665
Nc=Np,0.0999755859375,1638,0.6618492534103763
Nc=Np,0.0999755859375,1638,0.6886206709821275
Nc=Np,0.0999755859375,1638,0.6554015036352084
Nc=Np,0.0999755859375,1638,0.6953645309239115
Nc=Np,0.0999755859375,1638,0.6334057616169559
Nc=Np,0.0999755859375,1638,0.7117051885987685
Nc=Np,0.0999755859375,1638,0.6868677798202123
Nc=Np,0.0999755859375,1638,0.6739901179506972
Nc=Np,0.0999755859375,1638,0.638605322996219
Nc=Np,0.0999755859375,1638,0.6710295865381946
Nc=Np,0.0999755859375,1638,0.665480881084784
Nc=Np,0.0999755859375,1638,0.7293296135130248
Nc=Np,0.0999755859375,1638,0.6745283282460729
Nc=Np,0.0999755859375,1638,0.6736051171256795
Nc=Np,0.0999755859375,1638,0.6680951982420688
Nc=Np,0.0999755859375,1638,0.7063651922336976
Nc=Np,0.0999755859375,1638,0.683915056835633
Nc=Np,0.0999755859375,1638,0.6983020656864187
Nc=Np,0.0999755859375,1638,0.7014730883437647
Nc=Np,0.0999755859375,1638,0.6719577290415351
Nc=Np,0.0999755859375,1638,0.6386794642938435
Nc=Np,0.0999755859375,1638,0.7339416144492088
Nc=Np,0.0999755859375,1638,0.6924388908362433
Nc=Np,0.0999755859375,1638,0.6492652683737701
Nc=Np,0.0999755859375,1638,0.6508890783294179
Nc=Np,0.0999755859375,1638,0.65467499946327
Nc=Np,0.0999755859375,1638,0.7123471923834495
Nc=Np,0.0999755859375,1638,0.6912688645796627
Nc=Np,0.0999755859375,1638,0.7115113578651666
Nc=Np,0.0999755859375,1638,0.6915070254606562
Nc=Np,0.0999755859375,1638,0.6723359861238135
Nc=Np,0.0999755859375,1638,0.7021335573083338
Nc=Np,0.0999755859375,1638,0.6557227533316926
Nc=Np,0.0999755859375,1638,0.6511005071971228
Nc=Np,0.0999755859375,1638,0.7034309211231904
Nc=Np,0.0999755859375,1638,0.7030865286361343
Nc=Np,0.0999755859375,1638,0.6195108053025173
Nc=Np,0.0999755859375,1638,0.6112792591189438
Nc=Np,0.0999755859375,1638,0.6399573660727068
Nc=Np,0.0999755859375,1638,0.6200993121921923
Nc=Np,0.0999755859375,1638,0.6147241289844336
Nc=Np,0.0999755859375,1638,0.6826117276362431
Nc=Np,0.0999755859375,1638,0.6703017205966227
Nc=Np,0.0999755859375,1638,0.6316758827252401
Nc=Np,0.0999755859375,1638,0.6758983222503319
Nc=Np,0.0999755859375,1638,0.6782380972886798
Nc=Np,0.0999755859375,1638,0.6661697395471486
Nc=Np,0.0999755859375,1638,0.6678352123811031
Nc=Np,0.0999755859375,1638,0.678247377856106
Nc=Np,0.0999755859375,1638,0.691083823969093
Nc=Np,0.0999755859375,1638,0.6707211560279193
Nc=Np,0.0999755859375,1638,0.697585116794676
Nc=Np,0.0999755859375,1638,0.6750082901075435
Nc=Np,0.0999755859375,1638,0.6629990895058636
Nc=Np,0.0999755859375,1638,0.6977902677546054
Nc=Np,0.0999755859375,1638,0.7027439707739889
Nc=Np,0.199951171875,3276,0.8305835503709074
Nc=Np,0.199951171875,3276,0.8052954241741805
Nc=Np,0.199951171875,3276,0.8214849736049581
Nc=Np,0.199951171875,3276,0.7700205110057823
Nc=Np,0.199951171875,3276,0.790709538334435
Nc=Np,0.199951171875,3276,0.7976051678745466
Nc=Np,0.199951171875,3276,0.8562776428508759
Nc=Np,0.199951171875,3276,0.7824486209325103
Nc=Np,0.199951171875,3276,0.8169490597111346
Nc=Np,0.199951171875,3276,0.7681115633938311
Nc=Np,0.199951171875,3276,0.7853854190868882
Nc=Np,0.199951171875,3276,0.8450337316496958
Nc=Np,0.199951171875,3276,0.7930543302084831
Nc=Np,0.199951171875,3276,0.811469791773897
Nc=Np,0.199951171875,3276,0.7946387996656015
Nc=Np,0.199951171875,3276,0.771003280683526
Nc=Np,0.199951171875,3276,0.814290609456192
Nc=Np,0.199951171875,3276,0.8302892382793441
Nc=Np,0.199951171875,3276,0.7826306864025847
Nc=Np,0.199951171875,3276,0.7364848680208249
Nc=Np,0.199951171875,3276,0.7956953090336463
Nc=Np,0.199951171875,3276,0.7704199489169128
Nc=Np,0.199951171875,3276,0.8277104506138395
Nc=Np,0.199951171875,3276,0.8830665036143611
Nc=Np,0.199951171875,3276,0.7393221692026737
Nc=Np,0.199951171875,3276,0.7703414120492083
Nc=Np,0.199951171875,3276,0.7827902144017183
Nc=Np,0.199951171875,3276,0.852919246473689
Nc=Np,0.199951171875,3276,0.8019789308366303
Nc=Np,0.199951171875,3276,0.7588341217071337
Nc=Np,0.199951171875,3276,0.8407076317131977
Nc=Np,0.199951171875,3276,0.8305856320645075
Nc=Np,0.199951171875,3276,0.7558949099158817
Nc=Np,0.199951171875,3276,0.8241488999995233
Nc=Np,0.199951171875,3276,0.773931900946121
Nc=Np,0.199951171875,3276,0.823883782784647
Nc=Np,0.199951171875,3276,0.7780696727730132
Nc=Np,0.199951171875,3276,0.80171535150217
Nc=Np,0.199951171875,3276,0.8201482691020572
Nc=Np,0.199951171875,3276,0.7744230395139676
Nc=Np,0.199951171875,3276,0.8554785961823509
Nc=Np,0.199951171875,3276,0.7936598422870313
Nc=Np,0.199951171875,3276,0.8132485656466133
Nc=Np,0.199951171875,3276,0.8164555544692491
Nc=Np,0.199951171875,3276,0.7793624546218945
Nc=Np,0.199951171875,3276,0.7603658174191936
Nc=Np,0.199951171875,3276,0.8202885320876878
Nc=Np,0.199951171875,3276,0.8357712700005864
Nc=Np,0.199951171875,3276,0.783250311498862
Nc=Np,0.199951171875,3276,0.7568501217489823
Nc=Np,0.199951171875,3276,0.8396472493246729
Nc=Np,0.199951171875,3276,0.8140298996369443
Nc=Np,0.199951171875,3276,0.7469470659635692
Nc=Np,0.199951171875,3276,0.7960491536707254
Nc=Np,0.199951171875,3276,0.7466147219451452
Nc=Np,0.199951171875,3276,0.774545534895388
Nc=Np,0.199951171875,3276,0.8062037823867924
Nc=Np,0.199951171875,3276,0.7908762897546822
Nc=Np,0.199951171875,3276,0.802870738826813
Nc=Np,0.199951171875,3276,0.7414109938346464
Nc=Np,0.199951171875,3276,0.7816080438569444
Nc=Np,0.199951171875,3276,0.7745314417810227
Nc=Np,0.199951171875,3276,0.7197625829952549
Nc=Np,0.199951171875,3276,0.7887896016237724
Nc=Np,0.199951171875,3276,0.8450351649657418
Nc=Np,0.199951171875,3276,0.7783426356675935
Nc=Np,0.199951171875,3276,0.7447208677649491
Nc=Np,0.199951171875,3276,0.7353243502753246
Nc=Np,0.199951171875,3276,0.8643537544829173
Nc=Np,0.199951171875,3276,0.8138553965068158
Nc=Np,0.199951171875,3276,0.7634827602639921
Nc=Np,0.199951171875,3276,0.7936705024025607
Nc=Np,0.199951171875,3276,0.8736137192254129
Nc=Np,0.199951171875,3276,0.7823312506891642
Nc=Np,0.199951171875,3276,0.7721895886103146
Nc=Np,0.199951171875,3276,0.8134740442653642
Nc=Np,0.199951171875,3276,0.8310850063198416
Nc=Np,0.199951171875,3276,0.8171696072681607
Nc=Np,0.199951171875,3276,0.7880435516184883
Nc=Np,0.199951171875,3276,0.8049474362007812
Nc=Np,0.199951171875,3276,0.821627747546159
Nc=Np,0.199951171875,3276,0.844931408541902
Nc=Np,0.199951171875,3276,0.8287381991312981
Nc=Np,0.199951171875,3276,0.8579961153842397
Nc=Np,0.199951171875,3276,0.795062238148383
Nc=Np,0.199951171875,3276,0.8108496307168571
Nc=Np,0.199951171875,3276,0.7538393064066111
Nc=Np,0.199951171875,3276,0.7103480057711282
Nc=Np,0.199951171875,3276,0.7932857448078225
Nc=Np,0.199951171875,3276,0.814473564911524
Nc=Np,0.199951171875,3276,0.8222886566681701
Nc=Np,0.199951171875,3276,0.7773421124800354
Nc=Np,0.199951171875,3276,0.8257090896930958
Nc=Np,0.199951171875,3276,0.7869111850221462
Nc=Np,0.199951171875,3276,0.80307890282816
Nc=Np,0.199951171875,3276,0.807804085076212
Nc=Np,0.199951171875,3276,0.7846867003929859
Nc=Np,0.199951171875,3276,0.8024678473805347
Nc=Np,0.199951171875,3276,0.7962159436323328
Nc=Np,0.199951171875,3276,0.8313794612536858
Nc=Np,0.29998779296875,4915,1.035532674056642
Nc=Np,0.29998779296875,4915,1.064536331363834
Nc=Np,0.29998779296875,4915,0.9236066298648584
Nc=Np,0.29998779296875,4915,0.946951969032716
Nc=Np,0.29998779296875,4915,1.0426883870503594
Nc=Np,0.29998779296875,4915,1.02576588863638
Nc=Np,0.29998779296875,4915,0.9089545018652508
Nc=Np,0.29998779296875,4915,1.0588728889436545
Nc=Np,0.29998779296875,4915,1.0058673534996423
Nc=Np,0.29998779296875,4915,1.0028850784961296
Nc=Np,0.29998779296875,4915,0.9700105756190808
Nc=Np,0.29998779296875,4915,0.9969653327377592
Nc=Np,0.29998779296875,4915,0.980404505632332
Nc=Np,0.29998779296875,4915,0.9827436552970776
Nc=Np,0.29998779296875,4915,0.9936753134419188
Nc=Np,0.29998779296875,4915,0.9355319055274736
Nc=Np,0.29998779296875,4915,1.0137146960005103
Nc=Np,0.29998779296875,4915,1.0492449517663645
Nc=Np,0.29998779296875,4915,1.0009027051129826
Nc=Np,0.29998779296875,4915,0.9193954286533952
Nc=Np,0.29998779296875,4915,1.0388909552457428
Nc=Np,0.29998779296875,4915,1.03575287455731
Nc=Np,0.29998779296875,4915,0.9777801537116638
Nc=Np,0.29998779296875,4915,0.9409615224735604
Nc=Np,0.29998779296875,4915,0.9937073546670678
Nc=Np,0.29998779296875,4915,0.9484257558331358
Nc=Np,0.29998779296875,4915,1.0287302727062653
Nc=Np,0.29998779296875,4915,0.9961919217056442
Nc=Np,0.29998779296875,4915,0.947028088458168
Nc=Np,0.29998779296875,4915,0.9839932801018384
Nc=Np,0.29998779296875,4915,0.9820309972893936
Nc=Np,0.29998779296875,4915,1.0237725491049303
Nc=Np,0.29998779296875,4915,0.972767833829765
Nc=Np,0.29998779296875,4915,1.058779220472625
Nc=Np,0.29998779296875,4915,0.946667210992866
Nc=Np,0.29998779296875,4915,0.99534474512568
Nc=Np,0.29998779296875,4915,1.0242259369346125
Nc=Np,0.29998779296875,4915,1.0161460740776245
Nc=Np,0.29998779296875,4915,1.0067391696740853
Nc=Np,0.29998779296875,4915,0.9955404880742724
Nc=Np,0.29998779296875,4915,1.013288823344028
Nc=Np,0.29998779296875,4915,1.020059347710799
Nc=Np,0.29998779296875,4915,1.0459875251290691
Nc=Np,0.29998779296875,4915,1.0009640535900854
Nc=Np,0.29998779296875,4915,1.0029719001152375
Nc=Np,0.29998779296875,4915,1.0056848001949206
Nc=Np,0.29998779296875,4915,1.038829754433169
Nc=Np,0.29998779296875,4915,0.9978370306871348
Nc=Np,0.29998779296875,4915,1.0112326413147308
Nc=Np,0.29998779296875,4915,1.0153928682913418
Nc=Np,0.29998779296875,4915,1.0313142659608894
Nc=Np,0.29998779296875,4915,0.9660654515831072
Nc=Np,0.29998779296875,4915,0.9415036019624125
Nc=Np,0.29998779296875,4915,0.9241063773180368
Nc=Np,0.29998779296875,4915,0.9826854233260344
Nc=Np,0.29998779296875,4915,1.017370159232103
Nc=Np,0.29998779296875,4915,0.9695461481022796
Nc=Np,0.29998779296875,4915,1.0318972758624196
Nc=Np,0.29998779296875,4915,1.0168637953776398
Nc=Np,0.29998779296875,4915,0.9657682267903164
Nc=Np,0.29998779296875,4915,1.017670608934102
Nc=Np,0.29998779296875,4915,1.0829513299432538
Nc=Np,0.29998779296875,4915,0.9091756975658996
Nc=Np,0.29998779296875,4915,0.995591548073429
Nc=Np,0.29998779296875,4915,0.9829603309836222
Nc=Np,0.29998779296875,4915,0.9715243728749658
Nc=Np,0.29998779296875,4915,0.9900844046387774
Nc=Np,0.29998779296875,4915,0.9620741848974476
Nc=Np,0.29998779296875,4915,0.9744118788421507
Nc=Np,0.29998779296875,4915,0.9813273228178072
Nc=Np,0.29998779296875,4915,0.9859062059244996
Nc=Np,0.29998779296875,4915,1.0270479681538571
Nc=Np,0.29998779296875,4915,0.9625619219275297
Nc=Np,0.29998779296875,4915,1.0052252605937262
Nc=Np,0.29998779296875,4915,0.921525393517266
Nc=Np,0.29998779296875,4915,0.9142951546142644
Nc=Np,0.29998779296875,4915,1.0992426730792089
Nc=Np,0.29998779296875,4915,1.0090742635441294
Nc=Np,0.29998779296875,4915,0.9487893654307612
Nc=Np,0.29998779296875,4915,0.9753015473321088
Nc=Np,0.29998779296875,4915,1.0131334888419137
Nc=Np,0.29998779296875,4915,1.0205735428721614
Nc=Np,0.29998779296875,4915,1.0143545725392416
Nc=Np,0.29998779296875,4915,0.9621866788535616
Nc=Np,0.29998779296875,4915,0.9472079132363742
Nc=Np,0.29998779296875,4915,0.9896694074892538
Nc=Np,0.29998779296875,4915,1.0337112773209445
Nc=Np,0.29998779296875,4915,0.9860979783052236
Nc=Np,0.29998779296875,4915,0.969510703274104
Nc=Np,0.29998779296875,4915,0.977025178055574
Nc=Np,0.29998779296875,4915,0.9719964440043926
Nc=Np,0.29998779296875,4915,1.0304434372405753
Nc=Np,0.29998779296875,4915,0.99017169471246
Nc=Np,0.29998779296875,4915,1.0427911796682443
Nc=Np,0.29998779296875,4915,0.9411306892419592
Nc=Np,0.29998779296875,4915,0.9763260632121212
Nc=Np,0.29998779296875,4915,0.994705794626767
Nc=Np,0.29998779296875,4915,0.983287893563468
Nc=Np,0.29998779296875,4915,0.9950654142684237
Nc=Np,0.29998779296875,4915,1.023884099223791
Nc=Np,0.39996337890625,6553,1.2144961201115998
Nc=Np,0.39996337890625,6553,1.3690826513436485
Nc=Np,0.39996337890625,6553,1.2829473781292848
Nc=Np,0.39996337890625,6553,1.3338538489030198
Nc=Np,0.39996337890625,6553,1.176920689062822
Nc=Np,0.39996337890625,6553,1.2741207398810246
Nc=Np,0.39996337890625,6553,1.167814652810443
Nc=Np,0.39996337890625,6553,1.133252553201675
Nc=Np,0.39996337890625,6553,1.2715174879648146
Nc=Np,0.39996337890625,6553,1.209120025879707
Nc=Np,0.39996337890625,6553,1.2096692154771895
Nc=Np,0.39996337890625,6553,1.2932013660788864
Nc=Np,0.39996337890625,6553,1.1534861233376443
Nc=Np,0.39996337890625,6553,1.212255044053063
Nc=Np,0.39996337890625,6553,1.2854604552677154
Nc=Np,0.39996337890625,6553,1.3988354190254348
Nc=Np,0.39996337890625,6553,1.1354137660718664
Nc=Np,0.39996337890625,6553,1.1658964870362742
Nc=Np,0.39996337890625,6553,1.240547592997221
Nc=Np,0.39996337890625,6553,1.2241109511457868
Nc=Np,0.39996337890625,6553,1.2505909443791303
Nc=Np,0.39996337890625,6553,1.2211542396486803
Nc=Np,0.39996337890625,6553,1.2352131150193324
Nc=Np,0.39996337890625,6553,1.2368069152351426
Nc=Np,0.39996337890625,6553,1.2033814573417658
Nc=Np,0.39996337890625,6553,1.1971732096800376
Nc=Np,0.39996337890625,6553,1.2987669432280735
Nc=Np,0.39996337890625,6553,1.3044364928599237
Nc=Np,0.39996337890625,6553,1.2592935029961114
Nc=Np,0.39996337890625,6553,1.2601365656773182
Nc=Np,0.39996337890625,6553,1.1431709386374764
Nc=Np,0.39996337890625,6553,1.2845155981254297
Nc=Np,0.39996337890625,6553,1.162200792531051
Nc=Np,0.39996337890625,6553,1.256664568960692
Nc=Np,0.39996337890625,6553,1.2253275852756782
Nc=Np,0.39996337890625,6553,1.1880012119782537
Nc=Np,0.39996337890625,6553,1.2694891791892493
Nc=Np,0.39996337890625,6553,1.2517557546197318
Nc=Np,0.39996337890625,6553,1.3030265179273173
Nc=Np,0.39996337890625,6553,1.2865577823235166
Nc=Np,0.39996337890625,6553,1.2191630841404848
Nc=Np,0.39996337890625,6553,1.1495663208345115
Nc=Np,0.39996337890625,6553,1.262398745152909
Nc=Np,0.39996337890625,6553,1.335449255312169
Nc=Np,0.39996337890625,6553,1.2300039303998247
Nc=Np,0.39996337890625,6553,1.2223348635842162
Nc=Np,0.39996337890625,6553,1.2338847392828212
Nc=Np,0.39996337890625,6553,1.265675271220861
Nc=Np,0.39996337890625,6553,1.222778190830998
Nc=Np,0.39996337890625,6553,1.335351094097299
Nc=Np,0.39996337890625,6553,1.267800954497438
Nc=Np,0.39996337890625,6553,1.193771324939301
Nc=Np,0.39996337890625,6553,1.16905858976379
Nc=Np,0.39996337890625,6553,1.180525419574988
Nc=Np,0.39996337890625,6553,1.108365076156094
Nc=Np,0.39996337890625,6553,1.1779924660159384
Nc=Np,0.39996337890625,6553,1.2096574024518043
Nc=Np,0.39996337890625,6553,1.3794666964984552
Nc=Np,0.39996337890625,6553,1.175902792854589
Nc=Np,0.39996337890625,6553,1.2304716867064465
Nc=Np,0.39996337890625,6553,1.2823856651119487
Nc=Np,0.39996337890625,6553,1.2813579140549236
Nc=Np,0.39996337890625,6553,1.1811166388287273
Nc=Np,0.39996337890625,6553,1.169968909939244
Nc=Np,0.39996337890625,6553,1.217926064987318
Nc=Np,0.39996337890625,6553,1.2634069313044756
Nc=Np,0.39996337890625,6553,1.2031312185303014
Nc=Np,0.39996337890625,6553,1.1432608695739186
Nc=Np,0.39996337890625,6553,1.2496893249407244
Nc=Np,0.39996337890625,6553,1.245811612073198
Nc=Np,0.39996337890625,6553,1.1902039435916127
Nc=Np,0.39996337890625,6553,1.3110879346091169
Nc=Np,0.39996337890625,6553,1.2771394031065109
Nc=Np,0.39996337890625,6553,1.382681602116436
Nc=Np,0.39996337890625,6553,1.2405018999103916
Nc=Np,0.39996337890625,6553,1.1822977680333566
Nc=Np,0.39996337890625,6553,1.226077907312572
Nc=Np,0.39996337890625,6553,1.218799068634391
Nc=Np,0.39996337890625,6553,1.2149415556371357
Nc=Np,0.39996337890625,6553,1.1320713924435066
Nc=Np,0.39996337890625,6553,1.198445370124617
Nc=Np,0.39996337890625,6553,1.189830413498406
Nc=Np,0.39996337890625,6553,1.257154049389944
Nc=Np,0.39996337890625,6553,1.3012668039982764
Nc=Np,0.39996337890625,6553,1.195295173125055
Nc=Np,0.39996337890625,6553,1.2947451326092847
Nc=Np,0.39996337890625,6553,1.3212300881841352
Nc=Np,0.39996337890625,6553,1.154623362743889
Nc=Np,0.39996337890625,6553,1.2460688384528107
Nc=Np,0.39996337890625,6553,1.2368399093050544
Nc=Np,0.39996337890625,6553,1.221495008860256
Nc=Np,0.39996337890625,6553,1.2187863992698764
Nc=Np,0.39996337890625,6553,1.1479238104306095
Nc=Np,0.39996337890625,6553,1.2004114228928604
Nc=Np,0.39996337890625,6553,1.19678726703914
Nc=Np,0.39996337890625,6553,1.1706841600467208
Nc=Np,0.39996337890625,6553,1.1815906304176036
Nc=Np,0.39996337890625,6553,1.2540531748997557
Nc=Np,0.39996337890625,6553,1.2152829971402834
Nc=Np,0.39996337890625,6553,1.1616188219061043
Nc=Np,0.5,8192,1.337677594922573
Nc=Np,0.5,8192,1.405826654871243
Nc=Np,0.5,8192,1.3624023230792477
Nc=Np,0.5,8192,1.3739875599310525
Nc=Np,0.5,8192,1.4933338338596671
Nc=Np,0.5,8192,1.406735835948412
Nc=Np,0.5,8192,1.5081038148941657
Nc=Np,0.5,8192,1.4416363341886025
Nc=Np,0.5,8192,1.5950305630555996
Nc=Np,0.5,8192,1.5232446693244914
Nc=Np,0.5,8192,1.358229332234373
Nc=Np,0.5,8192,1.3447553703786137
Nc=Np,0.5,8192,1.3887692413933412
Nc=Np,0.5,8192,1.539574595971987
Nc=Np,0.5,8192,1.2469551234723617
Nc=Np,0.5,8192,1.4482336344999878
Nc=Np,0.5,8192,1.448815243967657
Nc=Np,0.5,8192,1.3458995332768884
Nc=Np,0.5,8192,1.518313520148853
Nc=Np,0.5,8192,1.4580761331655077
Nc=Np,0.5,8192,1.4601794346110388
Nc=Np,0.5,8192,1.416726709084777
Nc=Np,0.5,8192,1.4209739738635587
Nc=Np,0.5,8192,1.3036140899271973
Nc=Np,0.5,8192,1.2774992934865197
Nc=Np,0.5,8192,1.446960168644447
Nc=Np,0.5,8192,1.4709224719700087
Nc=Np,0.5,8192,1.4253223864698152
Nc=Np,0.5,8192,1.5477466301117155
Nc=Np,0.5,8192,1.5382496046338492
Nc=Np,0.5,8192,1.4407548865465163
Nc=Np,0.5,8192,1.4708031728888138
Nc=Np,0.5,8192,1.6669638966687013
Nc=Np,0.5,8192,1.4545244266839827
Nc=Np,0.5,8192,1.3779451655277744
Nc=Np,0.5,8192,1.44711651988266
Nc=Np,0.5,8192,1.2917001362937817
Nc=Np,0.5,8192,1.528277435480479
Nc=Np,0.5,8192,1.4432138624000124
Nc=Np,0.5,8192,1.5428442323245588
Nc=Np,0.5,8192,1.4189285330670445
Nc=Np,0.5,8192,1.412063674559498
Nc=Np,0.5,8192,1.3354670575492429
Nc=Np,0.5,8192,1.324668779527755
Nc=Np,0.5,8192,1.5958966976368576
Nc=Np,0.5,8192,1.508773802597777
Nc=Np,0.5,8192,1.3766536700942171
Nc=Np,0.5,8192,1.414311676607906
Nc=Np,0.5,8192,1.4462598720636246
Nc=Np,0.5,8192,1.3855370847152204
Nc=Np,0.5,8192,1.385463979375094
Nc=Np,0.5,8192,1.389637612934738
Nc=Np,0.5,8192,1.4544652080333895
Nc=Np,0.5,8192,1.478906771020812
Nc=Np,0.5,8192,1.2780479302661822
Nc=Np,0.5,8192,1.4141080565519508
Nc=Np,0.5,8192,1.4454395379791356
Nc=Np,0.5,8192,1.3683999934538118
Nc=Np,0.5,8192,1.512243486640188
Nc=Np,0.5,8192,1.3564606518843183
Nc=Np,0.5,8192,1.2395453995791024
Nc=Np,0.5,8192,1.3421424722734996
Nc=Np,0.5,8192,1.3643826464903008
Nc=Np,0.5,8192,1.2831391627295956
Nc=Np,0.5,8192,1.456765014263944
Nc=Np,0.5,8192,1.406472316986576
Nc=Np,0.5,8192,1.5006742215044515
Nc=Np,0.5,8192,1.5575221440833535
Nc=Np,0.5,8192,1.4888839354870975
Nc=Np,0.5,8192,1.544356046707226
Nc=Np,0.5,8192,1.405169845007098
Nc=Np,0.5,8192,1.4773692570718169
Nc=Np,0.5,8192,1.4472958950702155
Nc=Np,0.5,8192,1.3777304787661733
Nc=Np,0.5,8192,1.5638909314550644
Nc=Np,0.5,8192,1.4187128399612756
Nc=Np,0.5,8192,1.3732227095020897
Nc=Np,0.5,8192,1.2208783174735485
Nc=Np,0.5,8192,1.4535623763171908
Nc=Np,0.5,8192,1.440884183222977
Nc=Np,0.5,8192,1.5604539537838278
Nc=Np,0.5,8192,1.4537916518926757
Nc=Np,0.5,8192,1.579036438509053
Nc=Np,0.5,8192,1.4235309343256703
Nc=Np,0.5,8192,1.4020651828474235
Nc=Np,0.5,8192,1.2662946326143296
Nc=Np,0.5,8192,1.5148143185866405
Nc=Np,0.5,8192,1.3873008362641848
Nc=Np,0.5,8192,1.416196717575072
Nc=Np,0.5,8192,1.4168515037982932
Nc=Np,0.5,8192,1.3800740770720648
Nc=Np,0.5,8192,1.4123903480692932
Nc=Np,0.5,8192,1.2877294587917325
Nc=Np,0.5,8192,1.3242989302578587
Nc=Np,0.5,8192,1.388041832395977
Nc=Np,0.5,8192,1.485511552291586
Nc=Np,0.5,8192,1.35210718783425
Nc=Np,0.5,8192,1.391462165130296
Nc=Np,0.5,8192,1.556511669485566
Nc=Np,0.5,8192,1.479279673334598
Nc=Np,0.5999755859375,9830,1.42908229036961
Nc=Np,0.5999755859375,9830,1.3404901975641303
Nc=Np,0.5999755859375,9830,1.5254367938124511
Nc=Np,0.5999755859375,9830,1.3545075725559097
Nc=Np,0.5999755859375,9830,1.2922226686197793
Nc=Np,0.5999755859375,9830,1.2348222334319552
Nc=Np,0.5999755859375,9830,1.371533176798432
Nc=Np,0.5999755859375,9830,1.2397179732146053
Nc=Np,0.5999755859375,9830,1.3235854987386462
Nc=Np,0.5999755859375,9830,1.606129529456884
Nc=Np,0.5999755859375,9830,1.345559647625263
Nc=Np,0.5999755859375,9830,1.291210143671225
Nc=Np,0.5999755859375,9830,1.4555927644803104
Nc=Np,0.5999755859375,9830,1.403579439011122
Nc=Np,0.5999755859375,9830,1.4146540925904147
Nc=Np,0.5999755859375,9830,1.2776687607586077
Nc=Np,0.5999755859375,9830,1.472215828056914
Nc=Np,0.5999755859375,9830,1.3722244064936082
Nc=Np,0.5999755859375,9830,1.4997918662486884
Nc=Np,0.5999755859375,9830,1.4645226564588134
Nc=Np,0.5999755859375,9830,1.4631251108297636
Nc=Np,0.5999755859375,9830,1.4559883987769675
Nc=Np,0.5999755859375,9830,1.71613112034603
Nc=Np,0.5999755859375,9830,1.15378700555898
Nc=Np,0.5999755859375,9830,1.278505211702952
Nc=Np,0.5999755859375,9830,1.384004994132758
Nc=Np,0.5999755859375,9830,1.3981445375339865
Nc=Np,0.5999755859375,9830,1.2010062836557531
Nc=Np,0.5999755859375,9830,1.3795466047624911
Nc=Np,0.5999755859375,9830,1.3348059839994284
Nc=Np,0.5999755859375,9830,1.4416495022171998
Nc=Np,0.5999755859375,9830,1.3663371496661174
Nc=Np,0.5999755859375,9830,1.4731904783398933
Nc=Np,0.5999755859375,9830,1.3417878752227328
Nc=Np,0.5999755859375,9830,1.3859402244875625
Nc=Np,0.5999755859375,9830,1.4236643951126773
Nc=Np,0.5999755859375,9830,1.3129457504859707
Nc=Np,0.5999755859375,9830,1.3747231882794746
Nc=Np,0.5999755859375,9830,1.387550862734662
Nc=Np,0.5999755859375,9830,1.4621006868050672
Nc=Np,0.5999755859375,9830,1.3358986120559002
Nc=Np,0.5999755859375,9830,1.4271019291711138
Nc=Np,0.5999755859375,9830,1.5017216838155865
Nc=Np,0.5999755859375,9830,1.3295590114208264
Nc=Np,0.5999755859375,9830,1.4696695941575024
Nc=Np,0.5999755859375,9830,1.425854231403851
Nc=Np,0.5999755859375,9830,1.2907309441720074
Nc=Np,0.5999755859375,9830,1.433346682428596
Nc=Np,0.5999755859375,9830,1.3568580148034937
Nc=Np,0.5999755859375,9830,1.3407590873688813
Nc=Np,0.5999755859375,9830,1.2816093066493237
Nc=Np,0.5999755859375,9830,1.4667903344034476
Nc=Np,0.5999755859375,9830,1.4123847958579214
Nc=Np,0.5999755859375,9830,1.5403535968696282
Nc=Np,0.5999755859375,9830,1.3955590405736509
Nc=Np,0.5999755859375,9830,1.5371822721493946
Nc=Np,0.5999755859375,9830,1.3486280738577587
Nc=Np,0.5999755859375,9830,1.3665330963478757
Nc=Np,0.5999755859375,9830,1.3234332681550045
Nc=Np,0.5999755859375,9830,1.417881933047349
Nc=Np,0.5999755859375,9830,1.4868902603301868
Nc=Np,0.5999755859375,9830,1.264653419942973
Nc=Np,0.5999755859375,9830,1.4708689683804206
Nc=Np,0.5999755859375,9830,1.3607486296064002
Nc=Np,0.5999755859375,9830,1.365639573900744
Nc=Np,0.5999755859375,9830,1.3591165941535066
Nc=Np,0.5999755859375,9830,1.3393085078312794
Nc=Np,0.5999755859375,9830,1.4417591434434858
Nc=Np,0.5999755859375,9830,1.5069181810894834
Nc=Np,0.5999755859375,9830,1.2757092515926722
Nc=Np,0.5999755859375,9830,1.4984083509861543
Nc=Np,0.5999755859375,9830,1.4806729474298663
Nc=Np,0.5999755859375,9830,1.3637124614250715
Nc=Np,0.5999755859375,9830,1.3208312418587758
Nc=Np,0.5999755859375,9830,1.2793716048084958
Nc=Np,0.5999755859375,9830,1.2759121619590106
Nc=Np,0.5999755859375,9830,1.509182445691072
Nc=Np,0.5999755859375,9830,1.2628203202024166
Nc=Np,0.5999755859375,9830,1.3333626296049186
Nc=Np,0.5999755859375,9830,1.559530958014084
Nc=Np,0.5999755859375,9830,1.4794225880894905
Nc=Np,0.5999755859375,9830,1.4201614753549228
Nc=Np,0.5999755859375,9830,1.32534221329871
Nc=Np,0.5999755859375,9830,1.4723476193907397
Nc=Np,0.5999755859375,9830,1.60530433890332
Nc=Np,0.5999755859375,9830,1.5257613182504608
Nc=Np,0.5999755859375,9830,1.298705745639816
Nc=Np,0.5999755859375,9830,1.5019229957075313
Nc=Np,0.5999755859375,9830,1.4921568164363042
Nc=Np,0.5999755859375,9830,1.4721449781603873
Nc=Np,0.5999755859375,9830,1.2794221605710234
Nc=Np,0.5999755859375,9830,1.3951059196735056
Nc=Np,0.5999755859375,9830,1.1916515928299949
Nc=Np,0.5999755859375,9830,1.4008315314638151
Nc=Np,0.5999755859375,9830,1.269918404769755
Nc=Np,0.5999755859375,9830,1.5219685466127817
Nc=Np,0.5999755859375,9830,1.3296628564759765
Nc=Np,0.5999755859375,9830,1.282295835377118
Nc=Np,0.5999755859375,9830,1.3892436072264878
Nc=Np,0.5999755859375,9830,1.3930514590752292
Nc=Np,0.699951171875,11468,1.0988012239660143
Nc=Np,0.699951171875,11468,1.1864281733726332
Nc=Np,0.699951171875,11468,1.3058690994656277
Nc=Np,0.699951171875,11468,1.0554116709275372
Nc=Np,0.699951171875,11468,1.329812204282635
Nc=Np,0.699951171875,11468,1.1532592327384266
Nc=Np,0.699951171875,11468,1.1208713914848685
Nc=Np,0.699951171875,11468,1.383507965929939
Nc=Np,0.699951171875,11468,1.1697169458863286
Nc=Np,0.699951171875,11468,1.0579659600933482
Nc=Np,0.699951171875,11468,1.0881509563994758
Nc=Np,0.699951171875,11468,1.0899054839701117
Nc=Np,0.699951171875,11468,1.0727985573616308
Nc=Np,0.699951171875,11468,1.1233373272899176
Nc=Np,0.699951171875,11468,1.0915915520106534
Nc=Np,0.699951171875,11468,0.9965323096944704
Nc=Np,0.699951171875,11468,1.0653238518049657
Nc=Np,0.699951171875,11468,1.2208199278563274
Nc=Np,0.699951171875,11468,1.0373436246203411
Nc=Np,0.699951171875,11468,1.1788595302246276
Nc=Np,0.699951171875,11468,1.304130603815975
Nc=Np,0.699951171875,11468,1.2323410593556388
Nc=Np,0.699951171875,11468,1.2482679579912623
Nc=Np,0.699951171875,11468,1.1076158897622914
Nc=Np,0.699951171875,11468,0.9455486643554352
Nc=Np,0.699951171875,11468,0.9867620371696144
Nc=Np,0.699951171875,11468,1.1847189741204724
Nc=Np,0.699951171875,11468,1.1365849674545456
Nc=Np,0.699951171875,11468,0.9596062876531588
Nc=Np,0.699951171875,11468,1.1117981820861558
Nc=Np,0.699951171875,11468,1.0035686801715291
Nc=Np,0.699951171875,11468,0.9997523188527926
Nc=Np,0.699951171875,11468,1.047820160068933
Nc=Np,0.699951171875,11468,1.1095414050500898
Nc=Np,0.699951171875,11468,0.9860849642948444
Nc=Np,0.699951171875,11468,1.0319395296271647
Nc=Np,0.699951171875,11468,1.2678450068106335
Nc=Np,0.699951171875,11468,0.9361229371367592
Nc=Np,0.699951171875,11468,1.1060438680087623
Nc=Np,0.699951171875,11468,1.0153721962834987
Nc=Np,0.699951171875,11468,1.0485453668940825
Nc=Np,0.699951171875,11468,0.941901360472424
Nc=Np,0.699951171875,11468,1.0580187595584318
Nc=Np,0.699951171875,11468,1.1288838337892522
Nc=Np,0.699951171875,11468,1.1884045816819129
Nc=Np,0.699951171875,11468,0.9581243751708954
Nc=Np,0.699951171875,11468,1.3066442729316463
Nc=Np,0.699951171875,11468,1.057961690611212
Nc=Np,0.699951171875,11468,1.0209478527618658
Nc=Np,0.699951171875,11468,1.2626197255304947
Nc=Np,0.699951171875,11468,0.979665699458912
Nc=Np,0.699951171875,11468,0.95381291944396
Nc=Np,0.699951171875,11468,1.208531442920474
Nc=Np,0.699951171875,11468,1.031496118496524
Nc=Np,0.699951171875,11468,1.0216029984569148
Nc=Np,0.699951171875,11468,1.1183112251578082
Nc=Np,0.699951171875,11468,1.1562868032123923
Nc=Np,0.699951171875,11468,1.0153777945303724
Nc=Np,0.699951171875,11468,1.2298627250241954
Nc=Np,0.699951171875,11468,1.183774917572498
Nc=Np,0.699951171875,11468,1.0847857343488847
Nc=Np,0.699951171875,11468,0.9533471090920812
Nc=Np,0.699951171875,11468,1.083623050444509
Nc=Np,0.699951171875,11468,1.3605354564640983
Nc=Np,0.699951171875,11468,1.3738949916214436
Nc=Np,0.699951171875,11468,1.1350741516513063
Nc=Np,0.699951171875,11468,1.07460695447787
Nc=Np,0.699951171875,11468,1.14052755618448
Nc=Np,0.699951171875,11468,1.2315690208713377
Nc=Np,0.699951171875,11468,1.2335669535729137
Nc=Np,0.699951171875,11468,1.331764830589654
Nc=Np,0.699951171875,11468,1.0748312713664854
Nc=Np,0.699951171875,11468,1.02120507205809
Nc=Np,0.699951171875,11468,0.896649270020837
Nc=Np,0.699951171875,11468,0.9879453458129972
Nc=Np,0.699951171875,11468,1.0332195110841118
Nc=Np,0.699951171875,11468,0.986365394133934
Nc=Np,0.699951171875,11468,0.9132243188154642
Nc=Np,0.699951171875,11468,1.1161470378816083
Nc=Np,0.699951171875,11468,1.1323777076001582
Nc=Np,0.699951171875,11468,0.9997315970515054
Nc=Np,0.699951171875,11468,1.1684635190217
Nc=Np,0.699951171875,11468,1.0620307211047888
Nc=Np,0.699951171875,11468,0.9557069410913848
Nc=Np,0.699951171875,11468,1.2549839423837494
Nc=Np,0.699951171875,11468,1.138693921199247
Nc=Np,0.699951171875,11468,1.0566897879977388
Nc=Np,0.699951171875,11468,0.9902180233012572
Nc=Np,0.699951171875,11468,1.1290107253673909
Nc=Np,0.699951171875,11468,1.0641291334789094
Nc=Np,0.699951171875,11468,1.181832535014446
Nc=Np,0.699951171875,11468,0.9115350676397852
Nc=Np,0.699951171875,11468,1.136330880853364
Nc=Np,0.699951171875,11468,0.8697135917223243
Nc=Np,0.699951171875,11468,1.0034575568771746
Nc=Np,0.699951171875,11468,1.0679955164208577
Nc=Np,0.699951171875,11468,1.014270135348002
Nc=Np,0.699951171875,11468,1.0522441529448936
Nc=Np,0.699951171875,11468,1.0255095046655704
Nc=Np,0.699951171875,11468,1.0492302936099942
Nc=Np,0.79998779296875,13107,0.8502886728140913
Nc=Np,0.79998779296875,13107,0.7516070093766112
Nc=Np,0.79998779296875,13107,0.8923751396492398
Nc=Np,0.79998779296875,13107,0.9484815261291226
Nc=Np,0.79998779296875,13107,0.6012678795532768
Nc=Np,0.79998779296875,13107,0.7359214694319285
Nc=Np,0.79998779296875,13107,0.8601833323192497
Nc=Np,0.79998779296875,13107,0.7093932049353959
Nc=Np,0.79998779296875,13107,0.9165647490901702
Nc=Np,0.79998779296875,13107,0.6469617324314532
Nc=Np,0.79998779296875,13107,0.8603895761903348
Nc=Np,0.79998779296875,13107,1.0973591821969697
Nc=Np,0.79998779296875,13107,0.627101719755333
Nc=Np,0.79998779296875,13107,0.7328928942827185
Nc=Np,0.79998779296875,13107,0.7705064184087871
Nc=Np,0.79998779296875,13107,0.9713061612411068
Nc=Np,0.79998779296875,13107,0.6308766151442993
Nc=Np,0.79998779296875,13107,1.0353668120978856
Nc=Np,0.79998779296875,13107,0.6933884171481114
Nc=Np,0.79998779296875,13107,0.661777501820575
Nc=Np,0.79998779296875,13107,0.7727392758542717
Nc=Np,0.79998779296875,13107,0.778114880746301
Nc=Np,0.79998779296875,13107,0.5515308572154888
Nc=Np,0.79998779296875,13107,0.8215473784968869
Nc=Np,0.79998779296875,13107,0.8524695336783572
Nc=Np,0.79998779296875,13107,0.911012059544166
Nc=Np,0.79998779296875,13107,0.7992668899367534
Nc=Np,0.79998779296875,13107,0.6837253728326015
Nc=Np,0.79998779296875,13107,0.8289279979418234
Nc=Np,0.79998779296875,13107,0.8561024420861308
Nc=Np,0.79998779296875,13107,0.785159822620604
Nc=Np,0.79998779296875,13107,0.5777995946757329
Nc=Np,0.79998779296875,13107,0.7089355394213915
Nc=Np,0.79998779296875,13107,0.7476535224371894
Nc=Np,0.79998779296875,13107,0.6734290987634846
Nc=Np,0.79998779296875,13107,0.8060820528738395
Nc=Np,0.79998779296875,13107,0.749667910843169
Nc=Np,0.79998779296875,13107,0.7925524388676136
Nc=Np,0.79998779296875,13107,0.6759818005482812
Nc=Np,0.79998779296875,13107,0.8363156038374745
Nc=Np,0.79998779296875,13107,0.798132781440007
Nc=Np,0.79998779296875,13107,0.6676298180480145
Nc=Np,0.79998779296875,13107,0.7216094433837472
Nc=Np,0.79998779296875,13107,0.9070331364301234
Nc=Np,0.79998779296875,13107,0.6664821781492585
Nc=Np,0.79998779296875,13107,0.4587073019222695
Nc=Np,0.79998779296875,13107,0.9522270544714156
Nc=Np,0.79998779296875,13107,1.0201949979251903
Nc=Np,0.79998779296875,13107,0.7315522242836334
Nc=Np,0.79998779296875,13107,0.7255333921805084
Nc=Np,0.79998779296875,13107,1.1045731426965808
Nc=Np,0.79998779296875,13107,0.9952492895770318
Nc=Np,0.79998779296875,13107,0.7123147834598583
Nc=Np,0.79998779296875,13107,0.9426097682400576
Nc=Np,0.79998779296875,13107,0.7821705854537394
Nc=Np,0.79998779296875,13107,1.018518781491113
Nc=Np,0.79998779296875,13107,1.0420509931102102
Nc=Np,0.79998779296875,13107,0.6480354082455881
Nc=Np,0.79998779296875,13107,0.8160243534427093
Nc=Np,0.79998779296875,13107,0.7119477258709173
Nc=Np,0.79998779296875,13107,0.7973051195892564
Nc=Np,0.79998779296875,13107,0.7870147657245609
Nc=Np,0.79998779296875,13107,0.9142454324261218
Nc=Np,0.79998779296875,13107,0.8346665109753292
Nc=Np,0.79998779296875,13107,0.9091443391117834
Nc=Np,0.79998779296875,13107,0.9128380420504248
Nc=Np,0.79998779296875,13107,0.955459415119326
Nc=Np,0.79998779296875,13107,0.7916457163939821
Nc=Np,0.79998779296875,13107,0.6999587336267616
Nc=Np,0.79998779296875,13107,0.7461300955489332
Nc=Np,0.79998779296875,13107,0.7645064715753034
Nc=Np,0.79998779296875,13107,0.8369138184386307
Nc=Np,0.79998779296875,13107,0.9035157565459986
Nc=Np,0.79998779296875,13107,0.6946788826110879
Nc=Np,0.79998779296875,13107,0.7589329004439607
Nc=Np,0.79998779296875,13107,0.7688367341903827
Nc=Np,0.79998779296875,13107,0.7459710519002382
Nc=Np,0.79998779296875,13107,0.683203046578512
Nc=Np,0.79998779296875,13107,0.8669502461439078
Nc=Np,0.79998779296875,13107,0.4643126574553915
Nc=Np,0.79998779296875,13107,0.7666870167737693
Nc=Np,0.79998779296875,13107,0.7320221390519739
Nc=Np,0.79998779296875,13107,0.796719153387577
Nc=Np,0.79998779296875,13107,0.7196004280398809
Nc=Np,0.79998779296875,13107,0.8606407894297876
Nc=Np,0.79998779296875,13107,0.7099389394268966
Nc=Np,0.79998779296875,13107,0.9620518398926934
Nc=Np,0.79998779296875,13107,0.7402137961065413
Nc=Np,0.79998779296875,13107,1.02880639680885
Nc=Np,0.79998779296875,13107,0.7176965799935364
Nc=Np,0.79998779296875,13107,0.85687561830878
Nc=Np,0.79998779296875,13107,0.7392015410392476
Nc=Np,0.79998779296875,13107,0.7853620186738104
Nc=Np,0.79998779296875,13107,0.6860151140729605
Nc=Np,0.79998779296875,13107,0.6910266910587387
Nc=Np,0.79998779296875,13107,0.6699784205053019
Nc=Np,0.79998779296875,13107,0.6908674809455279
Nc=Np,0.79998779296875,13107,0.9236234273858168
Nc=Np,0.79998779296875,13107,1.2058474270584187
Nc=Np,0.79998779296875,13107,0.8697814223248064
Nc=Np*0.5,0.0,0,1.9956258464802272
Nc=Np*0.5,0.0,0,2.1054145769228563
Nc=Np*0.5,0.0,0,1.909336875642292
Nc=Np*0.5,0.0,0,1.9845912205425005
Nc=Np*0.5,0.0,0,2.0054963059383484
Nc=Np*0.5,0.0,0,2.0377468433952024
Nc=Np*0.5,0.0,0,1.9951796101629171
Nc=Np*0.5,0.0,0,2.0300970500499878
Nc=Np*0.5,0.0,0,2.036990114380113
Nc=Np*0.5,0.0,0,1.886612558452867
Nc=Np*0.5,0.0,0,2.0271530818115835
Nc=Np*0.5,0.0,0,2.079257017631571
Nc=Np*0.5,0.0,0,2.0312213506852563
Nc=Np*0.5,0.0,0,2.008146157653975
Nc=Np*0.5,0.0,0,1.983922055130522
Nc=Np*0.5,0.0,0,2.0286501625395306
Nc=Np*0.5,0.0,0,1.98200953847681
Nc=Np*0.5,0.0,0,1.9043374559058848
Nc=Np*0.5,0.0,0,1.9325647746154035
Nc=Np*0.5,0.0,0,2.0035925600305977
Nc=Np*0.5,0.0,0,2.017217955055919
Nc=Np*0.5,0.0,0,1.9439946697942876
Nc=Np*0.5,0.0,0,2.049464296294138
Nc=Np*0.5,0.0,0,2.0906342369333464
Nc=Np*0.5,0.0,0,1.9517295823024363
Nc=Np*0.5,0.0,0,1.9242634621572687
Nc=Np*0.5,0.0,0,2.051281332242973
Nc=Np*0.5,0.0,0,1.979948245324133
Nc=Np*0.5,0.0,0,2.0051175246703914
Nc=Np*0.5,0.0,0,2.01573098738173
Nc=Np*0.5,0.0,0,1.9943036122919149
Nc=Np*0.5,0.0,0,1.9957134943690544
Nc=Np*0.5,0.0,0,1.886306196706435
Nc=Np*0.5,0.0,0,1.982226786675901
Nc=Np*0.5,0.0,0,2.0357616080390595
Nc=Np*0.5,0.0,0,2.030479630453439
Nc=Np*0.5,0.0,0,2.0255794167155643
Nc=Np*0.5,0.0,0,2.060684400487768
Nc=Np*0.5,0.0,0,2.092058920886652
Nc=Np*0.5,0.0,0,1.8694723800179829
Nc=Np*0.5,0.0,0,2.0146345563182004
Nc=Np*0.5,0.0,0,1.959184928228405
Nc=Np*0.5,0.0,0,2.007528854258918
Nc=Np*0.5,0.0,0,1.9586354869977955
Nc=Np*0.5,0.0,0,1.9261839566053136
Nc=Np*0.5,0.0,0,2.043153500977064
Nc=Np*0.5,0.0,0,1.9227821539792724
Nc=Np*0.5,0.0,0,1.987929501302911
Nc=Np*0.5,0.0,0,1.947408284031008
Nc=Np*0.5,0.0,0,1.990081880448284
Nc=Np*0.5,0.0,0,2.0617035581125456
Nc=Np*0.5,0.0,0,2.0114733971412697
Nc=Np*0.5,0.0,0,2.050706019552316
Nc=Np*0.5,0.0,0,1.964027213311939
Nc=Np*0.5,0.0,0,2.057837899590006
Nc=Np*0.5,0.0,0,2.040911952438925
Nc=Np*0.5,0.0,0,2.059294211799113
Nc=Np*0.5,0.0,0,2.058806255894892
Nc=Np*0.5,0.0,0,1.9554023094153088
Nc=Np*0.5,0.0,0,2.043878716621764
Nc=Np*0.5,0.0,0,2.006747747388407
Nc=Np*0.5,0.0,0,1.9458865915788248
Nc=Np*0.5,0.0,0,2.006212008435818
Nc=Np*0.5,0.0,0,1.9907195417174544
Nc=Np*0.5,0.0,0,2.0779774499527743
Nc=Np*0.5,0.0,0,1.936330135541308
Nc=Np*0.5,0.0,0,1.9746575250285976
Nc=Np*0.5,0.0,0,2.0476445362455653
Nc=Np*0.5,0.0,0,1.9482060332571685
Nc=Np*0.5,0.0,0,1.984294991706535
Nc=Np*0.5,0.0,0,1.9049093161658064
Nc=Np*0.5,0.0,0,2.0237353680667365
Nc=Np*0.5,0.0,0,2.002635669960475
Nc=Np*0.5,0.0,0,2.018054396458507
Nc=Np*0.5,0.0,0,1.94791018070395
Nc=Np*0.5,0.0,0,2.048036240252169
Nc=Np*0.5,0.0,0,2.1226678894068365
Nc=Np*0.5,0.0,0,1.9554050963965173
Nc=Np*0.5,0.0,0,1.967436940566336
Nc=Np*0.5,0.0,0,2.0265995299766244
Nc=Np*0.5,0.0,0,2.0203985831702798
Nc=Np*0.5,0.0,0,2.029245908601245
Nc=Np*0.5,0.0,0,2.0836750932149517
Nc=Np*0.5,0.0,0,1.946515219199128
Nc=Np*0.5,0.0,0,2.0477554859201126
Nc=Np*0.5,0.0,0,1.9981795718738609
Nc=Np*0.5,0.0,0,2.022764580868193
Nc=Np*0.5,0.0,0,1.9793757454091503
Nc=Np*0.5,0.0,0,2.00201991210693
Nc=Np*0.5,0.0,0,1.9711659641407104
Nc=Np*0.5,0.0,0,2.029929395094067
Nc=Np*0.5,0.0,0,2.0784928972272727
Nc=Np*0.5,0.0,0,1.926733703512561
Nc=Np*0.5,0.0,0,2.006140807996507
Nc=Np*0.5,0.0,0,1.9468031627384828
Nc=Np*0.5,0.0,0,1.994389840028784
Nc=Np*0.5,0.0,0,1.957582714881952
Nc=Np*0.5,0.0,0,2.0292790861081604
Nc=Np*0.5,0.0,0,1.9396017999758457
Nc=Np*0.5,0.0,0,2.0447469317189366
Nc=Np*0.5,0.0999755859375,1638,2.306358238660815
Nc=Np*0.5,0.0999755859375,1638,2.3004691817346847
Nc=Np*0.5,0.0999755859375,1638,2.411161990481628
Nc=Np*0.5,0.0999755859375,1638,2.228435205356229
Nc=Np*0.5,0.0999755859375,1638,2.252450923169799
Nc=Np*0.5,0.0999755859375,1638,2.369046989769856
Nc=Np*0.5,0.0999755859375,1638,2.3498539438018904
Nc=Np*0.5,0.0999755859375,1638,2.3477611458206207
Nc=Np*0.5,0.0999755859375,1638,2.2054166346696533
Nc=Np*0.5,0.0999755859375,1638,2.2344104190301324
Nc=Np*0.5,0.0999755859375,1638,2.292425336576181
Nc=Np*0.5,0.0999755859375,1638,2.077969629792562
Nc=Np*0.5,0.0999755859375,1638,2.4286249921688805
Nc=Np*0.5,0.0999755859375,1638,2.2760160115018278
Nc=Np*0.5,0.0999755859375,1638,2.201883956391716
Nc=Np*0.5,0.0999755859375,1638,2.372804005349658
Nc=Np*0.5,0.0999755859375,1638,2.320790165313613
Nc=Np*0.5,0.0999755859375,1638,2.360648306303299
Nc=Np*0.5,0.0999755859375,1638,2.2617722137604
Nc=Np*0.5,0.0999755859375,1638,2.3365182096639106
Nc=Np*0.5,0.0999755859375,1638,2.320945664216126
Nc=Np*0.5,0.0999755859375,1638,2.41001837949586
Nc=Np*0.5,0.0999755859375,1638,2.2329587410649268
Nc=Np*0.5,0.0999755859375,1638,2.341007245602531
Nc=Np*0.5,0.0999755859375,1638,2.30203550235914
Nc=Np*0.5,0.0999755859375,1638,2.35885198207701
Nc=Np*0.5,0.0999755859375,1638,2.310469800750872
Nc=Np*0.5,0.0999755859375,1638,2.2240133852145694
Nc=Np*0.5,0.0999755859375,1638,2.3149182142932023
Nc=Np*0.5,0.0999755859375,1638,2.2031138739419207
Nc=Np*0.5,0.0999755859375,1638,2.3766903343522743
Nc=Np*0.5,0.0999755859375,1638,2.25503851167162
Nc=Np*0.5,0.0999755859375,1638,2.349287451806039
Nc=Np*0.5,0.0999755859375,1638,2.4023832078964444
Nc=Np*0.5,0.0999755859375,1638,2.2991378487743077
Nc=Np*0.5,0.0999755859375,1638,2.405376532610454
Nc=Np*0.5,0.0999755859375,1638,2.3341096117004865
Nc=Np*0.5,0.0999755859375,1638,2.3496984340001354
Nc=Np*0.5,0.0999755859375,1638,2.2164844578314304
Nc=Np*0.5,0.0999755859375,1638,2.277772662858145
Nc=Np*0.5,0.0999755859375,1638,2.191802249952268
Nc=Np*0.5,0.0999755859375,1638,2.314790191635297
Nc=Np*0.5,0.0999755859375,1638,2.2279623194161338
Nc=Np*0.5,0.0999755859375,1638,2.386615209728334
Nc=Np*0.5,0.0999755859375,1638,2.3624778106686266
Nc=Np*0.5,0.0999755859375,1638,2.2601456706881446
Nc=Np*0.5,0.0999755859375,1638,2.3546666753459595
Nc=Np*0.5,0.0999755859375,1638,2.2659303504909616
Nc=Np*0.5,0.0999755859375,1638,2.194656540419153
Nc=Np*0.5,0.0999755859375,1638,2.2523960213077694
Nc=Np*0.5,0.0999755859375,1638,2.329308991554532
Nc=Np*0.5,0.0999755859375,1638,2.361086022272921
Nc=Np*0.5,0.0999755859375,1638,2.225016031410805
Nc=Np*0.5,0.0999755859375,1638,2.2366512474891813
Nc=Np*0.5,0.0999755859375,1638,2.3062876364136558
Nc=Np*0.5,0.0999755859375,1638,2.216345524765223
Nc=Np*0.5,0.0999755859375,1638,2.270483399661701
Nc=Np*0.5,0.0999755859375,1638,2.198634939701476
Nc=Np*0.5,0.0999755859375,1638,2.229486956712224
Nc=Np*0.5,0.0999755859375,1638,2.268832348684928
Nc=Np*0.5,0.0999755859375,1638,2.3471301756889544
Nc=Np*0.5,0.0999755859375,1638,2.28930299784058
Nc=Np*0.5,0.0999755859375,1638,2.342969339179421
Nc=Np*0.5,0.0999755859375,1638,2.357888254273735
Nc=Np*0.5,0.0999755859375,1638,2.326690204299733
Nc=Np*0.5,0.0999755859375,1638,2.2655514569802357
Nc=Np*0.5,0.0999755859375,1638,2.280321881848025
Nc=Np*0.5,0.0999755859375,1638,2.339616774895485
Nc=Np*0.5,0.0999755859375,1638,2.337320169427067
Nc=Np*0.5,0.0999755859375,1638,2.2908750977596184
Nc=Np*0.5,0.0999755859375,1638,2.202102936834929
Nc=Np*0.5,0.0999755859375,1638,2.315775955398297
Nc=Np*0.5,0.0999755859375,1638,2.175000040563827
Nc=Np*0.5,0.0999755859375,1638,2.3438101085002567
Nc=Np*0.5,0.0999755859375,1638,2.294311351664152
Nc=Np*0.5,0.0999755859375,1638,2.4755526921568194
Nc=Np*0.5,0.0999755859375,1638,2.413430249768998
Nc=Np*0.5,0.0999755859375,1638,2.230961030728638
Nc=Np*0.5,0.0999755859375,1638,2.321247220294225
Nc=Np*0.5,0.0999755859375,1638,2.3473308957264374
Nc=Np*0.5,0.0999755859375,1638,2.228541325505448
Nc=Np*0.5,0.0999755859375,1638,2.2995086450779536
Nc=Np*0.5,0.0999755859375,1638,2.283398214762963
Nc=Np*0.5,0.0999755859375,1638,2.25773688124442
Nc=Np*0.5,0.0999755859375,1638,2.3448655603862805
Nc=Np*0.5,0.0999755859375,1638,2.436225971191288
Nc=Np*0.5,0.0999755859375,1638,2.423001595687425
Nc=Np*0.5,0.0999755859375,1638,2.2357892174901868
Nc=Np*0.5,0.0999755859375,1638,2.254621431093184
Nc=Np*0.5,0.0999755859375,1638,2.297047664905376
Nc=Np*0.5,0.0999755859375,1638,2.244218871463566
Nc=Np*0.5,0.0999755859375,1638,2.412797154570216
Nc=Np*0.5,0.0999755859375,1638,2.335198226049352
Nc=Np*0.5,0.0999755859375,1638,2.328616555439687
Nc=Np*0.5,0.0999755859375,1638,2.3368078542500177
Nc=Np*0.5,0.0999755859375,1638,2.4701953601742845
Nc=Np*0.5,0.0999755859375,1638,2.258357987249036
Nc=Np*0.5,0.0999755859375,1638,2.2144317036789
Nc=Np*0.5,0.0999755859375,1638,2.290584418587492
Nc=Np*0.5,0.0999755859375,1638,2.131444444088758
Nc=Np*0.5,0.199951171875,3276,2.7045154685476485
Nc=Np*0.5,0.199951171875,3276,2.7425558828733627
Nc=Np*0.5,0.199951171875,3276,2.776591268089889
Nc=Np*0.5,0.199951171875,3276,2.750983373237508
Nc=Np*0.5,0.199951171875,3276,2.750224009213233
Nc=Np*0.5,0.199951171875,3276,2.618058143908895
Nc=Np*0.5,0.199951171875,3276,2.8328102306280307
Nc=Np*0.5,0.199951171875,3276,2.807722547473392
Nc=Np*0.5,0.199951171875,3276,2.7209874555799844
Nc=Np*0.5,0.199951171875,3276,2.753975959424982
Nc=Np*0.5,0.199951171875,3276,2.7068865781681777
Nc=Np*0.5,0.199951171875,3276,2.5601515751383888
Nc=Np*0.5,0.199951171875,3276,2.7784513581898618
Nc=Np*0.5,0.199951171875,3276,2.734516389520404
Nc=Np*0.5,0.199951171875,3276,2.8876937463036114
Nc=Np*0.5,0.199951171875,3276,2.69549755645262
Nc=Np*0.5,0.199951171875,3276,2.6383618916792093
Nc=Np*0.5,0.199951171875,3276,2.6880655879265016
Nc=Np*0.5,0.199951171875,3276,2.7058754917503847
Nc=Np*0.5,0.199951171875,3276,2.744279023742508
Nc=Np*0.5,0.199951171875,3276,2.668324713009404
Nc=Np*0.5,0.199951171875,3276,2.8891570421389954
Nc=Np*0.5,0.199951171875,3276,2.6851905362752526
Nc=Np*0.5,0.199951171875,3276,2.6481882199031284
Nc=Np*0.5,0.199951171875,3276,2.67646937204938
Nc=Np*0.5,0.199951171875,3276,2.675022712665902
Nc=Np*0.5,0.199951171875,3276,2.5988471622590823
Nc=Np*0.5,0.199951171875,3276,2.7431273525182034
Nc=Np*0.5,0.199951171875,3276,2.634272940247586
Nc=Np*0.5,0.199951171875,3276,2.698126731898548
Nc=Np*0.5,0.199951171875,3276,2.601402884808868
Nc=Np*0.5,0.199951171875,3276,2.775714590636071
Nc=Np*0.5,0.199951171875,3276,2.7320425791730405
Nc=Np*0.5,0.199951171875,3276,2.7316059433998707
Nc=Np*0.5,0.199951171875,3276,2.738365122411298
Nc=Np*0.5,0.199951171875,3276,2.614138374139862
Nc=Np*0.5,0.199951171875,3276,2.678852627805461
Nc=Np*0.5,0.199951171875,3276,2.7681558456622555
Nc=Np*0.5,0.199951171875,3276,2.814267182111193
Nc=Np*0.5,0.199951171875,3276,2.948642549103712
Nc=Np*0.5,0.199951171875,3276,2.6057705058367917
Nc=Np*0.5,0.199951171875,3276,2.6947989255880977
Nc=Np*0.5,0.199951171875,3276,2.832432490087063
Nc=Np*0.5,0.199951171875,3276,2.6842883803858584
Nc=Np*0.5,0.199951171875,3276,2.7144827093024784
Nc=Np*0.5,0.199951171875,3276,2.6419344314447577
Nc=Np*0.5,0.199951171875,3276,2.802343167301484
Nc=Np*0.5,0.199951171875,3276,2.6746026916840524
Nc=Np*0.5,0.199951171875,3276,2.5748391485124795
Nc=Np*0.5,0.199951171875,3276,2.6782143910498646
Nc=Np*0.5,0.199951171875,3276,2.666866810512418
Nc=Np*0.5,0.199951171875,3276,2.737757112122731
Nc=Np*0.5,0.199951171875,3276,2.7463085878579228
Nc=Np*0.5,0.199951171875,3276,2.7109213626787354
Nc=Np*0.5,0.199951171875,3276,2.555064217512418
Nc=Np*0.5,0.199951171875,3276,2.762795845533345
Nc=Np*0.5,0.199951171875,3276,2.562199226469409
Nc=Np*0.5,0.199951171875,3276,2.79343652464175
Nc=Np*0.5,0.199951171875,3276,2.787988312052782
Nc=Np*0.5,0.199951171875,3276,2.7400089283906803
Nc=Np*0.5,0.199951171875,3276,2.659738674893341
Nc=Np*0.5,0.199951171875,3276,2.798970723732439
Nc=Np*0.5,0.199951171875,3276,2.6777223847945137
Nc=Np*0.5,0.199951171875,3276,2.7276788534931886
Nc=Np*0.5,0.199951171875,3276,2.818292956684227
Nc=Np*0.5,0.199951171875,3276,2.540186763972242
Nc=Np*0.5,0.199951171875,3276,2.573330212642927
Nc=Np*0.5,0.199951171875,3276,2.863534593969802
Nc=Np*0.5,0.199951171875,3276,2.6781719546421727
Nc=Np*0.5,0.199951171875,3276,2.728280279686343
Nc=Np*0.5,0.199951171875,3276,2.768284919138809
Nc=Np*0.5,0.199951171875,3276,2.65944272783389
Nc=Np*0.5,0.199951171875,3276,2.5226722849620757
Nc=Np*0.5,0.199951171875,3276,2.6704576042839587
Nc=Np*0.5,0.199951171875,3276,2.7445626471739306
Nc=Np*0.5,0.199951171875,3276,2.739349189979832
Nc=Np*0.5,0.199951171875,3276,2.7348215023872924
Nc=Np*0.5,0.199951171875,3276,2.720798905951257
Nc=Np*0.5,0.199951171875,3276,2.7925314386488806
Nc=Np*0.5,0.199951171875,3276,2.730544612810556
Nc=Np*0.5,0.199951171875,3276,2.6836519673045967
Nc=Np*0.5,0.199951171875,3276,2.679824268276016
Nc=Np*0.5,0.199951171875,3276,2.7340160081142924
Nc=Np*0.5,0.199951171875,3276,2.631546242708544
Nc=Np*0.5,0.199951171875,3276,2.78189667392221
Nc=Np*0.5,0.199951171875,3276,2.8785822143030053
Nc=Np*0.5,0.199951171875,3276,2.5972635488433364
Nc=Np*0.5,0.199951171875,3276,2.7653250265137603
Nc=Np*0.5,0.199951171875,3276,2.7627318377932766
Nc=Np*0.5,0.199951171875,3276,2.6326209381487944
Nc=Np*0.5,0.199951171875,3276,2.72113936219795
Nc=Np*0.5,0.199951171875,3276,2.6699881592749453
Nc=Np*0.5,0.199951171875,3276,2.892795650007665
Nc=Np*0.5,0.199951171875,3276,2.5902284700151053
Nc=Np*0.5,0.199951171875,3276,2.642493101737523
Nc=Np*0.5,0.199951171875,3276,2.690819213682892
Nc=Np*0.5,0.199951171875,3276,2.757002407683447
Nc=Np*0.5,0.199951171875,3276,2.740556510491297
Nc=Np*0.5,0.199951171875,3276,2.663171197430941
Nc=Np*0.5,0.199951171875,3276,2.778095891728752
Nc=Np*0.5,0.29998779296875,4915,3.3469881894298563
Nc=Np*0.5,0.29998779296875,4915,3.371457538349874
Nc=Np*0.5,0.29998779296875,4915,3.3870918622406023
Nc=Np*0.5,0.29998779296875,4915,3.5342750616908334
Nc=Np*0.5,0.29998779296875,4915,3.5331373980089285
Nc=Np*0.5,0.29998779296875,4915,3.1886974898600853
Nc=Np*0.5,0.29998779296875,4915,3.392219902955357
Nc=Np*0.5,0.29998779296875,4915,3.224103242035642
Nc=Np*0.5,0.29998779296875,4915,3.31500449737942
Nc=Np*0.5,0.29998779296875,4915,3.4119739108334013
Nc=Np*0.5,0.29998779296875,4915,3.374479070251921
Nc=Np*0.5,0.29998779296875,4915,3.342406375127026
Nc=Np*0.5,0.29998779296875,4915,3.2052325282904133
Nc=Np*0.5,0.29998779296875,4915,3.1968463371563103
Nc=Np*0.5,0.29998779296875,4915,3.3058639930053486
Nc=Np*0.5,0.29998779296875,4915,3.2469511429772737
Nc=Np*0.5,0.29998779296875,4915,3.331436143998835
Nc=Np*0.5,0.29998779296875,4915,3.220055088691557
Nc=Np*0.5,0.29998779296875,4915,3.231575714352434
Nc=Np*0.5,0.29998779296875,4915,3.1109144693876765
Nc=Np*0.5,0.29998779296875,4915,3.234077427089118
Nc=Np*0.5,0.29998779296875,4915,3.3726290890715744
Nc=Np*0.5,0.29998779296875,4915,3.2813301063720117
Nc=Np*0.5,0.29998779296875,4915,3.432790554665152
Nc=Np*0.5,0.29998779296875,4915,3.3264229095986058
Nc=Np*0.5,0.29998779296875,4915,3.28589840605176
Nc=Np*0.5,0.29998779296875,4915,3.2757036457721536
Nc=Np*0.5,0.29998779296875,4915,3.2928153937052955
Nc=Np*0.5,0.29998779296875,4915,3.464599635046947
Nc=Np*0.5,0.29998779296875,4915,3.317995141352494
Nc=Np*0.5,0.29998779296875,4915,3.4255133078515896
Nc=Np*0.5,0.29998779296875,4915,3.185021616218892
Nc=Np*0.5,0.29998779296875,4915,3.0729817711444967
Nc=Np*0.5,0.29998779296875,4915,3.386468530298961
Nc=Np*0.5,0.29998779296875,4915,3.3193067610706284
Nc=Np*0.5,0.29998779296875,4915,3.549069969648
Nc=Np*0.5,0.29998779296875,4915,3.1679246113655983
Nc=Np*0.5,0.29998779296875,4915,3.323220465499597
Nc=Np*0.5,0.29998779296875,4915,3.413320264005205
Nc=Np*0.5,0.29998779296875,4915,3.2945431863589856
Nc=Np*0.5,0.29998779296875,4915,3.395481169352938
Nc=Np*0.5,0.29998779296875,4915,3.084137903612377
Nc=Np*0.5,0.29998779296875,4915,3.322630626953232
Nc=Np*0.5,0.29998779296875,4915,3.1185479209747187
Nc=Np*0.5,0.29998779296875,4915,3.463509258851301
Nc=Np*0.5,0.29998779296875,4915,3.335799191092417
Nc=Np*0.5,0.29998779296875,4915,3.4383935580079723
Nc=Np*0.5,0.29998779296875,4915,3.4445183513422686
Nc=Np*0.5,0.29998779296875,4915,3.1858315073630155
Nc=Np*0.5,0.29998779296875,4915,3.231619890930518
Nc=Np*0.5,0.29998779296875,4915,3.513873086069187
Nc=Np*0.5,0.29998779296875,4915,3.2450355195897607
Nc=Np*0.5,0.29998779296875,4915,3.1909794723979026
Nc=Np*0.5,0.29998779296875,4915,3.132290558660657
Nc=Np*0.5,0.29998779296875,4915,3.2073930365135417
Nc=Np*0.5,0.29998779296875,4915,3.162772812894536
Nc=Np*0.5,0.29998779296875,4915,3.1912166269101787
Nc=Np*0.5,0.29998779296875,4915,3.4489065774710963
Nc=Np*0.5,0.29998779296875,4915,3.4402527545230432
Nc=Np*0.5,0.29998779296875,4915,3.2185122432814763
Nc=Np*0.5,0.29998779296875,4915,3.38303096092612
Nc=Np*0.5,0.29998779296875,4915,3.291035613208545
Nc=Np*0.5,0.29998779296875,4915,3.331516017860277
Nc=Np*0.5,0.29998779296875,4915,3.3174612744367966
Nc=Np*0.5,0.29998779296875,4915,3.2653728648736187
Nc=Np*0.5,0.29998779296875,4915,3.4779419704108
Nc=Np*0.5,0.29998779296875,4915,3.17046154336873
Nc=Np*0.5,0.29998779296875,4915,3.382927125870387
Nc=Np*0.5,0.29998779296875,4915,3.305936292862523
Nc=Np*0.5,0.29998779296875,4915,3.409154115631944
Nc=Np*0.5,0.29998779296875,4915,3.3306562030084264
Nc=Np*0.5,0.29998779296875,4915,3.1105341686851853
Nc=Np*0.5,0.29998779296875,4915,3.3712644245070167
Nc=Np*0.5,0.29998779296875,4915,3.207366472791344
Nc=Np*0.5,0.29998779296875,4915,3.259508187944939
Nc=Np*0.5,0.29998779296875,4915,3.346019337062237
Nc=Np*0.5,0.29998779296875,4915,3.1877735392566726
Nc=Np*0.5,0.29998779296875,4915,3.235356829410645
Nc=Np*0.5,0.29998779296875,4915,3.3140316340450195
Nc=Np*0.5,0.29998779296875,4915,3.398951813739756
Nc=Np*0.5,0.29998779296875,4915,3.405288393379412
Nc=Np*0.5,0.29998779296875,4915,3.3511688532597352
Nc=Np*0.5,0.29998779296875,4915,3.376361048943652
Nc=Np*0.5,0.29998779296875,4915,3.3235369121157827
Nc=Np*0.5,0.29998779296875,4915,3.139458948677684
Nc=Np*0.5,0.29998779296875,4915,3.4760927914249216
Nc=Np*0.5,0.29998779296875,4915,3.11604100406189
Nc=Np*0.5,0.29998779296875,4915,3.2886127643617
Nc=Np*0.5,0.29998779296875,4915,3.562845582301749
Nc=Np*0.5,0.29998779296875,4915,3.306496923785733
Nc=Np*0.5,0.29998779296875,4915,3.2416046603674875
Nc=Np*0.5,0.29998779296875,4915,3.3422015121573705
Nc=Np*0.5,0.29998779296875,4915,3.348115275650512
Nc=Np*0.5,0.29998779296875,4915,3.490086602566416
Nc=Np*0.5,0.29998779296875,4915,3.565160265148836
Nc=Np*0.5,0.29998779296875,4915,3.418827361798619
Nc=Np*0.5,0.29998779296875,4915,3.55090348734885
Nc=Np*0.5,0.29998779296875,4915,3.40579208187864
Nc=Np*0.5,0.29998779296875,4915,3.4620349053533497
Nc=Np*0.5,0.29998779296875,4915,3.395213921813871
Nc=Np*0.5,0.39996337890625,6553,3.9930778510723512
Nc=Np*0.5,0.39996337890625,6553,4.173267063785356
Nc=Np*0.5,0.39996337890625,6553,4.2689883289823465
Nc=Np*0.5,0.39996337890625,6553,3.898948446394124
Nc=Np*0.5,0.39996337890625,6553,4.182639267202261
Nc=Np*0.5,0.39996337890625,6553,3.969675447953953
Nc=Np*0.5,0.39996337890625,6553,3.8820730146144897
Nc=Np*0.5,0.39996337890625,6553,3.6863050262812025
Nc=Np*0.5,0.39996337890625,6553,3.943625574867209
Nc=Np*0.5,0.39996337890625,6553,3.80969538645094
Nc=Np*0.5,0.39996337890625,6553,4.606570160063235
Nc=Np*0.5,0.39996337890625,6553,3.993551716043852
Nc=Np*0.5,0.39996337890625,6553,3.8956589297198
Nc=Np*0.5,0.39996337890625,6553,4.040363840562264
Nc=Np*0.5,0.39996337890625,6553,4.059614946992362
Nc=Np*0.5,0.39996337890625,6553,3.82376692927829
Nc=Np*0.5,0.39996337890625,6553,4.031426742701956
Nc=Np*0.5,0.39996337890625,6553,4.360812194399207
Nc=Np*0.5,0.39996337890625,6553,3.946392168380041
Nc=Np*0.5,0.39996337890625,6553,3.985112136162628
Nc=Np*0.5,0.39996337890625,6553,4.102814669447308
Nc=Np*0.5,0.39996337890625,6553,4.068666715221089
Nc=Np*0.5,0.39996337890625,6553,4.090716350437471
Nc=Np*0.5,0.39996337890625,6553,4.014771291427976
Nc=Np*0.5,0.39996337890625,6553,3.7100157031053858
Nc=Np*0.5,0.39996337890625,6553,4.366015792577859
Nc=Np*0.5,0.39996337890625,6553,4.18733170577561
Nc=Np*0.5,0.39996337890625,6553,3.710950415121435
Nc=Np*0.5,0.39996337890625,6553,3.980438145375477
Nc=Np*0.5,0.39996337890625,6553,4.260013954113172
Nc=Np*0.5,0.39996337890625,6553,3.796255733074737
Nc=Np*0.5,0.39996337890625,6553,4.21652002286308
Nc=Np*0.5,0.39996337890625,6553,4.222271954753485
Nc=Np*0.5,0.39996337890625,6553,4.35548351981336
Nc=Np*0.5,0.39996337890625,6553,4.148375796848089
Nc=Np*0.5,0.39996337890625,6553,4.084359431454578
Nc=Np*0.5,0.39996337890625,6553,3.980243956699464
Nc=Np*0.5,0.39996337890625,6553,4.042341987728906
Nc=Np*0.5,0.39996337890625,6553,4.142231379079127
Nc=Np*0.5,0.39996337890625,6553,3.927485137299105
Nc=Np*0.5,0.39996337890625,6553,4.287480793661979
Nc=Np*0.5,0.39996337890625,6553,4.164679289007805
Nc=Np*0.5,0.39996337890625,6553,4.214391781153278
Nc=Np*0.5,0.39996337890625,6553,3.982266295121876
Nc=Np*0.5,0.39996337890625,6553,3.673468064558336
Nc=Np*0.5,0.39996337890625,6553,3.936138443793189
Nc=Np*0.5,0.39996337890625,6553,4.237072117501739
Nc=Np*0.5,0.39996337890625,6553,4.115902312934514
Nc=Np*0.5,0.39996337890625,6553,3.951459265894285
Nc=Np*0.5,0.39996337890625,6553,3.694511297132375
Nc=Np*0.5,0.39996337890625,6553,3.786370398067663
Nc=Np*0.5,0.39996337890625,6553,4.021385574725053
Nc=Np*0.5,0.39996337890625,6553,3.962998946186501
Nc=Np*0.5,0.39996337890625,6553,4.027440559269302
Nc=Np*0.5,0.39996337890625,6553,4.215520623917933
Nc=Np*0.5,0.39996337890625,6553,4.192427044242664
Nc=Np*0.5,0.39996337890625,6553,3.846147559924459
Nc=Np*0.5,0.39996337890625,6553,4.122317034976928
Nc=Np*0.5,0.39996337890625,6553,3.799453384939968
Nc=Np*0.5,0.39996337890625,6553,4.066754020710441
Nc=Np*0.5,0.39996337890625,6553,3.487753663151988
Nc=Np*0.5,0.39996337890625,6553,4.021017729736385
Nc=Np*0.5,0.39996337890625,6553,3.9154124106099264
Nc=Np*0.5,0.39996337890625,6553,3.7726257271381898
Nc=Np*0.5,0.39996337890625,6553,4.04142462986294
Nc=Np*0.5,0.39996337890625,6553,3.953090623936001
Nc=Np*0.5,0.39996337890625,6553,4.066394523460501
Nc=Np*0.5,0.39996337890625,6553,4.10630297827903
Nc=Np*0.5,0.39996337890625,6553,4.1565479187985055
Nc=Np*0.5,0.39996337890625,6553,4.021179766830523
Nc=Np*0.5,0.39996337890625,6553,3.946793660461968
Nc=Np*0.5,0.39996337890625,6553,4.087942813016098
Nc=Np*0.5,0.39996337890625,6553,4.027612498020772
Nc=Np*0.5,0.39996337890625,6553,4.107092212786809
Nc=Np*0.5,0.39996337890625,6553,4.261437881992152
Nc=Np*0.5,0.39996337890625,6553,4.153809252317456
Nc=Np*0.5,0.39996337890625,6553,4.046070584096611
Nc=Np*0.5,0.39996337890625,6553,4.104594627069238
Nc=Np*0.5,0.39996337890625,6553,4.045340185884303
Nc=Np*0.5,0.39996337890625,6553,4.131752482989156
Nc=Np*0.5,0.39996337890625,6553,3.8371672672069033
Nc=Np*0.5,0.39996337890625,6553,4.192309376295628
Nc=Np*0.5,0.39996337890625,6553,4.073168251787981
Nc=Np*0.5,0.39996337890625,6553,3.7912590438224782
Nc=Np*0.5,0.39996337890625,6553,3.937221670353849
Nc=Np*0.5,0.39996337890625,6553,3.8695459682492257
Nc=Np*0.5,0.39996337890625,6553,3.81384106527363
Nc=Np*0.5,0.39996337890625,6553,3.628785159224978
Nc=Np*0.5,0.39996337890625,6553,3.741593900665053
Nc=Np*0.5,0.39996337890625,6553,4.069085448315312
Nc=Np*0.5,0.39996337890625,6553,3.954834665523121
Nc=Np*0.5,0.39996337890625,6553,4.188116024257169
Nc=Np*0.5,0.39996337890625,6553,4.1267019956907856
Nc=Np*0.5,0.39996337890625,6553,3.809549869230646
Nc=Np*0.5,0.39996337890625,6553,4.323795476716452
Nc=Np*0.5,0.39996337890625,6553,3.937052326661691
Nc=Np*0.5,0.39996337890625,6553,4.118958821924839
Nc=Np*0.5,0.39996337890625,6553,4.2739172346819165
Nc=Np*0.5,0.39996337890625,6553,4.319160653018204
Nc=Np*0.5,0.39996337890625,6553,3.887328241169268
Nc=Np*0.5,0.5,8192,4.206894625632625
Nc=Np*0.5,0.5,8192,3.966262866561452
Nc=Np*0.5,0.5,8192,4.124793433948692
Nc=Np*0.5,0.5,8192,3.994316212195231
Nc=Np*0.5,0.5,8192,4.096029638838848
Nc=Np*0.5,0.5,8192,4.382124320141646
Nc=Np*0.5,0.5,8192,4.033739634516423
Nc=Np*0.5,0.5,8192,4.580416761821326
Nc=Np*0.5,0.5,8192,3.973696051197117
Nc=Np*0.5,0.5,8192,4.299101885584632
Nc=Np*0.5,0.5,8192,4.169034816396859
Nc=Np*0.5,0.5,8192,4.505868250224098
Nc=Np*0.5,0.5,8192,4.30109223125388
Nc=Np*0.5,0.5,8192,4.255565583771714
Nc=Np*0.5,0.5,8192,4.51548322101799
Nc=Np*0.5,0.5,8192,4.080448498524143
Nc=Np*0.5,0.5,8192,4.291495696998717
Nc=Np*0.5,0.5,8192,4.11864461620184
Nc=Np*0.5,0.5,8192,4.381762831195708
Nc=Np*0.5,0.5,8192,3.785528094288971
Nc=Np*0.5,0.5,8192,4.167957391331392
Nc=Np*0.5,0.5,8192,4.018598103775487
Nc=Np*0.5,0.5,8192,4.111750996057933
Nc=Np*0.5,0.5,8192,3.9537975778811214
Nc=Np*0.5,0.5,8192,3.763960747885108
Nc=Np*0.5,0.5,8192,4.42575190096355
Nc=Np*0.5,0.5,8192,3.9995076686744016
Nc=Np*0.5,0.5,8192,4.11613148658421
Nc=Np*0.5,0.5,8192,4.416977483880947
Nc=Np*0.5,0.5,8192,4.320627502339196
Nc=Np*0.5,0.5,8192,4.125439396446206
Nc=Np*0.5,0.5,8192,4.09336227373604
Nc=Np*0.5,0.5,8192,4.106961672196249
Nc=Np*0.5,0.5,8192,4.399638112077052
Nc=Np*0.5,0.5,8192,3.999038135371753
Nc=Np*0.5,0.5,8192,4.258024214704083
Nc=Np*0.5,0.5,8192,4.234141843225323
Nc=Np*0.5,0.5,8192,4.12434224338024
Nc=Np*0.5,0.5,8192,3.590902109996711
Nc=Np*0.5,0.5,8192,4.645997516725816
Nc=Np*0.5,0.5,8192,4.249929078719552
Nc=Np*0.5,0.5,8192,3.754559693542872
Nc=Np*0.5,0.5,8192,4.627557160589814
Nc=Np*0.5,0.5,8192,4.534702703067742
Nc=Np*0.5,0.5,8192,4.03484448271333
Nc=Np*0.5,0.5,8192,4.020704258072054
Nc=Np*0.5,0.5,8192,4.2359400625187575
Nc=Np*0.5,0.5,8192,4.24644148127146
Nc=Np*0.5,0.5,8192,3.915955033408922
Nc=Np*0.5,0.5,8192,4.110637311684639
Nc=Np*0.5,0.5,8192,4.4317677864749525
Nc=Np*0.5,0.5,8192,4.890932560643429
Nc=Np*0.5,0.5,8192,4.642974991475037
Nc=Np*0.5,0.5,8192,4.1484470290922335
Nc=Np*0.5,0.5,8192,4.24225075435006
Nc=Np*0.5,0.5,8192,4.449862906480709
Nc=Np*0.5,0.5,8192,4.259250451461513
Nc=Np*0.5,0.5,8192,4.065057971089964
Nc=Np*0.5,0.5,8192,4.0346488321157326
Nc=Np*0.5,0.5,8192,4.269790657618994
Nc=Np*0.5,0.5,8192,4.313872038401143
Nc=Np*0.5,0.5,8192,4.174600719259135
Nc=Np*0.5,0.5,8192,4.048636132498436
Nc=Np*0.5,0.5,8192,4.018994700917874
Nc=Np*0.5,0.5,8192,4.525573719198312
Nc=Np*0.5,0.5,8192,4.261758265257411
Nc=Np*0.5,0.5,8192,4.461025794506929
Nc=Np*0.5,0.5,8192,4.357419842034708
Nc=Np*0.5,0.5,8192,4.0072773537562325
Nc=Np*0.5,0.5,8192,4.449795712757649
Nc=Np*0.5,0.5,8192,3.894644810484333
Nc=Np*0.5,0.5,8192,4.369713444520774
Nc=Np*0.5,0.5,8192,4.216793207225073
Nc=Np*0.5,0.5,8192,4.4286042408974025
Nc=Np*0.5,0.5,8192,3.983333030504316
Nc=Np*0.5,0.5,8192,4.401503057187746
Nc=Np*0.5,0.5,8192,4.596463426986357
Nc=Np*0.5,0.5,8192,4.477736468170806
Nc=Np*0.5,0.5,8192,4.887670619045369
Nc=Np*0.5,0.5,8192,3.8084593597588863
Nc=Np*0.5,0.5,8192,3.9368165862532174
Nc=Np*0.5,0.5,8192,4.23387404117909
Nc=Np*0.5,0.5,8192,4.556154596402914
Nc=Np*0.5,0.5,8192,4.205470496824334
Nc=Np*0.5,0.5,8192,4.243514989353428
Nc=Np*0.5,0.5,8192,4.905119218617065
Nc=Np*0.5,0.5,8192,4.2993212864305335
Nc=Np*0.5,0.5,8192,4.173745978247998
Nc=Np*0.5,0.5,8192,4.218461891471612
Nc=Np*0.5,0.5,8192,4.170541384054192
Nc=Np*0.5,0.5,8192,4.27538290893205
Nc=Np*0.5,0.5,8192,4.414911142261706
Nc=Np*0.5,0.5,8192,4.246162312393554
Nc=Np*0.5,0.5,8192,4.590518945966153
Nc=Np*0.5,0.5,8192,4.061874074260488
Nc=Np*0.5,0.5,8192,4.1829341913052405
Nc=Np*0.5,0.5,8192,3.7095121033761993
Nc=Np*0.5,0.5,8192,4.179049003093903
Nc=Np*0.5,0.5,8192,3.891623869026645
Nc=Np*0.5,0.5,8192,4.051810770291867
Nc=Np*0.5,0.5999755859375,9830,3.445216463153768
Nc=Np*0.5,0.5999755859375,9830,3.348114753389368
Nc=Np*0.5,0.5999755859375,9830,3.407212853571088
Nc=Np*0.5,0.5999755859375,9830,2.8992248012451007
Nc=Np*0.5,0.5999755859375,9830,3.4205880906483057
Nc=Np*0.5,0.5999755859375,9830,3.1491023693365925
Nc=Np*0.5,0.5999755859375,9830,3.121847661675141
Nc=Np*0.5,0.5999755859375,9830,3.155919092759714
Nc=Np*0.5,0.5999755859375,9830,2.9367237762673746
Nc=Np*0.5,0.5999755859375,9830,2.806661739199368
Nc=Np*0.5,0.5999755859375,9830,3.1733074611295438
Nc=Np*0.5,0.5999755859375,9830,3.11599162523229
Nc=Np*0.5,0.5999755859375,9830,3.617043862688078
Nc=Np*0.5,0.5999755859375,9830,2.9357962626560643
Nc=Np*0.5,0.5999755859375,9830,3.77912625930359
Nc=Np*0.5,0.5999755859375,9830,2.728609773796884
Nc=Np*0.5,0.5999755859375,9830,3.321122772285562
Nc=Np*0.5,0.5999755859375,9830,3.2364456116112468
Nc=Np*0.5,0.5999755859375,9830,2.977496436833724
Nc=Np*0.5,0.5999755859375,9830,3.2606925369703585
Nc=Np*0.5,0.5999755859375,9830,2.945769847820648
Nc=Np*0.5,0.5999755859375,9830,3.3378330969669587
Nc=Np*0.5,0.5999755859375,9830,3.090941557346934
Nc=Np*0.5,0.5999755859375,9830,3.064353318611386
Nc=Np*0.5,0.5999755859375,9830,3.3285731487027133
Nc=Np*0.5,0.5999755859375,9830,3.5854898435619798
Nc=Np*0.5,0.5999755859375,9830,3.237864383493678
Nc=Np*0.5,0.5999755859375,9830,2.9395305101517155
Nc=Np*0.5,0.5999755859375,9830,3.092099092249797
Nc=Np*0.5,0.5999755859375,9830,3.586341597515232
Nc=Np*0.5,0.5999755859375,9830,3.3142043735291686
Nc=Np*0.5,0.5999755859375,9830,3.7078589528453647
Nc=Np*0.5,0.5999755859375,9830,3.0918521945317483
Nc=Np*0.5,0.5999755859375,9830,3.817039695406896
Nc=Np*0.5,0.5999755859375,9830,3.312274255804839
Nc=Np*0.5,0.5999755859375,9830,3.1457945762135786
Nc=Np*0.5,0.5999755859375,9830,2.962978397174823
Nc=Np*0.5,0.5999755859375,9830,3.315366851976556
Nc=Np*0.5,0.5999755859375,9830,3.4448492600314373
Nc=Np*0.5,0.5999755859375,9830,3.063561471987105
Nc=Np*0.5,0.5999755859375,9830,3.189405172076125
Nc=Np*0.5,0.5999755859375,9830,3.1058208867580284
Nc=Np*0.5,0.5999755859375,9830,2.897900994371408
Nc=Np*0.5,0.5999755859375,9830,3.071102954595136
Nc=Np*0.5,0.5999755859375,9830,3.30015907077534
Nc=Np*0.5,0.5999755859375,9830,3.745708741937461
Nc=Np*0.5,0.5999755859375,9830,2.917689427940912
Nc=Np*0.5,0.5999755859375,9830,3.743725420329713
Nc=Np*0.5,0.5999755859375,9830,2.89170143062475
Nc=Np*0.5,0.5999755859375,9830,2.958892001641017
Nc=Np*0.5,0.5999755859375,9830,3.803211460164959
Nc=Np*0.5,0.5999755859375,9830,3.517619089890669
Nc=Np*0.5,0.5999755859375,9830,3.1869274071804257
Nc=Np*0.5,0.5999755859375,9830,2.6898608891379583
Nc=Np*0.5,0.5999755859375,9830,3.3420088950302445
Nc=Np*0.5,0.5999755859375,9830,3.3405403760991983
Nc=Np*0.5,0.5999755859375,9830,3.695330112078683
Nc=Np*0.5,0.5999755859375,9830,3.2398644493141995
Nc=Np*0.5,0.5999755859375,9830,3.480093275279765
Nc=Np*0.5,0.5999755859375,9830,2.631968199503069
Nc=Np*0.5,0.5999755859375,9830,3.624053409698784
Nc=Np*0.5,0.5999755859375,9830,3.18261915892353
Nc=Np*0.5,0.5999755859375,9830,3.521094430158357
Nc=Np*0.5,0.5999755859375,9830,3.05152450058999
Nc=Np*0.5,0.5999755859375,9830,3.156397604206852
Nc=Np*0.5,0.5999755859375,9830,3.102739001249877
Nc=Np*0.5,0.5999755859375,9830,2.958580773909827
Nc=Np*0.5,0.5999755859375,9830,3.3108388023464275
Nc=Np*0.5,0.5999755859375,9830,3.1010925979252524
Nc=Np*0.5,0.5999755859375,9830,3.165786963557503
Nc=Np*0.5,0.5999755859375,9830,3.10170229198403
Nc=Np*0.5,0.5999755859375,9830,3.080923517847741
Nc=Np*0.5,0.5999755859375,9830,3.475659350415972
Nc=Np*0.5,0.5999755859375,9830,3.210258172343957
Nc=Np*0.5,0.5999755859375,9830,3.2889263652478187
Nc=Np*0.5,0.5999755859375,9830,2.7281614340368106
Nc=Np*0.5,0.5999755859375,9830,2.846556995329081
Nc=Np*0.5,0.5999755859375,9830,2.9933578092869046
Nc=Np*0.5,0.5999755859375,9830,3.184470550665656
Nc=Np*0.5,0.5999755859375,9830,3.198179738199359
Nc=Np*0.5,0.5999755859375,9830,3.4811623707009964
Nc=Np*0.5,0.5999755859375,9830,4.069031170028607
Nc=Np*0.5,0.5999755859375,9830,3.119458422510688
Nc=Np*0.5,0.5999755859375,9830,2.995320527364248
Nc=Np*0.5,0.5999755859375,9830,3.119401702068992
Nc=Np*0.5,0.5999755859375,9830,2.86877516789703
Nc=Np*0.5,0.5999755859375,9830,3.2256517580576727
Nc=Np*0.5,0.5999755859375,9830,3.3339513084221126
Nc=Np*0.5,0.5999755859375,9830,3.17149292561486
Nc=Np*0.5,0.5999755859375,9830,3.124710814117331
Nc=Np*0.5,0.5999755859375,9830,3.2149320407474726
Nc=Np*0.5,0.5999755859375,9830,2.708285911403716
Nc=Np*0.5,0.5999755859375,9830,3.288829379912096
Nc=Np*0.5,0.5999755859375,9830,2.9106667466791567
Nc=Np*0.5,0.5999755859375,9830,3.3295668845384863
Nc=Np*0.5,0.5999755859375,9830,2.9443765351828817
Nc=Np*0.5,0.5999755859375,9830,3.2384171767940004
Nc=Np*0.5,0.5999755859375,9830,3.378818421999589
Nc=Np*0.5,0.5999755859375,9830,3.2546279331585755
Nc=Np*0.5,0.5999755859375,9830,3.102064035370688
Nc=Np*0.5,0.699951171875,11468,1.9069032923941065
Nc=Np*0.5,0.699951171875,11468,2.244953866894672
Nc=Np*0.5,0.699951171875,11468,1.959144210754076
Nc=Np*0.5,0.699951171875,11468,1.8099620288375573
Nc=Np*0.5,0.699951171875,11468,1.6779210971001928
Nc=Np*0.5,0.699951171875,11468,2.153231801907733
Nc=Np*0.5,0.699951171875,11468,2.0275775505495077
Nc=Np*0.5,0.699951171875,11468,1.767197048543052
Nc=Np*0.5,0.699951171875,11468,2.5054062442305307
Nc=Np*0.5,0.699951171875,11468,1.9076558631199467
Nc=Np*0.5,0.699951171875,11468,1.806099919089155
Nc=Np*0.5,0.699951171875,11468,1.978922436387614
Nc=Np*0.5,0.699951171875,11468,1.759733379552339
Nc=Np*0.5,0.699951171875,11468,2.2059621905106805
Nc=Np*0.5,0.699951171875,11468,1.6042591052024613
Nc=Np*0.5,0.699951171875,11468,1.63429439091439
Nc=Np*0.5,0.699951171875,11468,2.149473328397046
Nc=Np*0.5,0.699951171875,11468,1.7828522367224668
Nc=Np*0.5,0.699951171875,11468,1.6775557064531017
Nc=Np*0.5,0.699951171875,11468,1.9551167517001349
Nc=Np*0.5,0.699951171875,11468,2.0084169260698705
Nc=Np*0.5,0.699951171875,11468,1.737214578782605
Nc=Np*0.5,0.699951171875,11468,1.719428289561418
Nc=Np*0.5,0.699951171875,11468,1.736477440471828
Nc=Np*0.5,0.699951171875,11468,1.7060558487296094
Nc=Np*0.5,0.699951171875,11468,1.694944815158628
Nc=Np*0.5,0.699951171875,11468,1.9990819465187135
Nc=Np*0.5,0.699951171875,11468,1.7931834559258504
Nc=Np*0.5,0.699951171875,11468,1.8436847594787915
Nc=Np*0.5,0.699951171875,11468,2.0064932387766654
Nc=Np*0.5,0.699951171875,11468,2.130466163489374
Nc=Np*0.5,0.699951171875,11468,1.9244435444968204
Nc=Np*0.5,0.699951171875,11468,2.055473719313466
Nc=Np*0.5,0.699951171875,11468,2.0347818351562545
Nc=Np*0.5,0.699951171875,11468,1.5940574772703515
Nc=Np*0.5,0.699951171875,11468,2.086846783767337
Nc=Np*0.5,0.699951171875,11468,1.7605610149350173
Nc=Np*0.5,0.699951171875,11468,2.0174597710218385
Nc=Np*0.5,0.699951171875,11468,2.0793708888313494
Nc=Np*0.5,0.699951171875,11468,2.1953263376575136
Nc=Np*0.5,0.699951171875,11468,1.6753608594875011
Nc=Np*0.5,0.699951171875,11468,2.0485983132982013
Nc=Np*0.5,0.699951171875,11468,1.6754410061137204
Nc=Np*0.5,0.699951171875,11468,1.799253177808706
Nc=Np*0.5,0.699951171875,11468,2.01712681464663
Nc=Np*0.5,0.699951171875,11468,1.5322838336510287
Nc=Np*0.5,0.699951171875,11468,2.196384745404297
Nc=Np*0.5,0.699951171875,11468,1.7679149824137463
Nc=Np*0.5,0.699951171875,11468,1.881261359255249
Nc=Np*0.5,0.699951171875,11468,1.990632889642312
Nc=Np*0.5,0.699951171875,11468,1.897996954906041
Nc=Np*0.5,0.699951171875,11468,1.783765740498636
Nc=Np*0.5,0.699951171875,11468,1.6954136862162652
Nc=Np*0.5,0.699951171875,11468,2.005013058951169
Nc=Np*0.5,0.699951171875,11468,1.8669873394886085
Nc=Np*0.5,0.699951171875,11468,1.625655939312191
Nc=Np*0.5,0.699951171875,11468,1.8320231060577437
Nc=Np*0.5,0.699951171875,11468,1.5376606791778482
Nc=Np*0.5,0.699951171875,11468,1.9109755095189684
Nc=Np*0.5,0.699951171875,11468,2.068674756428812
Nc=Np*0.5,0.699951171875,11468,1.559486453069601
Nc=Np*0.5,0.699951171875,11468,1.7815993040988878
Nc=Np*0.5,0.699951171875,11468,1.9594689242159269
Nc=Np*0.5,0.699951171875,11468,1.7005848506596724
Nc=Np*0.5,0.699951171875,11468,1.6380384472873255
Nc=Np*0.5,0.699951171875,11468,1.8047074764633195
Nc=Np*0.5,0.699951171875,11468,1.86653404932248
Nc=Np*0.5,0.699951171875,11468,1.7990996477501766
Nc=Np*0.5,0.699951171875,11468,2.0726217442842607
Nc=Np*0.5,0.699951171875,11468,2.079796971468979
Nc=Np*0.5,0.699951171875,11468,2.0006887215980336
Nc=Np*0.5,0.699951171875,11468,1.9614169374626529
Nc=Np*0.5,0.699951171875,11468,1.771718229608877
Nc=Np*0.5,0.699951171875,11468,1.4707757891701356
Nc=Np*0.5,0.699951171875,11468,1.9508504783338467
Nc=Np*0.5,0.699951171875,11468,2.0403218328299526
Nc=Np*0.5,0.699951171875,11468,2.193335759969325
Nc=Np*0.5,0.699951171875,11468,2.43849439918145
Nc=Np*0.5,0.699951171875,11468,1.861732438470475
Nc=Np*0.5,0.699951171875,11468,1.9874411353975088
Nc=Np*0.5,0.699951171875,11468,1.8327888745326557
Nc=Np*0.5,0.699951171875,11468,2.092515561206909
Nc=Np*0.5,0.699951171875,11468,1.8306079088621063
Nc=Np*0.5,0.699951171875,11468,1.6552035050466998
Nc=Np*0.5,0.699951171875,11468,2.2866681679139145
Nc=Np*0.5,0.699951171875,11468,1.8349514144858223
Nc=Np*0.5,0.699951171875,11468,1.7766750709766352
Nc=Np*0.5,0.699951171875,11468,2.022722241146193
Nc=Np*0.5,0.699951171875,11468,1.997286457683942
Nc=Np*0.5,0.699951171875,11468,2.0498738618248127
Nc=Np*0.5,0.699951171875,11468,1.8011596328324584
Nc=Np*0.5,0.699951171875,11468,1.841244101511061
Nc=Np*0.5,0.699951171875,11468,1.732337190612249
Nc=Np*0.5,0.699951171875,11468,2.2786086781224744
Nc=Np*0.5,0.699951171875,11468,2.492728386713837
Nc=Np*0.5,0.699951171875,11468,2.420696399071144
Nc=Np*0.5,0.699951171875,11468,2.010660417850989
Nc=Np*0.5,0.699951171875,11468,1.934594244791053
Nc=Np*0.5,0.699951171875,11468,1.827571728800326
Nc=Np*0.5,0.699951171875,11468,2.190561183435953
Nc=Np*0.5,0.79998779296875,13107,1.1032432449189504
Nc=Np*0.5,0.79998779296875,13107,0.9234004781520236
Nc=Np*0.5,0.79998779296875,13107,1.2144034670197188
Nc=Np*0.5,0.79998779296875,13107,1.1231318337575231
Nc=Np*0.5,0.79998779296875,13107,1.1774956446148266
Nc=Np*0.5,0.79998779296875,13107,1.2924561779080197
Nc=Np*0.5,0.79998779296875,13107,0.544022307480235
Nc=Np*0.5,0.79998779296875,13107,0.7596318705681506
Nc=Np*0.5,0.79998779296875,13107,1.034752114560081
Nc=Np*0.5,0.79998779296875,13107,1.150781925222696
Nc=Np*0.5,0.79998779296875,13107,0.9449226485784264
Nc=Np*0.5,0.79998779296875,13107,1.3250256076288949
Nc=Np*0.5,0.79998779296875,13107,0.9265816242527788
Nc=Np*0.5,0.79998779296875,13107,0.8790140868120536
Nc=Np*0.5,0.79998779296875,13107,0.9268684295802232
Nc=Np*0.5,0.79998779296875,13107,1.5537043184812152
Nc=Np*0.5,0.79998779296875,13107,0.7797530489814819
Nc=Np*0.5,0.79998779296875,13107,0.8830090193228901
Nc=Np*0.5,0.79998779296875,13107,1.1907085506914337
Nc=Np*0.5,0.79998779296875,13107,0.8347680060332224
Nc=Np*0.5,0.79998779296875,13107,1.1849220589224436
Nc=Np*0.5,0.79998779296875,13107,0.7156425740941854
Nc=Np*0.5,0.79998779296875,13107,0.9327078031135272
Nc=Np*0.5,0.79998779296875,13107,1.2152245305846432
Nc=Np*0.5,0.79998779296875,13107,1.0716816075853053
Nc=Np*0.5,0.79998779296875,13107,1.3742072248231154
Nc=Np*0.5,0.79998779296875,13107,1.1131224489691962
Nc=Np*0.5,0.79998779296875,13107,0.9933549756452478
Nc=Np*0.5,0.79998779296875,13107,0.6481163756219077
Nc=Np*0.5,0.79998779296875,13107,1.2329997882821584
Nc=Np*0.5,0.79998779296875,13107,1.021183078605124
Nc=Np*0.5,0.79998779296875,13107,1.2740806633821902
Nc=Np*0.5,0.79998779296875,13107,0.8783643066655109
Nc=Np*0.5,0.79998779296875,13107,1.1427978751752377
Nc=Np*0.5,0.79998779296875,13107,1.3673349947088655
Nc=Np*0.5,0.79998779296875,13107,0.8632625577332358
Nc=Np*0.5,0.79998779296875,13107,1.1671722317709017
Nc=Np*0.5,0.79998779296875,13107,1.1275435196758463
Nc=Np*0.5,0.79998779296875,13107,1.2364853306708754
Nc=Np*0.5,0.79998779296875,13107,0.8634529220313882
Nc=Np*0.5,0.79998779296875,13107,1.0567119930603963
Nc=Np*0.5,0.79998779296875,13107,1.1624189566823508
Nc=Np*0.5,0.79998779296875,13107,0.8543677840261299
Nc=Np*0.5,0.79998779296875,13107,1.232385829288007
Nc=Np*0.5,0.79998779296875,13107,0.8217961014341766
Nc=Np*0.5,0.79998779296875,13107,0.9687462723439246
Nc=Np*0.5,0.79998779296875,13107,1.2832689496963317
Nc=Np*0.5,0.79998779296875,13107,1.0737217164743666
Nc=Np*0.5,0.79998779296875,13107,1.2824473372053655
Nc=Np*0.5,0.79998779296875,13107,1.2062838298650478
Nc=Np*0.5,0.79998779296875,13107,0.8347219378088531
Nc=Np*0.5,0.79998779296875,13107,0.7844810349629201
Nc=Np*0.5,0.79998779296875,13107,1.391574270160055
Nc=Np*0.5,0.79998779296875,13107,1.1273253792593856
Nc=Np*0.5,0.79998779296875,13107,1.1232513071725765
Nc=Np*0.5,0.79998779296875,13107,0.9786370436040004
Nc=Np*0.5,0.79998779296875,13107,1.030108493443053
Nc=Np*0.5,0.79998779296875,13107,0.7516754805262904
Nc=Np*0.5,0.79998779296875,13107,1.2604714889536508
Nc=Np*0.5,0.79998779296875,13107,0.8331777323610733
Nc=Np*0.5,0.79998779296875,13107,1.2241453378500284
Nc=Np*0.5,0.79998779296875,13107,0.9523122114446916
Nc=Np*0.5,0.79998779296875,13107,1.3475522507356736
Nc=Np*0.5,0.79998779296875,13107,0.9965590105199434
Nc=Np*0.5,0.79998779296875,13107,1.024921161610183
Nc=Np*0.5,0.79998779296875,13107,0.9769015455641744
Nc=Np*0.5,0.79998779296875,13107,1.3593149507714375
Nc=Np*0.5,0.79998779296875,13107,0.6935845189724007
Nc=Np*0.5,0.79998779296875,13107,0.8198542494430151
Nc=Np*0.5,0.79998779296875,13107,1.2743674313494795
Nc=Np*0.5,0.79998779296875,13107,0.8276608847622048
Nc=Np*0.5,0.79998779296875,13107,1.0415997735483629
Nc=Np*0.5,0.79998779296875,13107,1.005606576655669
Nc=Np*0.5,0.79998779296875,13107,0.615368152595758
Nc=Np*0.5,0.79998779296875,13107,1.2541835919193645
Nc=Np*0.5,0.79998779296875,13107,1.2015726533994304
Nc=Np*0.5,0.79998779296875,13107,1.2778705677063182
Nc=Np*0.5,0.79998779296875,13107,1.0028658850061556
Nc=Np*0.5,0.79998779296875,13107,1.2285904138632298
Nc=Np*0.5,0.79998779296875,13107,1.222964773475661
Nc=Np*0.5,0.79998779296875,13107,0.886088073879467
Nc=Np*0.5,0.79998779296875,13107,0.9815498882562348
Nc=Np*0.5,0.79998779296875,13107,0.9079492060988844
Nc=Np*0.5,0.79998779296875,13107,1.4304863307936144
Nc=Np*0.5,0.79998779296875,13107,1.1183455823632331
Nc=Np*0.5,0.79998779296875,13107,0.8825155473419143
Nc=Np*0.5,0.79998779296875,13107,0.9619337707325042
Nc=Np*0.5,0.79998779296875,13107,1.0642328941661756
Nc=Np*0.5,0.79998779296875,13107,1.0972899946161363
Nc=Np*0.5,0.79998779296875,13107,0.8308613117738919
Nc=Np*0.5,0.79998779296875,13107,1.2611823565491609
Nc=Np*0.5,0.79998779296875,13107,1.2067142426840014
Nc=Np*0.5,0.79998779296875,13107,1.034942862663621
Nc=Np*0.5,0.79998779296875,13107,0.862679780907425
Nc=Np*0.5,0.79998779296875,13107,1.585781201646585
Nc=Np*0.5,0.79998779296875,13107,1.2211039860524036
Nc=Np*0.5,0.79998779296875,13107,1.2347760366032272
Nc=Np*0.5,0.79998779296875,13107,0.881447033447584
Nc=Np*0.5,0.79998779296875,13107,1.157994981439087
Nc=Np*0.5,0.79998779296875,13107,1.2436426239002945
Nc=Np*0.8,0.0,0,0.8448407930461107
Nc=Np*0.8,0.0,0,0.8840245903763291
Nc=Np*0.8,0.0,0,0.8874495975113516
Nc=Np*0.8,0.0,0,0.8105533135527767
Nc=Np*0.8,0.0,0,0.8173835929122617
Nc=Np*0.8,0.0,0,0.8773353564961132
Nc=Np*0.8,0.0,0,0.8540723002163302
Nc=Np*0.8,0.0,0,0.8256176287823979
Nc=Np*0.8,0.0,0,0.8440443494143198
Nc=Np*0.8,0.0,0,0.8727392776891548
Nc=Np*0.8,0.0,0,0.8935497056589539
Nc=Np*0.8,0.0,0,0.9191344873865682
Nc=Np*0.8,0.0,0,0.8562825666686703
Nc=Np*0.8,0.0,0,0.8379613908598476
Nc=Np*0.8,0.0,0,0.8576790491427427
Nc=Np*0.8,0.0,0,0.8615509615230108
Nc=Np*0.8,0.0,0,0.8477029546033061
Nc=Np*0.8,0.0,0,0.8945649546998111
Nc=Np*0.8,0.0,0,0.8430473078439052
Nc=Np*0.8,0.0,0,0.8264211250260772
Nc=Np*0.8,0.0,0,0.853430979265495
Nc=Np*0.8,0.0,0,0.8685683255320229
Nc=Np*0.8,0.0,0,0.8506973225650011
Nc=Np*0.8,0.0,0,0.8916501515827551
Nc=Np*0.8,0.0,0,0.88008839184478
Nc=Np*0.8,0.0,0,0.864789247002992
Nc=Np*0.8,0.0,0,0.8459942816567467
Nc=Np*0.8,0.0,0,0.8332237504474818
Nc=Np*0.8,0.0,0,0.8635280320660073
Nc=Np*0.8,0.0,0,0.866458947597065
Nc=Np*0.8,0.0,0,0.8524139939534678
Nc=Np*0.8,0.0,0,0.8897285716561829
Nc=Np*0.8,0.0,0,0.8932630468172811
Nc=Np*0.8,0.0,0,0.8334259434242919
Nc=Np*0.8,0.0,0,0.8867713656983067
Nc=Np*0.8,0.0,0,0.8684139332538152
Nc=Np*0.8,0.0,0,0.9134914613710128
Nc=Np*0.8,0.0,0,0.8297219654387699
Nc=Np*0.8,0.0,0,0.8558479623536477
Nc=Np*0.8,0.0,0,0.8458853407672942
Nc=Np*0.8,0.0,0,0.8554192477806648
Nc=Np*0.8,0.0,0,0.8632597388415318
Nc=Np*0.8,0.0,0,0.8719071166699326
Nc=Np*0.8,0.0,0,0.859209581127525
Nc=Np*0.8,0.0,0,0.8413544209568719
Nc=Np*0.8,0.0,0,0.8974652080013994
Nc=Np*0.8,0.0,0,0.8381459835494147
Nc=Np*0.8,0.0,0,0.8645064573940104
Nc=Np*0.8,0.0,0,0.9166369289705256
Nc=Np*0.8,0.0,0,0.8677127158332287
Nc=Np*0.8,0.0,0,0.8621376137578
Nc=Np*0.8,0.0,0,0.8155276505881393
Nc=Np*0.8,0.0,0,0.8343229124869976
Nc=Np*0.8,0.0,0,0.8189092763138779
Nc=Np*0.8,0.0,0,0.9006044441380823
Nc=Np*0.8,0.0,0,0.8163949182926816
Nc=Np*0.8,0.0,0,0.8503723336770187
Nc=Np*0.8,0.0,0,0.8278110915504292
Nc=Np*0.8,0.0,0,0.8742543745961493
Nc=Np*0.8,0.0,0,0.923079819508818
Nc=Np*0.8,0.0,0,0.8537809573222075
Nc=Np*0.8,0.0,0,0.9032157454066388
Nc=Np*0.8,0.0,0,0.8537886155893633
Nc=Np*0.8,0.0,0,0.8700521093811343
Nc=Np*0.8,0.0,0,0.8927535023078798
Nc=Np*0.8,0.0,0,0.8716380672976843
Nc=Np*0.8,0.0,0,0.8677528894813759
Nc=Np*0.8,0.0,0,0.8788317611476772
Nc=Np*0.8,0.0,0,0.8334562741221654
Nc=Np*0.8,0.0,0,0.8437143163877164
Nc=Np*0.8,0.0,0,0.8226968831361703
Nc=Np*0.8,0.0,0,0.8315238726278612
Nc=Np*0.8,0.0,0,0.8444119770255328
Nc=Np*0.8,0.0,0,0.8410077394273034
Nc=Np*0.8,0.0,0,0.8466144441167749
Nc=Np*0.8,0.0,0,0.8816586971953757
Nc=Np*0.8,0.0,0,0.8924462936136063
Nc=Np*0.8,0.0,0,0.8554126484848071
Nc=Np*0.8,0.0,0,0.8662734798923348
Nc=Np*0.8,0.0,0,0.8618430731209784
Nc=Np*0.8,0.0,0,0.8668307920855938
Nc=Np*0.8,0.0,0,0.8541487211744058
Nc=Np*0.8,0.0,0,0.8396977492596549
Nc=Np*0.8,0.0,0,0.8715525463578975
Nc=Np*0.8,0.0,0,0.834352152538537
Nc=Np*0.8,0.0,0,0.8937058659758015
Nc=Np*0.8,0.0,0,0.8533894132306362
Nc=Np*0.8,0.0,0,0.8296457322839794
Nc=Np*0.8,0.0,0,0.8556250399068435
Nc=Np*0.8,0.0,0,0.8406671928155384
Nc=Np*0.8,0.0,0,0.8611959310823815
Nc=Np*0.8,0.0,0,0.9071889309874536
Nc=Np*0.8,0.0,0,0.855939876622036
Nc=Np*0.8,0.0,0,0.8148199036028431
Nc=Np*0.8,0.0,0,0.8983452455092588
Nc=Np*0.8,0.0,0,0.8780533718625282
Nc=Np*0.8,0.0,0,0.8673785692108984
Nc=Np*0.8,0.0,0,0.8487674030412075
Nc=Np*0.8,0.0,0,0.8948481928727774
Nc=Np*0.8,0.0,0,0.8878639799922144
Nc=Np*0.8,0.0999755859375,1638,1.017965791398013
Nc=Np*0.8,0.0999755859375,1638,0.9597798190330044
Nc=Np*0.8,0.0999755859375,1638,1.1281196637470223
Nc=Np*0.8,0.0999755859375,1638,1.010959317946106
Nc=Np*0.8,0.0999755859375,1638,1.031033956311294
Nc=Np*0.8,0.0999755859375,1638,1.0327708634416264
Nc=Np*0.8,0.0999755859375,1638,1.0144626986074357
Nc=Np*0.8,0.0999755859375,1638,1.0144811548897077
Nc=Np*0.8,0.0999755859375,1638,0.9727316867733622
Nc=Np*0.8,0.0999755859375,1638,0.9700112521475313
Nc=Np*0.8,0.0999755859375,1638,0.9907407649332894
Nc=Np*0.8,0.0999755859375,1638,0.9853692871698048
Nc=Np*0.8,0.0999755859375,1638,1.0310616604531624
Nc=Np*0.8,0.0999755859375,1638,0.9768324282258256
Nc=Np*0.8,0.0999755859375,1638,0.9948472064855312
Nc=Np*0.8,0.0999755859375,1638,1.0468951758659897
Nc=Np*0.8,0.0999755859375,1638,1.0234457683333391
Nc=Np*0.8,0.0999755859375,1638,1.0358720109262782
Nc=Np*0.8,0.0999755859375,1638,1.054543504413273
Nc=Np*0.8,0.0999755859375,1638,0.972847011784111
Nc=Np*0.8,0.0999755859375,1638,1.0426441228381569
Nc=Np*0.8,0.0999755859375,1638,1.0152247667538088
Nc=Np*0.8,0.0999755859375,1638,0.9597503885829548
Nc=Np*0.8,0.0999755859375,1638,1.006201764923249
Nc=Np*0.8,0.0999755859375,1638,0.9626546057981948
Nc=Np*0.8,0.0999755859375,1638,1.007831865127727
Nc=Np*0.8,0.0999755859375,1638,0.9561569056376592
Nc=Np*0.8,0.0999755859375,1638,1.0034159816556
Nc=Np*0.8,0.0999755859375,1638,0.9483406312743384
Nc=Np*0.8,0.0999755859375,1638,0.9678316704302518
Nc=Np*0.8,0.0999755859375,1638,0.9915215479917582
Nc=Np*0.8,0.0999755859375,1638,1.0378333588365458
Nc=Np*0.8,0.0999755859375,1638,0.9420993520460252
Nc=Np*0.8,0.0999755859375,1638,0.966949005155078
Nc=Np*0.8,0.0999755859375,1638,1.0589125777390982
Nc=Np*0.8,0.0999755859375,1638,1.0087681183745936
Nc=Np*0.8,0.0999755859375,1638,0.9657188626805984
Nc=Np*0.8,0.0999755859375,1638,0.9976941468444384
Nc=Np*0.8,0.0999755859375,1638,0.9574999172360712
Nc=Np*0.8,0.0999755859375,1638,0.9952342400585776
Nc=Np*0.8,0.0999755859375,1638,1.0051622212838984
Nc=Np*0.8,0.0999755859375,1638,0.9896256333512664
Nc=Np*0.8,0.0999755859375,1638,0.9561982117018752
Nc=Np*0.8,0.0999755859375,1638,1.0178361475298494
Nc=Np*0.8,0.0999755859375,1638,1.0301583558211949
Nc=Np*0.8,0.0999755859375,1638,1.0048420428120892
Nc=Np*0.8,0.0999755859375,1638,1.0022664673410009
Nc=Np*0.8,0.0999755859375,1638,0.9953199963714368
Nc=Np*0.8,0.0999755859375,1638,1.0194893197061945
Nc=Np*0.8,0.0999755859375,1638,0.9693258257514928
Nc=Np*0.8,0.0999755859375,1638,0.966029209450844
Nc=Np*0.8,0.0999755859375,1638,1.0162224675945222
Nc=Np*0.8,0.0999755859375,1638,1.0126700407115368
Nc=Np*0.8,0.0999755859375,1638,0.9862981621652568
Nc=Np*0.8,0.0999755859375,1638,0.9748057143889453
Nc=Np*0.8,0.0999755859375,1638,0.99841506362989
Nc=Np*0.8,0.0999755859375,1638,1.030336969007645
Nc=Np*0.8,0.0999755859375,1638,0.9928209651551698
Nc=Np*0.8,0.0999755859375,1638,1.0144827474840843
Nc=Np*0.8,0.0999755859375,1638,0.9636796628267708
Nc=Np*0.8,0.0999755859375,1638,0.9470412897822308
Nc=Np*0.8,0.0999755859375,1638,1.0071768223554365
Nc=Np*0.8,0.0999755859375,1638,0.9731100082662298
Nc=Np*0.8,0.0999755859375,1638,0.9647306504456322
Nc=Np*0.8,0.0999755859375,1638,1.0094337567305427
Nc=Np*0.8,0.0999755859375,1638,1.0510588240114356
Nc=Np*0.8,0.0999755859375,1638,0.9824123791226312
Nc=Np*0.8,0.0999755859375,1638,0.9587382476601884
Nc=Np*0.8,0.0999755859375,1638,1.0380576509003023
Nc=Np*0.8,0.0999755859375,1638,1.0140431558893126
Nc=Np*0.8,0.0999755859375,1638,1.0119925429721763
Nc=Np*0.8,0.0999755859375,1638,0.9601350875753696
Nc=Np*0.8,0.0999755859375,1638,1.040906386375062
Nc=Np*0.8,0.0999755859375,1638,0.979510114269572
Nc=Np*0.8,0.0999755859375,1638,1.028929736037026
Nc=Np*0.8,0.0999755859375,1638,1.017784422291768
Nc=Np*0.8,0.0999755859375,1638,1.0216963884390575
Nc=Np*0.8,0.0999755859375,1638,0.9523229112172016
Nc=Np*0.8,0.0999755859375,1638,1.0015551142194763
Nc=Np*0.8,0.0999755859375,1638,1.02863840692741
Nc=Np*0.8,0.0999755859375,1638,1.006390456441413
Nc=Np*0.8,0.0999755859375,1638,1.0112302009673066
Nc=Np*0.8,0.0999755859375,1638,0.9891919392803749
Nc=Np*0.8,0.0999755859375,1638,1.0546617887144352
Nc=Np*0.8,0.0999755859375,1638,1.0199115126212055
Nc=Np*0.8,0.0999755859375,1638,0.9861274122975644
Nc=Np*0.8,0.0999755859375,1638,0.9779279319371824
Nc=Np*0.8,0.0999755859375,1638,1.0492318352292835
Nc=Np*0.8,0.0999755859375,1638,1.0488647763041947
Nc=Np*0.8,0.0999755859375,1638,0.9778068166350652
Nc=Np*0.8,0.0999755859375,1638,1.0366554159990176
Nc=Np*0.8,0.0999755859375,1638,1.013153968987358
Nc=Np*0.8,0.0999755859375,1638,1.0265664553903118
Nc=Np*0.8,0.0999755859375,1638,0.952495252512938
Nc=Np*0.8,0.0999755859375,1638,0.9949718618405334
Nc=Np*0.8,0.0999755859375,1638,0.9294454435477308
Nc=Np*0.8,0.0999755859375,1638,0.9777340974929905
Nc=Np*0.8,0.0999755859375,1638,0.9994421943401836
Nc=Np*0.8,0.0999755859375,1638,1.000498101484763
Nc=Np*0.8,0.0999755859375,1638,1.0341703823357955
Nc=Np*0.8,0.199951171875,3276,1.2331693457190318
Nc=Np*0.8,0.199951171875,3276,1.1447999837924168
Nc=Np*0.8,0.199951171875,3276,1.2029013403073896
Nc=Np*0.8,0.199951171875,3276,1.233274644101324
Nc=Np*0.8,0.199951171875,3276,1.2169797563731957
Nc=Np*0.8,0.199951171875,3276,1.1607965108634473
Nc=Np*0.8,0.199951171875,3276,1.2020295705066844
Nc=Np*0.8,0.199951171875,3276,1.2728886768332413
Nc=Np*0.8,0.199951171875,3276,1.22241318488198
Nc=Np*0.8,0.199951171875,3276,1.171540443983677
Nc=Np*0.8,0.199951171875,3276,1.2401641159696524
Nc=Np*0.8,0.199951171875,3276,1.2179244604353014
Nc=Np*0.8,0.199951171875,3276,1.1924459857285343
Nc=Np*0.8,0.199951171875,3276,1.2148286210834756
Nc=Np*0.8,0.199951171875,3276,1.2474904804099325
Nc=Np*0.8,0.199951171875,3276,1.2495219397830268
Nc=Np*0.8,0.199951171875,3276,1.1776171610942658
Nc=Np*0.8,0.199951171875,3276,1.170144724373053
Nc=Np*0.8,0.199951171875,3276,1.2357236833489456
Nc=Np*0.8,0.199951171875,3276,1.2721718429309214
Nc=Np*0.8,0.199951171875,3276,1.214701206526771
Nc=Np*0.8,0.199951171875,3276,1.1360984010351851
Nc=Np*0.8,0.199951171875,3276,1.222171451806214
Nc=Np*0.8,0.199951171875,3276,1.2655292144478592
Nc=Np*0.8,0.199951171875,3276,1.1837134041694306
Nc=Np*0.8,0.199951171875,3276,1.181740066946518
Nc=Np*0.8,0.199951171875,3276,1.2401392237312312
Nc=Np*0.8,0.199951171875,3276,1.1244976501956108
Nc=Np*0.8,0.199951171875,3276,1.1994819182570242
Nc=Np*0.8,0.199951171875,3276,1.17320396629992
Nc=Np*0.8,0.199951171875,3276,1.1711401835477715
Nc=Np*0.8,0.199951171875,3276,1.1609035794887992
Nc=Np*0.8,0.199951171875,3276,1.1585770191265246
Nc=Np*0.8,0.199951171875,3276,1.2094486841671577
Nc=Np*0.8,0.199951171875,3276,1.213085432564246
Nc=Np*0.8,0.199951171875,3276,1.2491368494108517
Nc=Np*0.8,0.199951171875,3276,1.2136465955402749
Nc=Np*0.8,0.199951171875,3276,1.231616783793965
Nc=Np*0.8,0.199951171875,3276,1.2175394217186677
Nc=Np*0.8,0.199951171875,3276,1.1602820447503177
Nc=Np*0.8,0.199951171875,3276,1.2102909755304838
Nc=Np*0.8,0.199951171875,3276,1.179677200602524
Nc=Np*0.8,0.199951171875,3276,1.1125088661353242
Nc=Np*0.8,0.199951171875,3276,1.2415593060952184
Nc=Np*0.8,0.199951171875,3276,1.194339222602196
Nc=Np*0.8,0.199951171875,3276,1.2552140168733534
Nc=Np*0.8,0.199951171875,3276,1.1539322529388203
Nc=Np*0.8,0.199951171875,3276,1.1645118026700916
Nc=Np*0.8,0.199951171875,3276,1.1651855290035047
Nc=Np*0.8,0.199951171875,3276,1.1713201502894974
Nc=Np*0.8,0.199951171875,3276,1.2385586386216652
Nc=Np*0.8,0.199951171875,3276,1.215246978675484
Nc=Np*0.8,0.199951171875,3276,1.2039192630384208
Nc=Np*0.8,0.199951171875,3276,1.3048777146881485
Nc=Np*0.8,0.199951171875,3276,1.2002230665606746
Nc=Np*0.8,0.199951171875,3276,1.206196852285624
Nc=Np*0.8,0.199951171875,3276,1.2018190963614743
Nc=Np*0.8,0.199951171875,3276,1.157365578747681
Nc=Np*0.8,0.199951171875,3276,1.155358741400213
Nc=Np*0.8,0.199951171875,3276,1.1064549455269213
Nc=Np*0.8,0.199951171875,3276,1.109805196663035
Nc=Np*0.8,0.199951171875,3276,1.22159566523263
Nc=Np*0.8,0.199951171875,3276,1.184076401873304
Nc=Np*0.8,0.199951171875,3276,1.1763843617307406
Nc=Np*0.8,0.199951171875,3276,1.1803972717950344
Nc=Np*0.8,0.199951171875,3276,1.1877444264331491
Nc=Np*0.8,0.199951171875,3276,1.1832768458414868
Nc=Np*0.8,0.199951171875,3276,1.193150632261539
Nc=Np*0.8,0.199951171875,3276,1.1471747211157337
Nc=Np*0.8,0.199951171875,3276,1.1719962800349113
Nc=Np*0.8,0.199951171875,3276,1.2081393533938394
Nc=Np*0.8,0.199951171875,3276,1.1494939585026458
Nc=Np*0.8,0.199951171875,3276,1.191763710975313
Nc=Np*0.8,0.199951171875,3276,1.1917025270328578
Nc=Np*0.8,0.199951171875,3276,1.2315286184153436
Nc=Np*0.8,0.199951171875,3276,1.2075907350490815
Nc=Np*0.8,0.199951171875,3276,1.2360603580336185
Nc=Np*0.8,0.199951171875,3276,1.2205877483942076
Nc=Np*0.8,0.199951171875,3276,1.203917603806401
Nc=Np*0.8,0.199951171875,3276,1.1656538176703044
Nc=Np*0.8,0.199951171875,3276,1.2622083036218517
Nc=Np*0.8,0.199951171875,3276,1.1108094564948137
Nc=Np*0.8,0.199951171875,3276,1.2119724186639984
Nc=Np*0.8,0.199951171875,3276,1.2289107756489048
Nc=Np*0.8,0.199951171875,3276,1.1284683476727335
Nc=Np*0.8,0.199951171875,3276,1.15682480040541
Nc=Np*0.8,0.199951171875,3276,1.170185951778656
Nc=Np*0.8,0.199951171875,3276,1.2062748158419054
Nc=Np*0.8,0.199951171875,3276,1.1589936562743062
Nc=Np*0.8,0.199951171875,3276,1.251760426841918
Nc=Np*0.8,0.199951171875,3276,1.1668415012889142
Nc=Np*0.8,0.199951171875,3276,1.2060105486761858
Nc=Np*0.8,0.199951171875,3276,1.211625444889948
Nc=Np*0.8,0.199951171875,3276,1.193236020791609
Nc=Np*0.8,0.199951171875,3276,1.1385894695798957
Nc=Np*0.8,0.199951171875,3276,1.194127866032487
Nc=Np*0.8,0.199951171875,3276,1.1975328451561429
Nc=Np*0.8,0.199951171875,3276,1.1587871522572248
Nc=Np*0.8,0.199951171875,3276,1.1993114815597334
Nc=Np*0.8,0.199951171875,3276,1.1538741517120146
Nc=Np*0.8,0.29998779296875,4915,1.4464311552332063
Nc=Np*0.8,0.29998779296875,4915,1.5879158450249653
Nc=Np*0.8,0.29998779296875,4915,1.5030710127699636
Nc=Np*0.8,0.29998779296875,4915,1.510188585414613
Nc=Np*0.8,0.29998779296875,4915,1.4671799291034098
Nc=Np*0.8,0.29998779296875,4915,1.4500152830564248
Nc=Np*0.8,0.29998779296875,4915,1.5109277948256816
Nc=Np*0.8,0.29998779296875,4915,1.430458289054676
Nc=Np*0.8,0.29998779296875,4915,1.4984157499528936
Nc=Np*0.8,0.29998779296875,4915,1.4532271026963426
Nc=Np*0.8,0.29998779296875,4915,1.5063028584840932
Nc=Np*0.8,0.29998779296875,4915,1.4986858601763131
Nc=Np*0.8,0.29998779296875,4915,1.5450405578882265
Nc=Np*0.8,0.29998779296875,4915,1.3989437535621316
Nc=Np*0.8,0.29998779296875,4915,1.4829592022940064
Nc=Np*0.8,0.29998779296875,4915,1.3981964482304228
Nc=Np*0.8,0.29998779296875,4915,1.585389322502016
Nc=Np*0.8,0.29998779296875,4915,1.5545157655165438
Nc=Np*0.8,0.29998779296875,4915,1.5550293273771685
Nc=Np*0.8,0.29998779296875,4915,1.4631752170533274
Nc=Np*0.8,0.29998779296875,4915,1.4289050955146276
Nc=Np*0.8,0.29998779296875,4915,1.5526649255022598
Nc=Np*0.8,0.29998779296875,4915,1.46753151089942
Nc=Np*0.8,0.29998779296875,4915,1.5448964489355994
Nc=Np*0.8,0.29998779296875,4915,1.4660492386757609
Nc=Np*0.8,0.29998779296875,4915,1.4700498813798837
Nc=Np*0.8,0.29998779296875,4915,1.444757877573978
Nc=Np*0.8,0.29998779296875,4915,1.4903223222036104
Nc=Np*0.8,0.29998779296875,4915,1.4058577109473591
Nc=Np*0.8,0.29998779296875,4915,1.3599233467531169
Nc=Np*0.8,0.29998779296875,4915,1.5149655752891542
Nc=Np*0.8,0.29998779296875,4915,1.559244473515612
Nc=Np*0.8,0.29998779296875,4915,1.4886056465040374
Nc=Np*0.8,0.29998779296875,4915,1.5928388799123216
Nc=Np*0.8,0.29998779296875,4915,1.4624030461735658
Nc=Np*0.8,0.29998779296875,4915,1.5161557682462512
Nc=Np*0.8,0.29998779296875,4915,1.5114475678915225
Nc=Np*0.8,0.29998779296875,4915,1.5404869209788827
Nc=Np*0.8,0.29998779296875,4915,1.5260343449142884
Nc=Np*0.8,0.29998779296875,4915,1.4179243698487047
Nc=Np*0.8,0.29998779296875,4915,1.4769355153001067
Nc=Np*0.8,0.29998779296875,4915,1.4330638650148575
Nc=Np*0.8,0.29998779296875,4915,1.4161945817195654
Nc=Np*0.8,0.29998779296875,4915,1.368026870410723
Nc=Np*0.8,0.29998779296875,4915,1.476642987463635
Nc=Np*0.8,0.29998779296875,4915,1.4279573428314791
Nc=Np*0.8,0.29998779296875,4915,1.4990044812985253
Nc=Np*0.8,0.29998779296875,4915,1.4314209971965617
Nc=Np*0.8,0.29998779296875,4915,1.4914969980047543
Nc=Np*0.8,0.29998779296875,4915,1.5599150076010608
Nc=Np*0.8,0.29998779296875,4915,1.4008384358001782
Nc=Np*0.8,0.29998779296875,4915,1.4492881648242808
Nc=Np*0.8,0.29998779296875,4915,1.5642159959974469
Nc=Np*0.8,0.29998779296875,4915,1.4596467127216504
Nc=Np*0.8,0.29998779296875,4915,1.6548451856443844
Nc=Np*0.8,0.29998779296875,4915,1.460909898501086
Nc=Np*0.8,0.29998779296875,4915,1.480463875491813
Nc=Np*0.8,0.29998779296875,4915,1.3581045943545424
Nc=Np*0.8,0.29998779296875,4915,1.4782107983066544
Nc=Np*0.8,0.29998779296875,4915,1.4281062285038548
Nc=Np*0.8,0.29998779296875,4915,1.521816188514862
Nc=Np*0.8,0.29998779296875,4915,1.4711187129716294
Nc=Np*0.8,0.29998779296875,4915,1.44444796040713
Nc=Np*0.8,0.29998779296875,4915,1.530714844730248
Nc=Np*0.8,0.29998779296875,4915,1.3619700549508549
Nc=Np*0.8,0.29998779296875,4915,1.5440127580365783
Nc=Np*0.8,0.29998779296875,4915,1.5139942234982635
Nc=Np*0.8,0.29998779296875,4915,1.374969700885169
Nc=Np*0.8,0.29998779296875,4915,1.459575377843382
Nc=Np*0.8,0.29998779296875,4915,1.498999442425071
Nc=Np*0.8,0.29998779296875,4915,1.5063664094478602
Nc=Np*0.8,0.29998779296875,4915,1.4103947668725447
Nc=Np*0.8,0.29998779296875,4915,1.4237664883364831
Nc=Np*0.8,0.29998779296875,4915,1.447564097518501
Nc=Np*0.8,0.29998779296875,4915,1.4283030649774602
Nc=Np*0.8,0.29998779296875,4915,1.4787528883610277
Nc=Np*0.8,0.29998779296875,4915,1.4657446771172853
Nc=Np*0.8,0.29998779296875,4915,1.4362709850420274
Nc=Np*0.8,0.29998779296875,4915,1.456461066746079
Nc=Np*0.8,0.29998779296875,4915,1.472794474038526
Nc=Np*0.8,0.29998779296875,4915,1.4792081591282031
Nc=Np*0.8,0.29998779296875,4915,1.52078422641651
Nc=Np*0.8,0.29998779296875,4915,1.5494641438663004
Nc=Np*0.8,0.29998779296875,4915,1.4464446522634726
Nc=Np*0.8,0.29998779296875,4915,1.4940296717491257
Nc=Np*0.8,0.29998779296875,4915,1.531619364046981
Nc=Np*0.8,0.29998779296875,4915,1.488732031794164
Nc=Np*0.8,0.29998779296875,4915,1.509541321602143
Nc=Np*0.8,0.29998779296875,4915,1.4621361155029262
Nc=Np*0.8,0.29998779296875,4915,1.4515299743199488
Nc=Np*0.8,0.29998779296875,4915,1.4709317722715431
Nc=Np*0.8,0.29998779296875,4915,1.5221912661035402
Nc=Np*0.8,0.29998779296875,4915,1.5273437928220777
Nc=Np*0.8,0.29998779296875,4915,1.4809844338450997
Nc=Np*0.8,0.29998779296875,4915,1.5617750522680185
Nc=Np*0.8,0.29998779296875,4915,1.4772299993726326
Nc=Np*0.8,0.29998779296875,4915,1.4748228050463104
Nc=Np*0.8,0.29998779296875,4915,1.4245294182087511
Nc=Np*0.8,0.29998779296875,4915,1.5707717777362884
Nc=Np*0.8,0.29998779296875,4915,1.5767175937090756
Nc=Np*0.8,0.39996337890625,6553,1.779608344068202
Nc=Np*0.8,0.39996337890625,6553,1.899169673563988
Nc=Np*0.8,0.39996337890625,6553,1.86266426741112
Nc=Np*0.8,0.39996337890625,6553,2.1305873226099714
Nc=Np*0.8,0.39996337890625,6553,1.765652323454831
Nc=Np*0.8,0.39996337890625,6553,1.9180811870365004
Nc=Np*0.8,0.39996337890625,6553,1.945062222915424
Nc=Np*0.8,0.39996337890625,6553,1.8776961110055743
Nc=Np*0.8,0.39996337890625,6553,1.763662174119118
Nc=Np*0.8,0.39996337890625,6553,1.838649812410968
Nc=Np*0.8,0.39996337890625,6553,1.847527298832828
Nc=Np*0.8,0.39996337890625,6553,1.7954263260732652
Nc=Np*0.8,0.39996337890625,6553,1.8946263054397292
Nc=Np*0.8,0.39996337890625,6553,1.8324945861501711
Nc=Np*0.8,0.39996337890625,6553,1.868694614488968
Nc=Np*0.8,0.39996337890625,6553,1.5921149091537268
Nc=Np*0.8,0.39996337890625,6553,1.7839785851313157
Nc=Np*0.8,0.39996337890625,6553,2.005645103693112
Nc=Np*0.8,0.39996337890625,6553,1.8848993165687984
Nc=Np*0.8,0.39996337890625,6553,1.82314672236273
Nc=Np*0.8,0.39996337890625,6553,1.6687210682685458
Nc=Np*0.8,0.39996337890625,6553,1.821796795032191
Nc=Np*0.8,0.39996337890625,6553,1.7836285987635705
Nc=Np*0.8,0.39996337890625,6553,1.9325624291760448
Nc=Np*0.8,0.39996337890625,6553,1.8941961902346447
Nc=Np*0.8,0.39996337890625,6553,1.8817696501883727
Nc=Np*0.8,0.39996337890625,6553,1.8544006029012357
Nc=Np*0.8,0.39996337890625,6553,1.925398867916462
Nc=Np*0.8,0.39996337890625,6553,1.827100889913496
Nc=Np*0.8,0.39996337890625,6553,1.804852794694797
Nc=Np*0.8,0.39996337890625,6553,1.7432753879879814
Nc=Np*0.8,0.39996337890625,6553,1.9435798011103216
Nc=Np*0.8,0.39996337890625,6553,1.6997221181212463
Nc=Np*0.8,0.39996337890625,6553,1.7753745320548342
Nc=Np*0.8,0.39996337890625,6553,1.918116661421424
Nc=Np*0.8,0.39996337890625,6553,1.8014091985965952
Nc=Np*0.8,0.39996337890625,6553,1.798561767693575
Nc=Np*0.8,0.39996337890625,6553,1.8749241117298592
Nc=Np*0.8,0.39996337890625,6553,2.0272841093573817
Nc=Np*0.8,0.39996337890625,6553,1.8047896473128864
Nc=Np*0.8,0.39996337890625,6553,1.653915655258252
Nc=Np*0.8,0.39996337890625,6553,1.8681932288287868
Nc=Np*0.8,0.39996337890625,6553,1.8177571226077305
Nc=Np*0.8,0.39996337890625,6553,1.7965216955376355
Nc=Np*0.8,0.39996337890625,6553,1.81395700115024
Nc=Np*0.8,0.39996337890625,6553,1.7565919891893242
Nc=Np*0.8,0.39996337890625,6553,1.8128319817664933
Nc=Np*0.8,0.39996337890625,6553,1.7891149027636135
Nc=Np*0.8,0.39996337890625,6553,1.840165532008268
Nc=Np*0.8,0.39996337890625,6553,1.9878247990752909
Nc=Np*0.8,0.39996337890625,6553,1.8494903953408603
Nc=Np*0.8,0.39996337890625,6553,1.6110676074464605
Nc=Np*0.8,0.39996337890625,6553,1.7153098782792195
Nc=Np*0.8,0.39996337890625,6553,1.8728567947749684
Nc=Np*0.8,0.39996337890625,6553,1.9072331034731205
Nc=Np*0.8,0.39996337890625,6553,1.8119978177860496
Nc=Np*0.8,0.39996337890625,6553,1.7306387197874455
Nc=Np*0.8,0.39996337890625,6553,1.8169576519795003
Nc=Np*0.8,0.39996337890625,6553,1.8041101308473475
Nc=Np*0.8,0.39996337890625,6553,1.6453042102644535
Nc=Np*0.8,0.39996337890625,6553,1.6574121828741242
Nc=Np*0.8,0.39996337890625,6553,1.8496133809284208
Nc=Np*0.8,0.39996337890625,6553,1.7881353254219583
Nc=Np*0.8,0.39996337890625,6553,1.9323342681391615
Nc=Np*0.8,0.39996337890625,6553,1.7825171400872086
Nc=Np*0.8,0.39996337890625,6553,1.8127847368474015
Nc=Np*0.8,0.39996337890625,6553,1.8703569443962431
Nc=Np*0.8,0.39996337890625,6553,1.8816035114343
Nc=Np*0.8,0.39996337890625,6553,1.7478429081117275
Nc=Np*0.8,0.39996337890625,6553,1.889521370918794
Nc=Np*0.8,0.39996337890625,6553,1.8582140604042665
Nc=Np*0.8,0.39996337890625,6553,1.892473106494954
Nc=Np*0.8,0.39996337890625,6553,1.9574823193019328
Nc=Np*0.8,0.39996337890625,6553,1.8325492771906744
Nc=Np*0.8,0.39996337890625,6553,1.8719051380328235
Nc=Np*0.8,0.39996337890625,6553,1.833391196171864
Nc=Np*0.8,0.39996337890625,6553,1.928733653884269
Nc=Np*0.8,0.39996337890625,6553,1.7951976049449134
Nc=Np*0.8,0.39996337890625,6553,1.6960130993613904
Nc=Np*0.8,0.39996337890625,6553,1.9142348849324275
Nc=Np*0.8,0.39996337890625,6553,1.8371988010031035
Nc=Np*0.8,0.39996337890625,6553,1.8282477802932813
Nc=Np*0.8,0.39996337890625,6553,1.6992698029709925
Nc=Np*0.8,0.39996337890625,6553,1.7435267088174529
Nc=Np*0.8,0.39996337890625,6553,1.722524471153241
Nc=Np*0.8,0.39996337890625,6553,1.8647217946351409
Nc=Np*0.8,0.39996337890625,6553,1.6733093136905155
Nc=Np*0.8,0.39996337890625,6553,1.747951579686153
Nc=Np*0.8,0.39996337890625,6553,1.666998525304357
Nc=Np*0.8,0.39996337890625,6553,1.8702947011070976
Nc=Np*0.8,0.39996337890625,6553,1.8056425921359012
Nc=Np*0.8,0.39996337890625,6553,1.8953901871136367
Nc=Np*0.8,0.39996337890625,6553,1.8243569030626767
Nc=Np*0.8,0.39996337890625,6553,2.0073376764259683
Nc=Np*0.8,0.39996337890625,6553,2.023538012257748
Nc=Np*0.8,0.39996337890625,6553,1.8373669428876025
Nc=Np*0.8,0.39996337890625,6553,1.9475920696376865
Nc=Np*0.8,0.39996337890625,6553,1.8258479656123656
Nc=Np*0.8,0.39996337890625,6553,1.9271940393873923
Nc=Np*0.8,0.39996337890625,6553,1.7625458946204615
Nc=Np*0.8,0.5,8192,1.8833658899585817
Nc=Np*0.8,0.5,8192,2.00998904990911
Nc=Np*0.8,0.5,8192,2.0806940990728693
Nc=Np*0.8,0.5,8192,2.106089378986458
Nc=Np*0.8,0.5,8192,1.9704831204616424
Nc=Np*0.8,0.5,8192,2.1101420334120458
Nc=Np*0.8,0.5,8192,1.8902566568253805
Nc=Np*0.8,0.5,8192,2.0875117363396534
Nc=Np*0.8,0.5,8192,2.252380706667937
Nc=Np*0.8,0.5,8192,2.1141235777373324
Nc=Np*0.8,0.5,8192,2.326726175140629
Nc=Np*0.8,0.5,8192,2.205510042355761
Nc=Np*0.8,0.5,8192,2.186634178532492
Nc=Np*0.8,0.5,8192,2.1540112332320227
Nc=Np*0.8,0.5,8192,2.0121305595753727
Nc=Np*0.8,0.5,8192,2.155870142075751
Nc=Np*0.8,0.5,8192,2.2303579701995164
Nc=Np*0.8,0.5,8192,2.1331667936363634
Nc=Np*0.8,0.5,8192,2.0989187643832965
Nc=Np*0.8,0.5,8192,1.9967383570006647
Nc=Np*0.8,0.5,8192,2.1458938524664646
Nc=Np*0.8,0.5,8192,2.275533344195106
Nc=Np*0.8,0.5,8192,2.046824427113274
Nc=Np*0.8,0.5,8192,1.946216165054072
Nc=Np*0.8,0.5,8192,1.941920540616852
Nc=Np*0.8,0.5,8192,1.8981876490680536
Nc=Np*0.8,0.5,8192,1.8045568896691728
Nc=Np*0.8,0.5,8192,1.991901684671444
Nc=Np*0.8,0.5,8192,2.137881719030835
Nc=Np*0.8,0.5,8192,2.0726203059756725
Nc=Np*0.8,0.5,8192,2.054452614905519
Nc=Np*0.8,0.5,8192,1.8771012488058951
Nc=Np*0.8,0.5,8192,1.8955466051656933
Nc=Np*0.8,0.5,8192,2.006578351893409
Nc=Np*0.8,0.5,8192,2.12751704743542
Nc=Np*0.8,0.5,8192,2.0362748606130725
Nc=Np*0.8,0.5,8192,1.9907818569121143
Nc=Np*0.8,0.5,8192,1.8876568549829025
Nc=Np*0.8,0.5,8192,2.1936493495155798
Nc=Np*0.8,0.5,8192,1.8991682871622864
Nc=Np*0.8,0.5,8192,1.982260211704572
Nc=Np*0.8,0.5,8192,2.2037254368571677
Nc=Np*0.8,0.5,8192,2.017165292148486
Nc=Np*0.8,0.5,8192,2.105327066687268
Nc=Np*0.8,0.5,8192,2.148982869976757
Nc=Np*0.8,0.5,8192,2.0259979036262923
Nc=Np*0.8,0.5,8192,2.1430567410686683
Nc=Np*0.8,0.5,8192,2.067581921179228
Nc=Np*0.8,0.5,8192,2.08808142464242
Nc=Np*0.8,0.5,8192,2.0783796720594387
Nc=Np*0.8,0.5,8192,2.117980021166677
Nc=Np*0.8,0.5,8192,2.0180791890076084
Nc=Np*0.8,0.5,8192,2.2278960904591965
Nc=Np*0.8,0.5,8192,1.829071327105257
Nc=Np*0.8,0.5,8192,1.9368345736379275
Nc=Np*0.8,0.5,8192,2.203523883069366
Nc=Np*0.8,0.5,8192,2.1219711838138067
Nc=Np*0.8,0.5,8192,1.853034370359116
Nc=Np*0.8,0.5,8192,2.0692970162357978
Nc=Np*0.8,0.5,8192,1.9734156490102264
Nc=Np*0.8,0.5,8192,1.9816637601055835
Nc=Np*0.8,0.5,8192,2.04800483213996
Nc=Np*0.8,0.5,8192,1.9632576597755147
Nc=Np*0.8,0.5,8192,1.8853174542784288
Nc=Np*0.8,0.5,8192,1.946880278343792
Nc=Np*0.8,0.5,8192,2.0321306597587805
Nc=Np*0.8,0.5,8192,1.9780328962701188
Nc=Np*0.8,0.5,8192,2.208084564539318
Nc=Np*0.8,0.5,8192,2.102352438800764
Nc=Np*0.8,0.5,8192,1.938426378104376
Nc=Np*0.8,0.5,8192,2.1324428700248466
Nc=Np*0.8,0.5,8192,2.1250379166460776
Nc=Np*0.8,0.5,8192,1.9496780108858875
Nc=Np*0.8,0.5,8192,2.18726655595661
Nc=Np*0.8,0.5,8192,2.062658876263877
Nc=Np*0.8,0.5,8192,1.9437917450586184
Nc=Np*0.8,0.5,8192,2.292485672805224
Nc=Np*0.8,0.5,8192,2.022781322385175
Nc=Np*0.8,0.5,8192,2.02884132829202
Nc=Np*0.8,0.5,8192,1.994989059326803
Nc=Np*0.8,0.5,8192,1.8290130176001511
Nc=Np*0.8,0.5,8192,2.205737467242587
Nc=Np*0.8,0.5,8192,2.046430367142136
Nc=Np*0.8,0.5,8192,2.1928700442566864
Nc=Np*0.8,0.5,8192,1.8600597723138816
Nc=Np*0.8,0.5,8192,1.9362047945308825
Nc=Np*0.8,0.5,8192,2.190933992066229
Nc=Np*0.8,0.5,8192,2.121746351439108
Nc=Np*0.8,0.5,8192,2.241557394363838
Nc=Np*0.8,0.5,8192,2.2415547836409773
Nc=Np*0.8,0.5,8192,2.02113425042338
Nc=Np*0.8,0.5,8192,1.860157474611644
Nc=Np*0.8,0.5,8192,2.0973603736901887
Nc=Np*0.8,0.5,8192,1.8869992218569367
Nc=Np*0.8,0.5,8192,1.9616377670972007
Nc=Np*0.8,0.5,8192,1.893207236230557
Nc=Np*0.8,0.5,8192,2.3272786649698323
Nc=Np*0.8,0.5,8192,2.0431659226279613
Nc=Np*0.8,0.5,8192,2.167625638886081
Nc=Np*0.8,0.5,8192,1.970886383108064
Nc=Np*0.8,0.5999755859375,9830,1.6899689124662596
Nc=Np*0.8,0.5999755859375,9830,2.014744646045825
Nc=Np*0.8,0.5999755859375,9830,1.9447176671631332
Nc=Np*0.8,0.5999755859375,9830,1.681750281432952
Nc=Np*0.8,0.5999755859375,9830,1.8528011611779749
Nc=Np*0.8,0.5999755859375,9830,1.7572031635220424
Nc=Np*0.8,0.5999755859375,9830,2.142812533419361
Nc=Np*0.8,0.5999755859375,9830,1.8613648914722292
Nc=Np*0.8,0.5999755859375,9830,1.7509351951885153
Nc=Np*0.8,0.5999755859375,9830,1.8325442763127229
Nc=Np*0.8,0.5999755859375,9830,2.221946341035576
Nc=Np*0.8,0.5999755859375,9830,2.039615906759139
Nc=Np*0.8,0.5999755859375,9830,1.7660762684188578
Nc=Np*0.8,0.5999755859375,9830,2.023727402909925
Nc=Np*0.8,0.5999755859375,9830,1.8834151303887168
Nc=Np*0.8,0.5999755859375,9830,1.6990737396247826
Nc=Np*0.8,0.5999755859375,9830,1.8082913414169903
Nc=Np*0.8,0.5999755859375,9830,1.9465978648855813
Nc=Np*0.8,0.5999755859375,9830,1.7663522699424652
Nc=Np*0.8,0.5999755859375,9830,1.672876978722332
Nc=Np*0.8,0.5999755859375,9830,1.9796790477284132
Nc=Np*0.8,0.5999755859375,9830,1.9933707110583476
Nc=Np*0.8,0.5999755859375,9830,1.8393776520940293
Nc=Np*0.8,0.5999755859375,9830,1.7607141590377802
Nc=Np*0.8,0.5999755859375,9830,1.8655533516550589
Nc=Np*0.8,0.5999755859375,9830,2.0024299695284413
Nc=Np*0.8,0.5999755859375,9830,1.953737456518934
Nc=Np*0.8,0.5999755859375,9830,1.6708738995785248
Nc=Np*0.8,0.5999755859375,9830,1.6036346776273638
Nc=Np*0.8,0.5999755859375,9830,1.8995037217014412
Nc=Np*0.8,0.5999755859375,9830,1.7370696803593872
Nc=Np*0.8,0.5999755859375,9830,1.959865704155968
Nc=Np*0.8,0.5999755859375,9830,1.7462004390012276
Nc=Np*0.8,0.5999755859375,9830,1.8634708510373863
Nc=Np*0.8,0.5999755859375,9830,1.8764342922338344
Nc=Np*0.8,0.5999755859375,9830,1.691755309345078
Nc=Np*0.8,0.5999755859375,9830,1.7955930983023962
Nc=Np*0.8,0.5999755859375,9830,1.6505759752051636
Nc=Np*0.8,0.5999755859375,9830,1.718823683831168
Nc=Np*0.8,0.5999755859375,9830,1.8739237331253795
Nc=Np*0.8,0.5999755859375,9830,1.7679062015893712
Nc=Np*0.8,0.5999755859375,9830,1.8646520961188584
Nc=Np*0.8,0.5999755859375,9830,1.802075407508056
Nc=Np*0.8,0.5999755859375,9830,1.748502927239557
Nc=Np*0.8,0.5999755859375,9830,1.879034132385236
Nc=Np*0.8,0.5999755859375,9830,1.8396305190577915
Nc=Np*0.8,0.5999755859375,9830,1.8282639124348343
Nc=Np*0.8,0.5999755859375,9830,1.98542415249386
Nc=Np*0.8,0.5999755859375,9830,1.723322244610728
Nc=Np*0.8,0.5999755859375,9830,1.867137464922016
Nc=Np*0.8,0.5999755859375,9830,1.9260681878137056
Nc=Np*0.8,0.5999755859375,9830,1.8493481816589064
Nc=Np*0.8,0.5999755859375,9830,1.6814471264724555
Nc=Np*0.8,0.5999755859375,9830,1.6740581429069503
Nc=Np*0.8,0.5999755859375,9830,1.9095186548761152
Nc=Np*0.8,0.5999755859375,9830,1.6751835145345872
Nc=Np*0.8,0.5999755859375,9830,1.4974667528761567
Nc=Np*0.8,0.5999755859375,9830,1.7517148245599858
Nc=Np*0.8,0.5999755859375,9830,1.881772277428284
Nc=Np*0.8,0.5999755859375,9830,1.738270371458888
Nc=Np*0.8,0.5999755859375,9830,2.057031808452468
Nc=Np*0.8,0.5999755859375,9830,1.8353647998610976
Nc=Np*0.8,0.5999755859375,9830,1.9685752264254623
Nc=Np*0.8,0.5999755859375,9830,1.9796260065166815
Nc=Np*0.8,0.5999755859375,9830,1.65282148569835
Nc=Np*0.8,0.5999755859375,9830,1.84122531032448
Nc=Np*0.8,0.5999755859375,9830,1.8123834614903496
Nc=Np*0.8,0.5999755859375,9830,1.7287386360175596
Nc=Np*0.8,0.5999755859375,9830,1.829809151425964
Nc=Np*0.8,0.5999755859375,9830,1.7088761012771256
Nc=Np*0.8,0.5999755859375,9830,1.8847970887380003
Nc=Np*0.8,0.5999755859375,9830,1.8234569897622015
Nc=Np*0.8,0.5999755859375,9830,1.8177539687567377
Nc=Np*0.8,0.5999755859375,9830,1.6885991717832247
Nc=Np*0.8,0.5999755859375,9830,1.8342175038765105
Nc=Np*0.8,0.5999755859375,9830,1.9171357841062349
Nc=Np*0.8,0.5999755859375,9830,1.9520711554126424
Nc=Np*0.8,0.5999755859375,9830,1.80249028718515
Nc=Np*0.8,0.5999755859375,9830,1.6855580553505622
Nc=Np*0.8,0.5999755859375,9830,1.6784804358973675
Nc=Np*0.8,0.5999755859375,9830,1.804658477857252
Nc=Np*0.8,0.5999755859375,9830,1.8835573067904483
Nc=Np*0.8,0.5999755859375,9830,1.97685660127246
Nc=Np*0.8,0.5999755859375,9830,1.8724351150104264
Nc=Np*0.8,0.5999755859375,9830,1.7522119134562193
Nc=Np*0.8,0.5999755859375,9830,1.620339607276155
Nc=Np*0.8,0.5999755859375,9830,2.0040542497902245
Nc=Np*0.8,0.5999755859375,9830,1.816241695390876
Nc=Np*0.8,0.5999755859375,9830,1.81757343672936
Nc=Np*0.8,0.5999755859375,9830,2.161066693915519
Nc=Np*0.8,0.5999755859375,9830,1.9002451938150744
Nc=Np*0.8,0.5999755859375,9830,1.9092515646772807
Nc=Np*0.8,0.5999755859375,9830,1.9162487292347348
Nc=Np*0.8,0.5999755859375,9830,1.760242522916723
Nc=Np*0.8,0.5999755859375,9830,1.7786731344216873
Nc=Np*0.8,0.5999755859375,9830,1.8889556152516
Nc=Np*0.8,0.5999755859375,9830,1.7135593334008472
Nc=Np*0.8,0.5999755859375,9830,1.9158022570293696
Nc=Np*0.8,0.5999755859375,9830,1.826286335858366
Nc=Np*0.8,0.5999755859375,9830,1.8497742757715407
Nc=Np*0.8,0.699951171875,11468,1.4879402445870074
Nc=Np*0.8,0.699951171875,11468,1.4158922554947933
Nc=Np*0.8,0.699951171875,11468,1.453763054053402
Nc=Np*0.8,0.699951171875,11468,1.0944564728779775
Nc=Np*0.8,0.699951171875,11468,1.5617541014454492
Nc=Np*0.8,0.699951171875,11468,1.3585011493504486
Nc=Np*0.8,0.699951171875,11468,1.522586724373485
Nc=Np*0.8,0.699951171875,11468,1.3425056523196477
Nc=Np*0.8,0.699951171875,11468,1.344463147098868
Nc=Np*0.8,0.699951171875,11468,1.4631522031234776
Nc=Np*0.8,0.699951171875,11468,1.4921155779426043
Nc=Np*0.8,0.699951171875,11468,1.5113131535927704
Nc=Np*0.8,0.699951171875,11468,1.320989878441008
Nc=Np*0.8,0.699951171875,11468,1.5597677591676882
Nc=Np*0.8,0.699951171875,11468,1.3685106999210297
Nc=Np*0.8,0.699951171875,11468,1.1808610871373055
Nc=Np*0.8,0.699951171875,11468,1.240382903097627
Nc=Np*0.8,0.699951171875,11468,1.3297079868676829
Nc=Np*0.8,0.699951171875,11468,1.4092871856393463
Nc=Np*0.8,0.699951171875,11468,1.4492223614510489
Nc=Np*0.8,0.699951171875,11468,1.315774299175242
Nc=Np*0.8,0.699951171875,11468,1.5390753706025313
Nc=Np*0.8,0.699951171875,11468,1.308201433959784
Nc=Np*0.8,0.699951171875,11468,1.4278011734599607
Nc=Np*0.8,0.699951171875,11468,1.3427886046077229
Nc=Np*0.8,0.699951171875,11468,1.4007151548588792
Nc=Np*0.8,0.699951171875,11468,1.541907056141354
Nc=Np*0.8,0.699951171875,11468,1.2045366629589072
Nc=Np*0.8,0.699951171875,11468,1.1838511880008602
Nc=Np*0.8,0.699951171875,11468,1.203125840558657
Nc=Np*0.8,0.699951171875,11468,1.5696388330300055
Nc=Np*0.8,0.699951171875,11468,1.3093669500552747
Nc=Np*0.8,0.699951171875,11468,1.4685207780261669
Nc=Np*0.8,0.699951171875,11468,1.1934815536174186
Nc=Np*0.8,0.699951171875,11468,1.137831938825649
Nc=Np*0.8,0.699951171875,11468,1.4279113611161265
Nc=Np*0.8,0.699951171875,11468,1.4104182368476392
Nc=Np*0.8,0.699951171875,11468,1.5072946239844294
Nc=Np*0.8,0.699951171875,11468,1.3969344514721926
Nc=Np*0.8,0.699951171875,11468,1.4006208513876606
Nc=Np*0.8,0.699951171875,11468,1.2537426804428589
Nc=Np*0.8,0.699951171875,11468,1.4875251928805675
Nc=Np*0.8,0.699951171875,11468,1.204473800804629
Nc=Np*0.8,0.699951171875,11468,1.377143753248258
Nc=Np*0.8,0.699951171875,11468,1.3492102317139745
Nc=Np*0.8,0.699951171875,11468,1.3020940159113348
Nc=Np*0.8,0.699951171875,11468,1.029261275520034
Nc=Np*0.8,0.699951171875,11468,1.3745060120599564
Nc=Np*0.8,0.699951171875,11468,1.6629129288852988
Nc=Np*0.8,0.699951171875,11468,1.4540976477220415
Nc=Np*0.8,0.699951171875,11468,1.280819840754145
Nc=Np*0.8,0.699951171875,11468,1.4157890959607702
Nc=Np*0.8,0.699951171875,11468,1.3011321360039214
Nc=Np*0.8,0.699951171875,11468,1.5939749993297618
Nc=Np*0.8,0.699951171875,11468,1.3728709759786182
Nc=Np*0.8,0.699951171875,11468,1.3750738549510428
Nc=Np*0.8,0.699951171875,11468,1.2096045207511177
Nc=Np*0.8,0.699951171875,11468,1.2674354966732908
Nc=Np*0.8,0.699951171875,11468,1.5949358715597493
Nc=Np*0.8,0.699951171875,11468,1.2178579358749946
Nc=Np*0.8,0.699951171875,11468,1.1817054163197929
Nc=Np*0.8,0.699951171875,11468,1.2448873789698829
Nc=Np*0.8,0.699951171875,11468,1.3946618477966477
Nc=Np*0.8,0.699951171875,11468,1.3393713908332452
Nc=Np*0.8,0.699951171875,11468,1.6668133691951907
Nc=Np*0.8,0.699951171875,11468,1.268911468182564
Nc=Np*0.8,0.699951171875,11468,1.383240815560938
Nc=Np*0.8,0.699951171875,11468,1.1686548773888312
Nc=Np*0.8,0.699951171875,11468,1.1050434215422484
Nc=Np*0.8,0.699951171875,11468,1.387141135733249
Nc=Np*0.8,0.699951171875,11468,1.4337519084072672
Nc=Np*0.8,0.699951171875,11468,1.2281524770604042
Nc=Np*0.8,0.699951171875,11468,1.5663678669958825
Nc=Np*0.8,0.699951171875,11468,1.4938198675970649
Nc=Np*0.8,0.699951171875,11468,1.1621271331083614
Nc=Np*0.8,0.699951171875,11468,1.3368251731534526
Nc=Np*0.8,0.699951171875,11468,1.4999541243420325
Nc=Np*0.8,0.699951171875,11468,1.2970741063923104
Nc=Np*0.8,0.699951171875,11468,1.130590816760133
Nc=Np*0.8,0.699951171875,11468,1.3282584465961436
Nc=Np*0.8,0.699951171875,11468,0.9852978670455788
Nc=Np*0.8,0.699951171875,11468,1.2750999882841476
Nc=Np*0.8,0.699951171875,11468,1.4915842362177396
Nc=Np*0.8,0.699951171875,11468,1.455902674769215
Nc=Np*0.8,0.699951171875,11468,1.1229488389730808
Nc=Np*0.8,0.699951171875,11468,1.417705258593277
Nc=Np*0.8,0.699951171875,11468,1.2676333898437824
Nc=Np*0.8,0.699951171875,11468,1.1482039903238153
Nc=Np*0.8,0.699951171875,11468,1.3653018063558755
Nc=Np*0.8,0.699951171875,11468,1.4408304699779169
Nc=Np*0.8,0.699951171875,11468,1.539815650719348
Nc=Np*0.8,0.699951171875,11468,1.061356393432355
Nc=Np*0.8,0.699951171875,11468,1.3560573455476468
Nc=Np*0.8,0.699951171875,11468,1.1504807229924665
Nc=Np*0.8,0.699951171875,11468,1.332005812490817
Nc=Np*0.8,0.699951171875,11468,1.3272260674009122
Nc=Np*0.8,0.699951171875,11468,1.151643388295719
Nc=Np*0.8,0.699951171875,11468,1.3309066708876942
Nc=Np*0.8,0.699951171875,11468,1.263950364942922
Nc=Np*0.8,0.699951171875,11468,1.4979673750744829
Nc=Np*0.8,0.79998779296875,13107,0.9202116052689364
Nc=Np*0.8,0.79998779296875,13107,0.7016458978383869
Nc=Np*0.8,0.79998779296875,13107,0.831939547825036
Nc=Np*0.8,0.79998779296875,13107,0.8257255375038061
Nc=Np*0.8,0.79998779296875,13107,1.0486202872788628
Nc=Np*0.8,0.79998779296875,13107,0.9070647971258
Nc=Np*0.8,0.79998779296875,13107,1.0921885293112532
Nc=Np*0.8,0.79998779296875,13107,0.9805862099786352
Nc=Np*0.8,0.79998779296875,13107,0.7563119302769753
Nc=Np*0.8,0.79998779296875,13107,0.6027765905550502
Nc=Np*0.8,0.79998779296875,13107,0.9662586906576536
Nc=Np*0.8,0.79998779296875,13107,0.9422845376417888
Nc=Np*0.8,0.79998779296875,13107,0.7542760820118373
Nc=Np*0.8,0.79998779296875,13107,0.9475749650770664
Nc=Np*0.8,0.79998779296875,13107,0.6477939807816836
Nc=Np*0.8,0.79998779296875,13107,0.8149202077726896
Nc=Np*0.8,0.79998779296875,13107,0.860425657695783
Nc=Np*0.8,0.79998779296875,13107,0.8711510539346417
Nc=Np*0.8,0.79998779296875,13107,0.8293023839018631
Nc=Np*0.8,0.79998779296875,13107,0.8994725723189391
Nc=Np*0.8,0.79998779296875,13107,0.6868653829428067
Nc=Np*0.8,0.79998779296875,13107,0.698478357954304
Nc=Np*0.8,0.79998779296875,13107,0.6349650880551978
Nc=Np*0.8,0.79998779296875,13107,0.8322915778452411
Nc=Np*0.8,0.79998779296875,13107,0.6438085500561405
Nc=Np*0.8,0.79998779296875,13107,0.931725450773584
Nc=Np*0.8,0.79998779296875,13107,0.7007964279612597
Nc=Np*0.8,0.79998779296875,13107,0.6726138931869183
Nc=Np*0.8,0.79998779296875,13107,0.6619212798768545
Nc=Np*0.8,0.79998779296875,13107,0.6018424940216697
Nc=Np*0.8,0.79998779296875,13107,0.542647120925838
Nc=Np*0.8,0.79998779296875,13107,0.8885440610610383
Nc=Np*0.8,0.79998779296875,13107,0.8685732394062862
Nc=Np*0.8,0.79998779296875,13107,0.645149934960237
Nc=Np*0.8,0.79998779296875,13107,0.7878461557533456
Nc=Np*0.8,0.79998779296875,13107,0.8488148585685026
Nc=Np*0.8,0.79998779296875,13107,1.121275838949252
Nc=Np*0.8,0.79998779296875,13107,0.822258881650968
Nc=Np*0.8,0.79998779296875,13107,0.7167052607352694
Nc=Np*0.8,0.79998779296875,13107,1.288368598603164
Nc=Np*0.8,0.79998779296875,13107,0.7917250121957048
Nc=Np*0.8,0.79998779296875,13107,0.8483181266660109
Nc=Np*0.8,0.79998779296875,13107,0.8244180361489202
Nc=Np*0.8,0.79998779296875,13107,1.1365753420150944
Nc=Np*0.8,0.79998779296875,13107,0.787804145995182
Nc=Np*0.8,0.79998779296875,13107,0.9771359275666892
Nc=Np*0.8,0.79998779296875,13107,0.9354797572576052
Nc=Np*0.8,0.79998779296875,13107,0.8509016731879451
Nc=Np*0.8,0.79998779296875,13107,0.7723777482792857
Nc=Np*0.8,0.79998779296875,13107,0.9068950247202786
Nc=Np*0.8,0.79998779296875,13107,1.0038688078246203
Nc=Np*0.8,0.79998779296875,13107,0.7843948745422945
Nc=Np*0.8,0.79998779296875,13107,1.0031020929349044
Nc=Np*0.8,0.79998779296875,13107,0.6878633296557423
Nc=Np*0.8,0.79998779296875,13107,1.0907381392782662
Nc=Np*0.8,0.79998779296875,13107,0.7734327158442593
Nc=Np*0.8,0.79998779296875,13107,0.5108038695491136
Nc=Np*0.8,0.79998779296875,13107,0.5956874887216673
Nc=Np*0.8,0.79998779296875,13107,1.224969124571147
Nc=Np*0.8,0.79998779296875,13107,0.7622277480211461
Nc=Np*0.8,0.79998779296875,13107,0.6148469258753686
Nc=Np*0.8,0.79998779296875,13107,0.9602539984691644
Nc=Np*0.8,0.79998779296875,13107,0.8015736995604318
Nc=Np*0.8,0.79998779296875,13107,0.6336196346812061
Nc=Np*0.8,0.79998779296875,13107,0.6994447094113928
Nc=Np*0.8,0.79998779296875,13107,0.6741145190296666
Nc=Np*0.8,0.79998779296875,13107,0.8951176110069143
Nc=Np*0.8,0.79998779296875,13107,0.9114910778648556
Nc=Np*0.8,0.79998779296875,13107,0.6014186992318806
Nc=Np*0.8,0.79998779296875,13107,0.784977120188737
Nc=Np*0.8,0.79998779296875,13107,0.8687978090249608
Nc=Np*0.8,0.79998779296875,13107,0.8485918746740554
Nc=Np*0.8,0.79998779296875,13107,0.5992909773238033
Nc=Np*0.8,0.79998779296875,13107,1.0343791853968127
Nc=Np*0.8,0.79998779296875,13107,1.141918323933959
Nc=Np*0.8,0.79998779296875,13107,1.25067863679537
Nc=Np*0.8,0.79998779296875,13107,0.8737530783288636
Nc=Np*0.8,0.79998779296875,13107,0.9295965690547952
Nc=Np*0.8,0.79998779296875,13107,1.127229636322281
Nc=Np*0.8,0.79998779296875,13107,0.8156054488129701
Nc=Np*0.8,0.79998779296875,13107,0.690543104112249
Nc=Np*0.8,0.79998779296875,13107,0.6614983447665559
Nc=Np*0.8,0.79998779296875,13107,0.872251318408388
Nc=Np*0.8,0.79998779296875,13107,0.8203111113678857
Nc=Np*0.8,0.79998779296875,13107,0.5940916005933249
Nc=Np*0.8,0.79998779296875,13107,0.8204617171661764
Nc=Np*0.8,0.79998779296875,13107,0.7179975699048268
Nc=Np*0.8,0.79998779296875,13107,0.7238817962440169
Nc=Np*0.8,0.79998779296875,13107,1.0742301054565386
Nc=Np*0.8,0.79998779296875,13107,0.8389820984470481
Nc=Np*0.8,0.79998779296875,13107,0.5801445728125952
Nc=Np*0.8,0.79998779296875,13107,0.8675262664751939
Nc=Np*0.8,0.79998779296875,13107,0.7423030620200302
Nc=Np*0.8,0.79998779296875,13107,0.9441160321984656
Nc=Np*0.8,0.79998779296875,13107,0.9532202714947774
Nc=Np*0.8,0.79998779296875,13107,1.0264165331569703
Nc=Np*0.8,0.79998779296875,13107,1.2664389212074654
Nc=Np*0.8,0.79998779296875,13107,1.1743245838759773
Nc=Np*0.8,0.79998779296875,13107,0.7917321631269403
Nc=Np*0.8,0.79998779296875,13107,0.9835783846700308
